sha256,type,periode,url,nom_fichier,taille_octets,date_collecte_utc,release_tag
d659e3ca8be64bb46dd69b6116bd55fbb5d3cb2080a7d56d732e3dcdc5d6da46,boc,2018-01,https://www.brvm.org/sites/default/files/boc_20180131.pdf,boc_20180131.pdf,658252,2026-07-08T10:25:57.528083+00:00,boc-2018
da196fa02fcace431090b9719a48a9507f4ea96bbca9d6dfdb4c1888f6226ca8,boc,2018-02,https://www.brvm.org/sites/default/files/boc_20180228.pdf,boc_20180228.pdf,721155,2026-07-08T10:26:30.006666+00:00,boc-2018
843e6ac5575de6398a088c23f25bd55005a58e70675700549330e61d2a8d4c8f,boc,2018-03,https://www.brvm.org/sites/default/files/boc_20180330.pdf,boc_20180330.pdf,674198,2026-07-08T10:27:03.922346+00:00,boc-2018
6e0c975bd20f9802c68e5a6b7e8d71723286835bdb0fe0303ea8b34f000c1c83,boc,2018-04,https://www.brvm.org/sites/default/files/boc_20180430.pdf,boc_20180430.pdf,737212,2026-07-08T10:27:36.681632+00:00,boc-2018
00b6863fefc8762bd6c0f8dd1769819cce571537c1c884aef9792a0be3dccc3b,boc,2018-05,https://www.brvm.org/sites/default/files/boc_20180531.pdf,boc_20180531.pdf,689484,2026-07-08T10:28:11.270108+00:00,boc-2018
658a0bea84ee41df126b31cff8b5246e2bb9463070b1b9a14fe6dc4dabf10c3a,boc,2018-06,https://www.brvm.org/sites/default/files/boc_20180629.pdf,boc_20180629.pdf,689885,2026-07-08T10:28:44.135561+00:00,boc-2018
7593cc14a9586f6ce7b76a3ccbb71f977232d81593a334000597fe87e8737706,boc,2018-07,https://www.brvm.org/sites/default/files/boc_20180731.pdf,boc_20180731.pdf,957285,2026-07-08T10:29:17.509865+00:00,boc-2018
8a34985f7d0144d19281fdff9b96190513a6c4c137bea9f98c1fd34861e2e2e4,boc,2018-08,https://www.brvm.org/sites/default/files/boc_20180831.pdf,boc_20180831.pdf,3310526,2026-07-08T10:29:51.445189+00:00,boc-2018
24f6d8d829759ab3e6620aae0660deffdb32ecd0590840eb710e9c5eb4749b6c,boc,2018-09,https://www.brvm.org/sites/default/files/boc_20180928.pdf,boc_20180928.pdf,3121506,2026-07-08T10:30:27.701704+00:00,boc-2018
18ce6f6bb0f23ef3e78c3107b37250028605da63d3496907e24833883ff9fd6f,boc,2018-10,https://www.brvm.org/sites/default/files/boc_20181031.pdf,boc_20181031.pdf,936023,2026-07-08T10:31:02.802219+00:00,boc-2018
67a4f6cc480958ec9189915942f70353f68bcf6854df651fd267447c8f743c97,boc,2018-11,https://www.brvm.org/sites/default/files/boc_20181130.pdf,boc_20181130.pdf,948610,2026-07-08T10:31:35.636248+00:00,boc-2018
83cee968f688943632d1e51cd1256a86215d4519b319ea41d91316aa8978518e,boc,2018-12,https://www.brvm.org/sites/default/files/boc_20181231.pdf,boc_20181231.pdf,1167275,2026-07-08T10:32:08.857269+00:00,boc-2018
3559a2bb44a6563a02fc1edf9aba0948594f30f866b9b6b317be08db8758b0cc,boc,2019-01,https://www.brvm.org/sites/default/files/boc_20190131.pdf,boc_20190131.pdf,1004474,2026-07-08T10:32:42.519558+00:00,boc-2019
27deeef49f1f2deec0f07de3584c28851be0f3ae4bd3c39430f0322fa8de8ccd,boc,2019-02,https://www.brvm.org/sites/default/files/boc_20190228.pdf,boc_20190228.pdf,924279,2026-07-08T10:33:15.349588+00:00,boc-2019
2765ac8160377e014cacd511ba2602c0d514844053565324567a01501979ff3b,boc,2019-03,https://www.brvm.org/sites/default/files/boc_20190329.pdf,boc_20190329.pdf,937227,2026-07-08T10:33:48.361962+00:00,boc-2019
1fab03b6712a8d8f46ef0d3d42386b91de37f132576a00e6c82a394fba7d82f9,boc,2019-04,https://www.brvm.org/sites/default/files/boc_20190430.pdf,boc_20190430.pdf,936939,2026-07-08T10:34:24.783489+00:00,boc-2019
82b5fbedeee5edd9a27319bfc77320c190d28b1f018d1b1c89d4a37db66837c6,boc,2019-05,https://www.brvm.org/sites/default/files/boc_20190531.pdf,boc_20190531.pdf,1270533,2026-07-08T10:35:00.621955+00:00,boc-2019
36a1b7ebb9d4918c2af628f96fac1bbd78dd07f58be7f54a3822ad7defad5ef3,boc,2019-06,https://www.brvm.org/sites/default/files/boc_20190628.pdf,boc_20190628.pdf,951607,2026-07-08T10:35:36.979767+00:00,boc-2019
834040efa34f7ed3bd78538ea45b1f0f5a98df060993c20dce7d880444991b87,boc,2019-07,https://www.brvm.org/sites/default/files/boc_20190731.pdf,boc_20190731.pdf,1203534,2026-07-08T10:36:13.283188+00:00,boc-2019
4a3be0d2a1de356d907fddbb248e71cab9c464e5f4c658bb42b70cb69ca92009,boc,2019-08,https://www.brvm.org/sites/default/files/boc_20190830.pdf,boc_20190830.pdf,884224,2026-07-08T10:36:47.774870+00:00,boc-2019
c6b6ad1d338da9541fb4b84cc4af288757c9de9741740f7935956355e3605ba1,boc,2019-09,https://www.brvm.org/sites/default/files/boc_20190930.pdf,boc_20190930.pdf,880377,2026-07-08T10:37:20.232294+00:00,boc-2019
513408423d2a0f72f08abba8d78e2d11020db0e04a1c0b26745d711c73f981e4,boc,2019-10,https://www.brvm.org/sites/default/files/boc_20191031.pdf,boc_20191031.pdf,962446,2026-07-08T10:37:53.411401+00:00,boc-2019
4252eac7f31541da664e9722e17093250477f3140e0715ca681aea17beedf3a0,boc,2019-11,https://www.brvm.org/sites/default/files/boc_20191129.pdf,boc_20191129.pdf,1209372,2026-07-08T10:38:30.483157+00:00,boc-2019
31c08df2707ec255474e5905d8e605d84884d7dd062c0f7efaa479325dba7a09,boc,2019-12,https://www.brvm.org/sites/default/files/boc_20191231.pdf,boc_20191231.pdf,956474,2026-07-08T10:39:03.061347+00:00,boc-2019
91ca5f701cbc5657d20d1baf6bb506ba1465e1741408c3da040d14899c02167c,boc,2020-01,https://www.brvm.org/sites/default/files/boc_20200131.pdf,boc_20200131.pdf,946363,2026-07-08T10:39:36.374704+00:00,boc-2020
af6e13d31a662c0acaef20b5342cbce5605b2b5382a2b0f79e0c4ce7fcc2a77f,boc,2020-02,https://www.brvm.org/sites/default/files/boc_20200228.pdf,boc_20200228.pdf,958818,2026-07-08T10:40:09.557490+00:00,boc-2020
7c2806d9fc0907f821bc9db3ea1b76ccfddd61b2772890d4cb8ddb0b21896bbb,boc,2020-03,https://www.brvm.org/sites/default/files/boc_20200331.pdf,boc_20200331.pdf,980549,2026-07-08T10:40:43.185624+00:00,boc-2020
75b36b26044857b089df0c5ef5ba5cbb90d698c5c40f023e5589703eec5afb8d,boc,2020-04,https://www.brvm.org/sites/default/files/boc_20200430.pdf,boc_20200430.pdf,995773,2026-07-08T10:41:17.341586+00:00,boc-2020
0e395816e473d6cd0d7e2b1198ee57d2a3a1ec822bc7bd9b5809ff3bd7b65f83,boc,2020-05,https://www.brvm.org/sites/default/files/boc_20200529.pdf,boc_20200529.pdf,1197494,2026-07-08T10:41:50.327859+00:00,boc-2020
440387c9d58fd6d2475c864bd246167d9f6cd20c9491933dc50e521c0f37ac75,boc,2020-06,https://www.brvm.org/sites/default/files/boc_20200630.pdf,boc_20200630.pdf,1012091,2026-07-08T10:42:23.827518+00:00,boc-2020
51415398d70b463b6ccbb15072d347d7c55816796b2b9fb51ff0570f600f2673,boc,2020-07,https://www.brvm.org/sites/default/files/boc_20200730.pdf,boc_20200730.pdf,980965,2026-07-08T10:43:35.295387+00:00,boc-2020
efe53743dad3b99bc5436406ba345ce18c8f46553d0d38c2e104f1a68a52fca0,boc,2020-08,https://www.brvm.org/sites/default/files/boc_20200831.pdf,boc_20200831.pdf,969762,2026-07-08T10:44:08.787517+00:00,boc-2020
1833b3645b05e121bd7fe7b2055e614b5e09e14249d798869f4480cd0fb74b38,boc,2020-09,https://www.brvm.org/sites/default/files/boc_20200930.pdf,boc_20200930.pdf,986738,2026-07-08T10:44:42.256846+00:00,boc-2020
1cd36de18b4789a9fcdd2546877a633006bf8571789abd658caeadc9904abee8,boc,2020-10,https://www.brvm.org/sites/default/files/boc_20201030.pdf,boc_20201030.pdf,1017316,2026-07-08T10:45:19.093808+00:00,boc-2020
2f634947cb2e34c887fc7e9c24b444999fe0b3c4613207b27315cb5bef12570b,boc,2020-11,https://www.brvm.org/sites/default/files/boc_20201130.pdf,boc_20201130.pdf,1008500,2026-07-08T10:45:53.688378+00:00,boc-2020
63931c8d265fe02650246521e0551b2f753a358df88813a5f5c62af050eac69d,boc,2020-12,https://www.brvm.org/sites/default/files/boc_20201231.pdf,boc_20201231.pdf,1247349,2026-07-08T10:46:26.272946+00:00,boc-2020
079d613eacd6afa0cf472cdf71a89e8bdd925279cbd84483fed8757ec22d327c,boc,2021-01,https://www.brvm.org/sites/default/files/boc_20210129.pdf,boc_20210129.pdf,962224,2026-07-08T10:46:58.789003+00:00,boc-2021
5b1c236542c5e0d9fc9ebc217bba4905316d04d7e732799b0dfcf7c26c2261b3,boc,2021-02,https://www.brvm.org/sites/default/files/boc_20210226.pdf,boc_20210226.pdf,911109,2026-07-08T10:47:31.582151+00:00,boc-2021
a2730dd0247dad974963aca3c469ab0f0968f6dfd38264b847f7462de4701b36,boc,2021-03,https://www.brvm.org/sites/default/files/boc_20210331.pdf,boc_20210331.pdf,921163,2026-07-08T10:48:04.595030+00:00,boc-2021
1a8fb932dfccc4f6b5413460035da70a6c87d915a8a05191c1415a68f922b24a,boc,2021-04,https://www.brvm.org/sites/default/files/boc_20210430.pdf,boc_20210430.pdf,910803,2026-07-08T10:48:41.628253+00:00,boc-2021
a48a76c5ffb69e11de7f52c9a9631b433e98e41250bfbce439827a1d0d58e9fd,boc,2021-06,https://www.brvm.org/sites/default/files/boc_20210625.pdf,boc_20210625.pdf,1382368,2026-07-08T10:53:04.892396+00:00,boc-2021
ceb615c280f232ec3cc1b3ff91b21241df376f191c3ab9714c7b6b0c780f72dc,boc,2021-07,https://www.brvm.org/sites/default/files/boc_20210730.pdf,boc_20210730.pdf,1187958,2026-07-08T10:53:37.852992+00:00,boc-2021
86c30b7b7393890e32a282f95eeb3467046271e884fd354463afb471a5eb267b,boc,2021-09,https://www.brvm.org/sites/default/files/boc_20210928.pdf,boc_20210928.pdf,915319,2026-07-08T10:57:29.547344+00:00,boc-2021
53d9a152185c38d5ea7209f7689a74763ee08aa364b822ac2bc115b9530c6792,boc,2021-11,https://www.brvm.org/sites/default/files/boc_20211130_2.pdf,boc_20211130_2.pdf,1022772,2026-07-08T10:59:52.007088+00:00,boc-2021
8fa1ab56ce76607236e33a1e1dd4b89f88f5eac244ecb139f1817f362f38a0db,boc,2021-12,https://www.brvm.org/sites/default/files/boc_20211231_2.pdf,boc_20211231_2.pdf,1009810,2026-07-08T11:00:03.131551+00:00,boc-2021
5089f0f1232da28fcc9009c6801ad5390642597e62b6748b9424b5b6579bda23,boc,2022-01,https://www.brvm.org/sites/default/files/boc_20220131_2.pdf,boc_20220131_2.pdf,929348,2026-07-08T11:00:14.244804+00:00,boc-2022
040eccdfa0b0e7d01a718b7a5ff107e4b55754eca6a61a120776bb87fabddeb7,boc,2022-02,https://www.brvm.org/sites/default/files/boc_20220228_2.pdf,boc_20220228_2.pdf,942272,2026-07-08T11:00:25.360348+00:00,boc-2022
25a147956e0178e6d59b4723e0b4c9f63a8fc9a440559faecc5b6011655c69a8,boc,2022-03,https://www.brvm.org/sites/default/files/boc_20220331_2.pdf,boc_20220331_2.pdf,1022734,2026-07-08T11:00:36.564950+00:00,boc-2022
1e25aadd040dcf91111d7a20ee362121b8668eb4ee823aa54b756ca389c1b4a7,boc,2022-04,https://www.brvm.org/sites/default/files/boc_20220429_2.pdf,boc_20220429_2.pdf,1026072,2026-07-08T11:00:47.686699+00:00,boc-2022
8f3325f785651812402ec5cef20ec85074561b4922518b10e6870c87572d5fed,boc,2022-05,https://www.brvm.org/sites/default/files/boc_20220531_2.pdf,boc_20220531_2.pdf,1008332,2026-07-08T11:00:58.932607+00:00,boc-2022
4bba0c5bf2debf0fd6971bde1dd6087ec101e9c52fec1e6f735b45db8b5487c8,boc,2022-06,https://www.brvm.org/sites/default/files/boc_20220630_2.pdf,boc_20220630_2.pdf,1018375,2026-07-08T11:01:10.048047+00:00,boc-2022
be53708d9f73c73e76b927386a1a8178accde9f75387dd0405f1b36c2ecc2f41,boc,2022-07,https://www.brvm.org/sites/default/files/boc_20220729_2.pdf,boc_20220729_2.pdf,1035663,2026-07-08T11:01:21.166843+00:00,boc-2022
958ba4acba72c21d63505272c94dc46fc0f1c9f8899264f332bbcea46e1c34f5,boc,2022-08,https://www.brvm.org/sites/default/files/boc_20220831.pdf,boc_20220831.pdf,5966797,2026-07-08T11:01:54.368534+00:00,boc-2022
14e8fefda1039c1c5e34c60ed7b34a9d097b36e877a21d51334c9b23b961f6d5,boc,2022-09,https://www.brvm.org/sites/default/files/boc_20220930_2.pdf,boc_20220930_2.pdf,1040035,2026-07-08T11:02:05.474244+00:00,boc-2022
f23c3a8e79c82be7c7fb7586964f0ce664d2a122a812ece6a9d2c37ce6f8ffc7,boc,2022-10,https://www.brvm.org/sites/default/files/boc_20221031_2.pdf,boc_20221031_2.pdf,1042801,2026-07-08T11:02:16.585687+00:00,boc-2022
c57926fbd27e436b051f0fb77e3c20fd7897b35bd62bad9d99e54c910b6d6b29,boc,2022-11,https://www.brvm.org/sites/default/files/boc_20221130_2.pdf,boc_20221130_2.pdf,1033275,2026-07-08T11:02:27.694135+00:00,boc-2022
cda56eb7c6016001b585ddb8e340ce5c55ba19bf7aa0bd2efcf3ef0c5207f142,boc,2022-12,https://www.brvm.org/sites/default/files/boc_20221230_2.pdf,boc_20221230_2.pdf,1038835,2026-07-08T11:02:38.797710+00:00,boc-2022
941b2d2ec23bc6f335d722e1d66366c7723ef7a17bf2aef1973e18f260189236,boc,2023-01,https://www.brvm.org/sites/default/files/boc_20230131_2.pdf,boc_20230131_2.pdf,822341,2026-07-08T11:02:49.747937+00:00,boc-2023
1ec8dd6012f1e13ef1af2960904d0316ed0006f24fd1979564b4bc7f83c71874,boc,2023-02,https://www.brvm.org/sites/default/files/boc_20230228_2.pdf,boc_20230228_2.pdf,801738,2026-07-08T11:03:00.716005+00:00,boc-2023
704a39860cb234924be9385611e5199ef1b61fc662f8905bdc40d85d90217d0b,boc,2023-03,https://www.brvm.org/sites/default/files/boc_20230331_2.pdf,boc_20230331_2.pdf,802389,2026-07-08T11:03:11.675284+00:00,boc-2023
d20396bee9326c7c8a2926b692a04b8ba90e75beb50b7dabd104498eb256a62c,boc,2023-04,https://www.brvm.org/sites/default/files/boc_20230428_2.pdf,boc_20230428_2.pdf,836058,2026-07-08T11:03:22.789453+00:00,boc-2023
c274c7ece068fa9f971bf429dbea440e1f9e4df1e39bc2c75e92b0f64810b9f6,boc,2023-05,https://www.brvm.org/sites/default/files/boc_20230531_2.pdf,boc_20230531_2.pdf,806935,2026-07-08T11:03:33.757683+00:00,boc-2023
4965e836a5109a747dee3a0771320d3a4985c140f5d29906020f2e69cdaeef25,boc,2023-06,https://www.brvm.org/sites/default/files/boc_20230630_2.pdf,boc_20230630_2.pdf,813164,2026-07-08T11:03:44.693482+00:00,boc-2023
457743363aeb45ecb99b9b7049690b2490b817ee76088de08fc1a9ec4210bd78,boc,2023-07,https://www.brvm.org/sites/default/files/boc_20230731_2.pdf,boc_20230731_2.pdf,793998,2026-07-08T11:03:55.630923+00:00,boc-2023
2cf76e46e7dbcd3886ee5727155af418095382f027673fade938378dcdfc27f1,boc,2023-08,https://www.brvm.org/sites/default/files/boc_20230831.pdf,boc_20230831.pdf,1093905,2026-07-08T11:04:30.362366+00:00,boc-2023
79402ddbd1514e0fbac7a19d72c1433be38bf4e005285b861c6e0f05f431373f,boc,2023-09,https://www.brvm.org/sites/default/files/boc_20230929_2.pdf,boc_20230929_2.pdf,910159,2026-07-08T11:04:41.472216+00:00,boc-2023
71ec3418835b3c44a6511faef99c8120ff426759f0cc22ae339b8c4de7c67d24,boc,2023-10,https://www.brvm.org/sites/default/files/boc_20231031_2.pdf,boc_20231031_2.pdf,925758,2026-07-08T11:04:52.558916+00:00,boc-2023
bec677443ccf6d67e3e96516b9e5602ed98fa98e2874d8985b4a0ee0b1600524,boc,2023-11,https://www.brvm.org/sites/default/files/boc_20231130_2.pdf,boc_20231130_2.pdf,928296,2026-07-08T11:05:03.644517+00:00,boc-2023
588856e6bec2c9f3f6fc516cacc027be65923e55c82af5a015d4ae7e7a311da2,boc,2023-12,https://www.brvm.org/sites/default/files/boc_20231229_2.pdf,boc_20231229_2.pdf,927188,2026-07-08T11:05:14.731075+00:00,boc-2023
86c7636f62dfc3f95e615490e54a8df47a97283c8074992885b2af176e3d2faf,boc,2024-01,https://www.brvm.org/sites/default/files/boc_20240131_2.pdf,boc_20240131_2.pdf,660207,2026-07-08T11:05:25.664767+00:00,boc-2024
d8407287916f09440669bffee9ba969d8ef2482500ae467e2106d9cab9dc3deb,boc,2024-02,https://www.brvm.org/sites/default/files/boc_20240229_2.pdf,boc_20240229_2.pdf,662206,2026-07-08T11:05:36.599992+00:00,boc-2024
0653b992d526202ace7c94a0fbaec7b4a0dab355c4ada8abc320be06a34fe76f,boc,2024-03,https://www.brvm.org/sites/default/files/boc_20240329_2.pdf,boc_20240329_2.pdf,669288,2026-07-08T11:05:47.536714+00:00,boc-2024
a4875678e36a3c4a7e18bcee6cdbf9ab769b1438ff12bef0e4da8ffd884d2027,boc,2024-04,https://www.brvm.org/sites/default/files/boc_20240430_2.pdf,boc_20240430_2.pdf,751747,2026-07-08T11:05:58.492987+00:00,boc-2024
2d1efd23575e3f73c8d2b8105c64c3ffbbf7d26c129d3fc8b2c1d5efb1a21d5e,boc,2024-05,https://www.brvm.org/sites/default/files/boc_20240531_2.pdf,boc_20240531_2.pdf,739097,2026-07-08T11:06:09.453488+00:00,boc-2024
5fce38f1624dc20a15fe5ebe0a5521342d0ffc8009ab2807c43abc1b31bc472c,boc,2024-06,https://www.brvm.org/sites/default/files/boc_20240628_2.pdf,boc_20240628_2.pdf,760040,2026-07-08T11:06:20.411372+00:00,boc-2024
d1a228947450067cae59cf698e24fe556bd1e3037f64619c00091e27b5130d26,boc,2026-07,https://www.brvm.org/sites/default/files/boc_20260707_2.pdf,boc_20260707_2.pdf,1226858,2026-07-08T13:58:03.759936+00:00,boc-2026
83275f6aabdb56738dae9db3292bdf7c81efb99f47eeb91d5ffae94ff82ce4bd,boc,2026-06,https://www.brvm.org/sites/default/files/boc_20260630_2.pdf,boc_20260630_2.pdf,910998,2026-07-08T13:58:14.808498+00:00,boc-2026
4492ebb5ae1b804e384e9259dec6c818bb4e7f51fa0bd43be43c59454e64541a,boc,2026-05,https://www.brvm.org/sites/default/files/boc_20260529_2.pdf,boc_20260529_2.pdf,965522,2026-07-08T13:58:25.857976+00:00,boc-2026
1fdd4ee63b47c1aa4a208feb5cf01502f99c0043781652a2f26d6548c58ed865,boc,2026-04,https://www.brvm.org/sites/default/files/boc_20260430_2.pdf,boc_20260430_2.pdf,960978,2026-07-08T13:58:36.910792+00:00,boc-2026
f13097563a1cfc1958cdc13c7ac7508604bc636610d0aaed2ea3d129bc934879,boc,2026-03,https://www.brvm.org/sites/default/files/boc_20260331_2.pdf,boc_20260331_2.pdf,889628,2026-07-08T13:58:47.956694+00:00,boc-2026
131c75c9910ee9c8c95d9162a9456379cb6bd639e6dbaed624f3fa2e98a7e57c,boc,2026-02,https://www.brvm.org/sites/default/files/boc_20260227_2.pdf,boc_20260227_2.pdf,865213,2026-07-08T13:58:58.858973+00:00,boc-2026
d207a2b9a9ff678e71121eed13056575a0088f08846cdcd7a8c1d57fc3c6f437,boc,2026-01,https://www.brvm.org/sites/default/files/boc_20260130_2.pdf,boc_20260130_2.pdf,837392,2026-07-08T13:59:09.765801+00:00,boc-2026
1b586d313cbf23d83239dd48425d6454b6f9193f6cc53ff38bd794fabe444a03,boc,2025-12,https://www.brvm.org/sites/default/files/boc_20251231_2.pdf,boc_20251231_2.pdf,827138,2026-07-08T13:59:20.666853+00:00,boc-2025
a04f8e66ef30e3a7d1a5b6ac8ba8139ad09a897bef710bf04cfcff5bb7a59d81,boc,2025-11,https://www.brvm.org/sites/default/files/boc_20251128_2.pdf,boc_20251128_2.pdf,848929,2026-07-08T13:59:31.569245+00:00,boc-2025
8a225425e6d79d8f2c0fd54e5b3282242c78426bbbe61fe9d8cce43ca6b8478b,boc,2025-10,https://www.brvm.org/sites/default/files/boc_20251031_2.pdf,boc_20251031_2.pdf,850866,2026-07-08T13:59:42.468988+00:00,boc-2025
80494a702749ab4fba738497699c0834234b5c2a32c1a3faa35df04e678a27d3,boc,2025-09,https://www.brvm.org/sites/default/files/boc_20250930_2.pdf,boc_20250930_2.pdf,874960,2026-07-08T13:59:53.513799+00:00,boc-2025
9d3ce77cb36e4e7dc86b796f6be57dfe21d6d4ec311f5a4e53a0add357c45352,boc,2025-08,https://www.brvm.org/sites/default/files/boc_20250829_2.pdf,boc_20250829_2.pdf,832423,2026-07-08T14:00:04.414016+00:00,boc-2025
af955154d8af93dd667a5e62a39d5f6a22c26e217410cb7fae3b57f5506a5458,boc,2025-07,https://www.brvm.org/sites/default/files/boc_20250731_2.pdf,boc_20250731_2.pdf,798491,2026-07-08T14:00:15.320283+00:00,boc-2025
6ecbf6ca72434f073a142eb99fa33c79555a31a17c02609bbf161f798850f410,boc,2025-06,https://www.brvm.org/sites/default/files/boc_20250630_2.pdf,boc_20250630_2.pdf,826897,2026-07-08T14:00:26.232921+00:00,boc-2025
5134f7c8cca914aa23ab04947ff706a5c3ecac450ad7394ab8d5bc9bf229190e,boc,2025-05,https://www.brvm.org/sites/default/files/boc_20250530_2.pdf,boc_20250530_2.pdf,824921,2026-07-08T14:00:37.146221+00:00,boc-2025
24adf622908902c08cdd8afce5b3f11df662c7a892299cf491e42bd769a1283a,boc,2025-04,https://www.brvm.org/sites/default/files/boc_20250430_2.pdf,boc_20250430_2.pdf,791715,2026-07-08T14:00:48.102199+00:00,boc-2025
1cdd8ecf484e733985ef88a4b28cfccce669961ac29f15953d8413e0aaa0880d,boc,2025-03,https://www.brvm.org/sites/default/files/boc_20250328_2.pdf,boc_20250328_2.pdf,828047,2026-07-08T14:01:35.910768+00:00,boc-2025
555a06b5109251c083fa848266aebeb205ae4d3db0b57557fb0e712cfb1c7ba3,boc,2025-02,https://www.brvm.org/sites/default/files/boc_20250228_2.pdf,boc_20250228_2.pdf,752503,2026-07-08T14:01:46.839475+00:00,boc-2025
12447198341a58baabbe5b1b49067c5631c742a8decc6208d81e879a8ba71392,boc,2025-01,https://www.brvm.org/sites/default/files/boc_20250131_2.pdf,boc_20250131_2.pdf,747736,2026-07-08T14:01:57.739009+00:00,boc-2025
c64ddad66c4ca3fb198f0298fe9f6a4bcb279e680b1cbf2164f764810f1a6df9,boc,2024-12,https://www.brvm.org/sites/default/files/boc_20241231_2.pdf,boc_20241231_2.pdf,758820,2026-07-08T14:02:08.637724+00:00,boc-2024
224aa31ad440fdede1445548b4c98f214463bee25b06b8b49b7752b6218c0f1d,boc,2024-11,https://www.brvm.org/sites/default/files/boc_20241129_2.pdf,boc_20241129_2.pdf,760451,2026-07-08T14:02:19.536952+00:00,boc-2024
435788c1e44aa9b15e099a05a31e542bc7af9da48e79d024a3130635ad9444d2,boc,2024-10,https://www.brvm.org/sites/default/files/boc_20241031_2.pdf,boc_20241031_2.pdf,778093,2026-07-08T14:02:30.438774+00:00,boc-2024
da152d0c4ae41c0b788f1f7a4252aa76310a830f32f50beaf60afd7424f6de93,boc,2024-09,https://www.brvm.org/sites/default/files/boc_20240930_2.pdf,boc_20240930_2.pdf,763148,2026-07-08T14:02:41.337511+00:00,boc-2024
a5a5944d4efa2fdde46418c0ac80b7e1615d531b83716df5a1c5125adfa992ed,boc,2024-08,https://www.brvm.org/sites/default/files/boc_20240830_2.pdf,boc_20240830_2.pdf,761686,2026-07-08T14:02:52.242727+00:00,boc-2024
f97085d364def9ceb05493188e86348cd69ed54b0e798d66d158da3c5c88e48d,boc,2024-07,https://www.brvm.org/sites/default/files/boc_20240731.pdf,boc_20240731.pdf,712885,2026-07-08T14:03:27.092294+00:00,boc-2024
e48a3b41ebcec37af36451c24b88133b00c9a6d0bf72744764c3baaba2d71e49,rapport,2026,https://www.brvm.org/sites/default/files/20260626_-_etats_financiers_-_exercice_2025_-_erium_ci.pdf,907f3e4a_20260626_-_etats_financiers_-_exercice_2025_-_erium_ci.pdf,473205,2026-07-08T14:11:33.676393+00:00,rapports-2026
613af5e8f2897844436dd1c8629e394a3778e66b0c7280eab86aba03d82f85b4,rapport,2026,https://www.brvm.org/sites/default/files/20260130_-_attestation_des_commissaires_aux_comptes_sur_le_rapport_dactivites_-_1er_semestre_2025_-_erium_ci.pdf,936e66b1_20260130_-_attestation_des_commissaires_aux_comptes_sur_le_rapport_dactivites_-_1er_semestre_2025_-_erium_ci.pdf,1716232,2026-07-08T14:11:44.873951+00:00,rapports-2026
890ab3dfb48b58ec48bbe17783576658bd96bb51db83f607517887b6d057dbc2,rapport,2025,https://www.brvm.org/sites/default/files/20251231_-_erium_ci_resultat_3t2025_annule_et_remplace_le_precedent_publie.pdf,5b416014_20251231_-_erium_ci_resultat_3t2025_annule_et_remplace_le_precedent_publie.pdf,185609,2026-07-08T14:11:55.485720+00:00,rapports-2025
e2732082543981617a55e066b0d1a3c048bdd957a0e386eb79b5215d2b4ef7fe,rapport,2025,https://www.brvm.org/sites/default/files/20251230_-_rapport_dactivites_-_1er_semestre_2025_-_erium_ci.pdf,019ab4ea_20251230_-_rapport_dactivites_-_1er_semestre_2025_-_erium_ci.pdf,360300,2026-07-08T14:12:06.243029+00:00,rapports-2025
91cf52fbb345dc3475cfa1580f8355b664161ad811337be5e0c9c451ff1a0324,rapport,2025,https://www.brvm.org/sites/default/files/20251219_-_rapport_dactivites_-_1er_trimestre_2025_-_erium_ci_ex_air_liquide_ci.pdf,4d6abcd4_20251219_-_rapport_dactivites_-_1er_trimestre_2025_-_erium_ci_ex_air_liquide_ci.pdf,190260,2026-07-08T14:12:16.845764+00:00,rapports-2025
bdf10c31697af54108ff88def3c79d8767de2e2aadea799725ce1f3cbfb91621,rapport,2025,https://www.brvm.org/sites/default/files/20251205_-_rapport_des_cacs_sur_les_etats_financiers_-_air_liquide_ci.pdf,9e45566d_20251205_-_rapport_des_cacs_sur_les_etats_financiers_-_air_liquide_ci.pdf,1314747,2026-07-08T14:12:27.896833+00:00,rapports-2025
d271e0064a9cfea43a7bacdd179b5b8633af44b9193745f47f1e757386bca067,rapport,2025,https://www.brvm.org/sites/default/files/20251205_-_rapport_des_cacs_sur_les_etats_financiers_au_ca_-_air_liquide_ci.pdf,36261938_20251205_-_rapport_des_cacs_sur_les_etats_financiers_au_ca_-_air_liquide_ci.pdf,966795,2026-07-08T14:12:38.943606+00:00,rapports-2025
2115c3e9999905d535d2b35b6e924c535d2bbc943eb70ced3d7bd8aa0cd7de2d,rapport,2025,https://www.brvm.org/sites/default/files/20251205_-_attestation_des_cacs_sur_le_montant_global_des_remunerations_versees_aux_cinq_dirigeants_sociaux_et_salaries_les_mieux_remuneres_-_air_liquide_ci.pdf,b31696e4_20251205_-_attestation_des_cacs_sur_le_montant_global_des_remunerations_versees_aux_cinq_dirigeants_sociaux_et_salaries_les_mieux_remuneres_-_air_liquide_ci.pdf,782732,2026-07-08T14:12:49.843471+00:00,rapports-2025
80c97906aea6e3776c362f0271244b630377ca98a6c29257094305a9735e8736,rapport,2024,https://www.brvm.org/sites/default/files/20240718_-_rapport_des_cac_sur_les_etats_financiers_annuels_-_air_liquide_ci.pdf,a53d662d_20240718_-_rapport_des_cac_sur_les_etats_financiers_annuels_-_air_liquide_ci.pdf,5960024,2026-07-08T14:13:01.487485+00:00,rapports-2024
4b50812c60938ef0191ac95bfbcb1e4563dfbde06b2bff92e7b6d9b12c547a9b,rapport,2024,https://www.brvm.org/sites/default/files/20240717_-_rapport_dactivites_-_1er_semestre_2023_-_air_liquide_ci.pdf,d445ec51_20240717_-_rapport_dactivites_-_1er_semestre_2023_-_air_liquide_ci.pdf,715848,2026-07-08T14:13:12.539192+00:00,rapports-2024
315f7acdca0ba28ae2eece930e2bd3f83c720911f670f24ef2270c7320734234,rapport,2024,https://www.brvm.org/sites/default/files/20240717_-_rapport_dactivites_-_1er_trimestre_2023_-_air_liquide_ci.pdf,3c3dbb0d_20240717_-_rapport_dactivites_-_1er_trimestre_2023_-_air_liquide_ci.pdf,311995,2026-07-08T14:13:23.288443+00:00,rapports-2024
2e4aeb720fec414d349ff8a0dca493e1ccaf269d308c02b6ef4e3388ff39a4c9,rapport,2023,https://www.brvm.org/sites/default/files/20230303_-_rapport_dactivite_2eme_semestre_2022_-_air_liquide_ci.pdf,664674b2_20230303_-_rapport_dactivite_2eme_semestre_2022_-_air_liquide_ci.pdf,374356,2026-07-08T14:13:34.039586+00:00,rapports-2023
d485bf7f408fc47351597e84bd96e67b0edcd615933e590eead4022b393d2fea,rapport,2023,https://www.brvm.org/sites/default/files/20230303_-_attestation_des_cac_sur_le_rapport_dactivite_2eme_semestre_2022_-_air_liquide_ci.pdf,173e1426_20230303_-_attestation_des_cac_sur_le_rapport_dactivite_2eme_semestre_2022_-_air_liquide_ci.pdf,496151,2026-07-08T14:13:44.939425+00:00,rapports-2023
24bafa7793196af623ca95567a12f2308f6b4f86b34a898278cbb30d9b84a7cd,rapport,2021,https://www.brvm.org/sites/default/files/20211122_-_rapport_dactivite_au_3eme_trimestre_2021_-_air_liquide.pdf,d714282a_20211122_-_rapport_dactivite_au_3eme_trimestre_2021_-_air_liquide.pdf,138131,2026-07-08T14:13:55.541191+00:00,rapports-2021
c4eeea082a30b5fa83514fdfcb1117bdeaf1ace4286254b7056f5337cba5b30b,rapport,2021,https://www.brvm.org/sites/default/files/20211108_-_rapport_dactivite_du_1er_semestre_2021_-_air_liquide_ci.pdf,c2ce4195_20211108_-_rapport_dactivite_du_1er_semestre_2021_-_air_liquide_ci.pdf,160922,2026-07-08T14:14:06.144729+00:00,rapports-2021
c7cf0f30ea515f766c064848bd41da0f2ce80652ab925970ef164be17e7905f0,rapport,2021,https://www.brvm.org/sites/default/files/20210428_-_etats_financiers_-_exercice_2020_-_air_liquide_ci_1.pdf,b414499f_20210428_-_etats_financiers_-_exercice_2020_-_air_liquide_ci_1.pdf,194798,2026-07-08T14:14:16.747445+00:00,rapports-2021
af26041b014e7336a0d281d482735503db601e43d125bc40787dd16a15693b60,rapport,2021,https://www.brvm.org/sites/default/files/20210428_-_rapport_dactivite_au_1er_trimestre_2021_-_air_liquide_ci_1.pdf,ea3700b3_20210428_-_rapport_dactivite_au_1er_trimestre_2021_-_air_liquide_ci_1.pdf,138548,2026-07-08T14:14:27.355814+00:00,rapports-2021
ad3e26975476d9179882412baa4d1c6730b75474e758b5bb5003a2a145116648,rapport,2020,https://www.brvm.org/sites/default/files/20201030_-_rapport_dactivites_du_1er_semestre_2020_-_air_liquide_ci.pdf,ec30a22b_20201030_-_rapport_dactivites_du_1er_semestre_2020_-_air_liquide_ci.pdf,139013,2026-07-08T14:14:37.957900+00:00,rapports-2020
c3d7dfbc9d31bbc882190a51df7bd6cb17fb4f9e17264ec0d6f0db35cbfaf4c8,rapport,2020,https://www.brvm.org/sites/default/files/20201030_-_rapport_dactivites_au_3eme_trimestre_2020_-_air_liquide_ci.pdf,7573e9d3_20201030_-_rapport_dactivites_au_3eme_trimestre_2020_-_air_liquide_ci.pdf,113209,2026-07-08T14:14:48.559585+00:00,rapports-2020
f087cdd0ae618faf6e2f3050381d54a110e0ea4b200ce480aee8d340caa49c66,rapport,2020,https://www.brvm.org/sites/default/files/20200915_-_etats_financiers_exercice_2019_-_air_liquide_ci.pdf,6cdde24b_20200915_-_etats_financiers_exercice_2019_-_air_liquide_ci.pdf,219676,2026-07-08T14:14:59.309353+00:00,rapports-2020
1efc8fad64e65343a6c80b57cba6ffc064b49a72f9de91f97f5f7dde78cadfb0,rapport,2026,https://www.brvm.org/sites/default/files/20260430_-_rapport_dactivites_-_1er_trimestre_2026_-_boa_bf.pdf,39d32ef0_20260430_-_rapport_dactivites_-_1er_trimestre_2026_-_boa_bf.pdf,239810,2026-07-08T14:15:21.484043+00:00,rapports-2026
09cb6aaaeba62bffec860936e4a5ffaf6b372991e5d668fc043c17786b710193,rapport,2026,https://www.brvm.org/sites/default/files/20260323_-_etats_financiers_-_exercice_2025_-_boa_bf.pdf,415480c1_20260323_-_etats_financiers_-_exercice_2025_-_boa_bf.pdf,824122,2026-07-08T14:15:32.384448+00:00,rapports-2026
a06fffa93bd6a2e69d4646cd06c6c12d5d4c630ea25dc80bc6e4bb2c195998b5,rapport,2026,https://www.brvm.org/sites/default/files/20260323_-_rapport_dactivite_-deuxieme_semestre_2025_-_boa_bf.pdf,8895c7ba_20260323_-_rapport_dactivite_-deuxieme_semestre_2025_-_boa_bf.pdf,372843,2026-07-08T14:15:43.135847+00:00,rapports-2026
850173979a6620f401c164762ce0fcd2038e079c441b8b40bfacf8bd9f9df83d,rapport,2025,https://www.brvm.org/sites/default/files/20251031_-_rapport_dactivites_-_3eme_trimestre_2025_-_boa_bf.pdf,67844fbd_20251031_-_rapport_dactivites_-_3eme_trimestre_2025_-_boa_bf.pdf,561764,2026-07-08T14:15:54.034669+00:00,rapports-2025
bcf3b0552e3ab8f128e55f931a5982401d3187f427e4d493836be29c2e4781c4,rapport,2025,https://www.brvm.org/sites/default/files/20250922_-_etats_financiers_-_1er_semestre_2025_-_boa_bf_0.pdf,fa0c9a01_20250922_-_etats_financiers_-_1er_semestre_2025_-_boa_bf_0.pdf,865848,2026-07-08T14:16:05.084825+00:00,rapports-2025
40c69ce04c9d4f0026a320ff9f2ed0137a64175d3c97f445698738253a5c494a,rapport,2025,https://www.brvm.org/sites/default/files/20250922_-_rapport_dactivites_-_1er_semestre_2025_-_boa_bf.pdf,3abace05_20250922_-_rapport_dactivites_-_1er_semestre_2025_-_boa_bf.pdf,984755,2026-07-08T14:16:16.276623+00:00,rapports-2025
8b7b713d5a7069057f91f5b38f8886bd92fd1793aec01904f2fda9f0bc94c04e,rapport,2025,https://www.brvm.org/sites/default/files/20250429_-_rapport_dactivites_-_1er_trimestre_2025_-_boa_bf.pdf,fa3455d7_20250429_-_rapport_dactivites_-_1er_trimestre_2025_-_boa_bf.pdf,491777,2026-07-08T14:16:27.173643+00:00,rapports-2025
d789cda471387cc78333545d35492aa298d8e005f56b9422d5769c3685bcd1b9,rapport,2025,https://www.brvm.org/sites/default/files/20250416_-_etats_financiers_certifies_par_les_commissaires_aux_comptes_-_exercice_2024_-_boa_bf.pdf,bc05b9a4_20250416_-_etats_financiers_certifies_par_les_commissaires_aux_comptes_-_exercice_2024_-_boa_bf.pdf,793757,2026-07-08T14:16:38.073707+00:00,rapports-2025
bbc3c71234dcdf13ce57c628705fbc7fd9efc39e870a8a0fc31521377a83a4ea,rapport,2025,https://www.brvm.org/sites/default/files/20250416_-_rapport_dactivites_-_2eme_semestre_2024_-_boa_bf.pdf,cb35ec45_20250416_-_rapport_dactivites_-_2eme_semestre_2024_-_boa_bf.pdf,825441,2026-07-08T14:16:48.973275+00:00,rapports-2025
6fe4e8e70694ae8fb39ad51bef8eb3aa966089192157e67b1dadeba7efdc4218,rapport,2024,https://www.brvm.org/sites/default/files/20241031_-_rapport_dactivites_-_3eme_trimestre_2024_-_bank_of_africa_bf.pdf,adbd74c4_20241031_-_rapport_dactivites_-_3eme_trimestre_2024_-_bank_of_africa_bf.pdf,860616,2026-07-08T14:17:00.017901+00:00,rapports-2024
13a62a0033f43f8b7891ccf3d01e1e19a16989a7318e957a48094f94cd46229b,rapport,2024,https://www.brvm.org/sites/default/files/20241024_-_etats_financiers_-_1er_semestre_2024_-_boa_bf.pdf,5bf27833_20241024_-_etats_financiers_-_1er_semestre_2024_-_boa_bf.pdf,832099,2026-07-08T14:17:10.917687+00:00,rapports-2024
a5554569c4c0917597dd39ff53f360ccc5660e56b9d7046a003f6c5ef52d6055,rapport,2024,https://www.brvm.org/sites/default/files/20241024_-_rapport_dactivites_-_1er_semestre_2024_-_boa_bf.pdf,ca817262_20241024_-_rapport_dactivites_-_1er_semestre_2024_-_boa_bf.pdf,868681,2026-07-08T14:17:21.962594+00:00,rapports-2024
713ea38dac3415f2f8447ff142dfbcaba323c72600cec32d16fccf92c1b40ba3,rapport,2024,https://www.brvm.org/sites/default/files/20240430_-_rapport_dactivites_-_1er_trimestre_2024_-_boa_bf.pdf,4346b13c_20240430_-_rapport_dactivites_-_1er_trimestre_2024_-_boa_bf.pdf,236850,2026-07-08T14:17:32.714544+00:00,rapports-2024
16cb3b1d9fa59076aaf23763eb57cc8c52381e0f7a8e2fc5c772836f4ab7621c,rapport,2024,https://www.brvm.org/sites/default/files/20240301_-_etats_financiers_certifies_-_exercice_2023_-_boa_bf.pdf,47ed95f6_20240301_-_etats_financiers_certifies_-_exercice_2023_-_boa_bf.pdf,853108,2026-07-08T14:17:43.615658+00:00,rapports-2024
1bdeb7e6ea5658123094d12b551bb5fffd79e6a3acd226a7133b8175c0296ce8,rapport,2024,https://www.brvm.org/sites/default/files/20240301_-_rapport_dactivites_-_2eme_semestre_2023_-_boa_bf.pdf,0510c98b_20240301_-_rapport_dactivites_-_2eme_semestre_2023_-_boa_bf.pdf,879718,2026-07-08T14:17:54.555090+00:00,rapports-2024
d50926c2e45788b2e5a6742581fc7f517d5f0679bfe790ce0df118b7d88b0ed9,rapport,2023,https://www.brvm.org/sites/default/files/20231030_-_rapport_dactivites_-_3eme_trimestre_2023_-_boa_bf.pdf,e0132b04_20231030_-_rapport_dactivites_-_3eme_trimestre_2023_-_boa_bf.pdf,246371,2026-07-08T14:18:05.304025+00:00,rapports-2023
1f06a5259e1107fb0ddccdc427e963544e815a1ac10498f8f5b2c027d5fae51d,rapport,2023,https://www.brvm.org/sites/default/files/20230817_-_etats_financiers_-_1er_semestre_2023_-_boa_bf.pdf,b5803a94_20230817_-_etats_financiers_-_1er_semestre_2023_-_boa_bf.pdf,844759,2026-07-08T14:18:16.207147+00:00,rapports-2023
5bd88a28ea0e0255b1ef299a07cef82820a043dac9a2e4f76dccf4987de261fb,rapport,2023,https://www.brvm.org/sites/default/files/20230817_-_rapport_dactivites_-_1er_semestre_2023_-_boa_bf.pdf,ebb50948_20230817_-_rapport_dactivites_-_1er_semestre_2023_-_boa_bf.pdf,849409,2026-07-08T14:18:27.121036+00:00,rapports-2023
1848be04db8247950b558865e09efd9e50030b7d9835d5cae6a00edd091c8523,rapport,2023,https://www.brvm.org/sites/default/files/rapport_activite_premier_trimestre_2023_brvm_boa_burkina_faso.pdf,c0270f83_rapport_activite_premier_trimestre_2023_brvm_boa_burkina_faso.pdf,559154,2026-07-08T14:18:38.025270+00:00,rapports-2023
2cb044f97acdfc10ac4f19c6cd5f95451fa8b650ad0719cecf3a41dff3a9b65f,rapport,2023,https://www.brvm.org/sites/default/files/20230223_-_etats_financiers_exercice_2022_-_boa_bf.pdf,f9d3f7a3_20230223_-_etats_financiers_exercice_2022_-_boa_bf.pdf,862141,2026-07-08T14:18:48.925750+00:00,rapports-2023
455ba06857b5ff8bc2be935fb26a1a643a7f0352a26fe9bb01959101c8ec8a0c,rapport,2026,https://www.brvm.org/sites/default/files/20260504_-_rapport_dactivites_-_1er_trimestre_2026_-_boa_benin.pdf,279ba81c_20260504_-_rapport_dactivites_-_1er_trimestre_2026_-_boa_benin.pdf,248268,2026-07-08T14:19:11.256763+00:00,rapports-2026
0891d841e4e472ee336e9ac56923227160a2afa44814e3002d37e6db51f16528,rapport,2026,https://www.brvm.org/sites/default/files/20260415_-_etats_financiers_-_exercice_2025_-_boa_bn.pdf,5f2e4673_20260415_-_etats_financiers_-_exercice_2025_-_boa_bn.pdf,768934,2026-07-08T14:19:22.166531+00:00,rapports-2026
a12dd5f0fa356180b1f185a6d40be27c433fb6a5cd6f5680108b057316803605,rapport,2025,https://www.brvm.org/sites/default/files/20251205_-_rapport_dactivites_-_3eme_trimestre_2025_-_boa_bn.pdf,65f4c37a_20251205_-_rapport_dactivites_-_3eme_trimestre_2025_-_boa_bn.pdf,226399,2026-07-08T14:19:32.918192+00:00,rapports-2025
afe3434586f2f73911d09a8fa392ae1f09f80cd0af7c088452373603523869e5,rapport,2025,https://www.brvm.org/sites/default/files/20251029_-_rapport_dactivites_-_1er_semestre_2025_-_boa_bn.pdf,7fed12c3_20251029_-_rapport_dactivites_-_1er_semestre_2025_-_boa_bn.pdf,343297,2026-07-08T14:19:43.668401+00:00,rapports-2025
c82a98dbdeefdece4d5690a22bf2535eb0c4051a59000d7818769c42f08a2058,rapport,2025,https://www.brvm.org/sites/default/files/20250512_-_rapport_dactivites_-_1er_trimestre_2025_-_boa_benin.pdf,95fcb759_20250512_-_rapport_dactivites_-_1er_trimestre_2025_-_boa_benin.pdf,249549,2026-07-08T14:19:54.419220+00:00,rapports-2025
4059fac30d58ea7fe736827e9fe9396711d17ceab7aa165293bf34356b26aaa7,rapport,2025,https://www.brvm.org/sites/default/files/20250422_-_etats_financiers_certifies_par_les_commissaires_aux_comptes_-_exercice_2024_-_boa_benin.pdf,80cc42bc_20250422_-_etats_financiers_certifies_par_les_commissaires_aux_comptes_-_exercice_2024_-_boa_benin.pdf,934340,2026-07-08T14:20:05.464032+00:00,rapports-2025
da41b01e60f482fa983e9ec3f767550d9e1bb4d4c3874fa35cd1d8bea3615650,rapport,2024,https://www.brvm.org/sites/default/files/20241203_-_rapport_dactivites_-_3eme_trimestre_2024_-_boa_bn.pdf,4bd6a9fe_20241203_-_rapport_dactivites_-_3eme_trimestre_2024_-_boa_bn.pdf,185179,2026-07-08T14:20:16.065796+00:00,rapports-2024
141f0f530d2b0851e9333f9641ac66913156b0564d973fc7b9ac78c504a1c6e1,rapport,2024,https://www.brvm.org/sites/default/files/20241125_-_rapport_dactivites_certifie_par_les_cacs_-_1er_semestre_2024_-_boa_bn.pdf,6d2afd1e_20241125_-_rapport_dactivites_certifie_par_les_cacs_-_1er_semestre_2024_-_boa_bn.pdf,263162,2026-07-08T14:20:26.815442+00:00,rapports-2024
04350fc6bf79338ee7e585945f311d4d54a7c635bc7f7cd908223d2f329df293,rapport,2024,https://www.brvm.org/sites/default/files/20240612_-_rapport_dactivites_-_1er_trimestre_2024_-_boa_benin.pdf,0309fcce_20240612_-_rapport_dactivites_-_1er_trimestre_2024_-_boa_benin.pdf,200173,2026-07-08T14:20:37.424113+00:00,rapports-2024
670da39f89166fb9db162654e50437e8902acd9b7129fc0267a0a09d802e3a07,rapport,2024,https://www.brvm.org/sites/default/files/20240403_-_etats_financiers_-_exercice_2023_-_boa_benin.pdf,caa58b11_20240403_-_etats_financiers_-_exercice_2023_-_boa_benin.pdf,206131,2026-07-08T14:20:48.027106+00:00,rapports-2024
9a02245cbcf8ccb9a4359b329fdb77a386ecea479d6eda37fc5cca5fe7f8dfe6,rapport,2023,https://www.brvm.org/sites/default/files/20231124_-_rapport_dactivites_-_3eme_trimestre_2023_-_boa_bn.pdf,b8fb8bf8_20231124_-_rapport_dactivites_-_3eme_trimestre_2023_-_boa_bn.pdf,198299,2026-07-08T14:20:58.630157+00:00,rapports-2023
9e7972b70aedde5330f970d7cb224213742b406244c9b9bd238e36740328c511,rapport,2023,https://www.brvm.org/sites/default/files/20231103_-_rapport_dactivites_-_1er_semestre_2023_-_boa_bn.pdf,09e99a55_20231103_-_rapport_dactivites_-_1er_semestre_2023_-_boa_bn.pdf,257105,2026-07-08T14:21:09.379891+00:00,rapports-2023
80e94c82a7375caf2261cf46685a296338bcc4ebf73ecced775f992506d7c073,rapport,2023,https://www.brvm.org/sites/default/files/20230503_-_rapport_dactivite_-_1er_trimestre_2023_-_boa_benin.pdf,ebd05719_20230503_-_rapport_dactivite_-_1er_trimestre_2023_-_boa_benin.pdf,194129,2026-07-08T14:21:19.988766+00:00,rapports-2023
fe425e1e008995ec868583bdab91b876158b7218182be436f8290b2a6e84080a,rapport,2022,https://www.brvm.org/sites/default/files/boa_bn_bilan_hors_bilan_et_compte_de_resultat_2022.pdf,b0050d0b_boa_bn_bilan_hors_bilan_et_compte_de_resultat_2022.pdf,166145,2026-07-08T14:21:30.590831+00:00,rapports-2022
5f2d20daba3ebd57e9d8f10b02017c832540bdac9fd74d7d75522ac5e43d174f,rapport,2022,https://www.brvm.org/sites/default/files/20221028_-_rapport_dactivite_-_3eme_trimestre_2022_-_boa_bn.pdf,42f7432a_20221028_-_rapport_dactivite_-_3eme_trimestre_2022_-_boa_bn.pdf,188557,2026-07-08T14:21:41.193875+00:00,rapports-2022
38eb4556e35b7113fa5f258fb380715f42123221dba796333e77a5f7a789de18,rapport,2022,https://www.brvm.org/sites/default/files/20221004_-_rapport_dactivite_du_1er_semestre_2022_-_boa_bn.pdf,670451b2_20221004_-_rapport_dactivite_du_1er_semestre_2022_-_boa_bn.pdf,224585,2026-07-08T14:21:51.943084+00:00,rapports-2022
c57add866c1e51049cffb6ada554a703efe649767019d934dd06735fd246bcde,rapport,2022,https://www.brvm.org/sites/default/files/20220429_-_rapport_dactivite_-_1er_trimestre_2022_-_boa_benin.pdf,359bcb93_20220429_-_rapport_dactivite_-_1er_trimestre_2022_-_boa_benin.pdf,194324,2026-07-08T14:22:02.550138+00:00,rapports-2022
ba2f3c6c850c85ff64d0f2b3aa0274122f203f377059dffd104fb1e62312d60a,rapport,2022,https://www.brvm.org/sites/default/files/20220420_-_rapport_des_commissaires_aux_comptes_sur_les_etats_financiers_annuels_-_boa_benin.pdf,697ef326_20220420_-_rapport_des_commissaires_aux_comptes_sur_les_etats_financiers_annuels_-_boa_benin.pdf,2816203,2026-07-08T14:22:13.894219+00:00,rapports-2022
c2664c003d8ac56e8586ea8b77360a3b7a709f816acc30033c078c894c851639,rapport,2022,https://www.brvm.org/sites/default/files/20220420_-_rapport_special_des_commissaires_aux_comptes_sur_les_conventions_reglementees_-_boa_benin.pdf,2ba4e803_20220420_-_rapport_special_des_commissaires_aux_comptes_sur_les_conventions_reglementees_-_boa_benin.pdf,1069979,2026-07-08T14:22:24.941829+00:00,rapports-2022
68ce47427e5e7b79bd564edd73b6a87daf4a1d4b0bd7776c1141fd72a8fa7708,rapport,2022,https://www.brvm.org/sites/default/files/20220322_-_etats_financiers_exercice_2021_-_boa_bn.pdf,5c54663c_20220322_-_etats_financiers_exercice_2021_-_boa_bn.pdf,316824,2026-07-08T14:22:35.692964+00:00,rapports-2022
08bd387fc28b9799dcaf00a07163f450f4bbcf7489ea8539ae6b9c84e8171e63,rapport,2026,https://www.brvm.org/sites/default/files/20260612_-_rapport_des_commissaires_aux_comptes_et_etats_financiers_annuels_-_exercice_2025_-_boa_ci.pdf,8df10d5b_20260612_-_rapport_des_commissaires_aux_comptes_et_etats_financiers_annuels_-_exercice_2025_-_boa_ci.pdf,2737777,2026-07-08T14:22:58.811006+00:00,rapports-2026
00034d26c87a75b79a2c2a8ae890bf8262588abf8d631c6aded89a0c53b9785d,rapport,2026,https://www.brvm.org/sites/default/files/20260601_-_rapport_dactivites_-_1er_trimestre_2026_-_boa_ci.pdf,2e29f344_20260601_-_rapport_dactivites_-_1er_trimestre_2026_-_boa_ci.pdf,226192,2026-07-08T14:23:09.563065+00:00,rapports-2026
6dcd80f394b78e0f127b471814a06d6208393352dc21d479b59eb589b852e012,rapport,2025,https://www.brvm.org/sites/default/files/20251201_-_rapport_dactivites_-_3eme_trimestre_2025_-_boa_ci.pdf,117181cf_20251201_-_rapport_dactivites_-_3eme_trimestre_2025_-_boa_ci.pdf,237628,2026-07-08T14:23:20.317907+00:00,rapports-2025
28b20d6f0bc01ab71fca5790fee0f331e7febf9037253c42d25fbb9fd7e3a04a,rapport,2025,https://www.brvm.org/sites/default/files/20251106_-_rapport_dactivites_-_1er_semestre_2025_-_boa_ci.pdf,a987a751_20251106_-_rapport_dactivites_-_1er_semestre_2025_-_boa_ci.pdf,905414,2026-07-08T14:23:31.362578+00:00,rapports-2025
19d70ee2c310eccbafc70c45afc0044951cb507c9d0a0de7eb1a2239d6604660,rapport,2025,https://www.brvm.org/sites/default/files/20250516_-_rapport_dactivites_-_1er_trimestre_2025_-_boa_ci.pdf,af14fa5a_20250516_-_rapport_dactivites_-_1er_trimestre_2025_-_boa_ci.pdf,186663,2026-07-08T14:23:41.965164+00:00,rapports-2025
cd9d6e6ee7b7fbd9f1b73ea959a105e5341e91e415d848bc5bfe52ba4e49b1c5,rapport,2025,https://www.brvm.org/sites/default/files/20250402_-_etats_financiers_-_exercice_2024_-_boa_ci.pdf,105bb6bb_20250402_-_etats_financiers_-_exercice_2024_-_boa_ci.pdf,60882,2026-07-08T14:23:52.419505+00:00,rapports-2025
b569aace3c9d11dc90cf627c571a068188ce70fef2f82ad920dc29450e94cdab,rapport,2024,https://www.brvm.org/sites/default/files/20241120_-_rapport_dactivites_-_3eme_trimestre_2024_-_boa_ci.pdf,01f69dc7_20241120_-_rapport_dactivites_-_3eme_trimestre_2024_-_boa_ci.pdf,193387,2026-07-08T14:24:03.022617+00:00,rapports-2024
7e8c7d2e1a473812004546213fbe8bac4e26fa0c0bd7b7dfa49aaba160c58628,rapport,2024,https://www.brvm.org/sites/default/files/20241016_-_rapport_dactivites_-_1er_semestre_2024_-_boa_ci.pdf,a65d4f0e_20241016_-_rapport_dactivites_-_1er_semestre_2024_-_boa_ci.pdf,243589,2026-07-08T14:24:13.778490+00:00,rapports-2024
b9126a4cd34c69e066e3ac42a04d0f7b848cdce76b7cd768ecf6ffa7ec463358,rapport,2024,https://www.brvm.org/sites/default/files/20240514_-_rapport_dactivites_-_1er_trimestre_2024_-_boa_ci.pdf,2f9db902_20240514_-_rapport_dactivites_-_1er_trimestre_2024_-_boa_ci.pdf,236061,2026-07-08T14:24:24.527612+00:00,rapports-2024
1ba814aa3947cb1dd28a70805e337f4a635d15e3c4c783d00a9817332612ac5d,rapport,2024,https://www.brvm.org/sites/default/files/20240314_-_etats_financiers_-_exercice_2023_-_boa_ci.pdf,ab4c536a_20240314_-_etats_financiers_-_exercice_2023_-_boa_ci.pdf,231112,2026-07-08T14:24:35.277070+00:00,rapports-2024
d290c93ac7390183918f1494ef0a9d690ed40fee25ae7130aff3ec38e4c1dab6,rapport,2023,https://www.brvm.org/sites/default/files/20231030_-_rapport_dactivites_-_3eme_trimestre_2023_-_boa_ci.pdf,0b22b8d1_20231030_-_rapport_dactivites_-_3eme_trimestre_2023_-_boa_ci.pdf,368486,2026-07-08T14:24:46.029323+00:00,rapports-2023
4f364b9e0faa7e0bf48544d0481cf422122084311e1db5608741e2cd1a1e67ea,rapport,2023,https://www.brvm.org/sites/default/files/20231010_-_rapport_dactivites_-_1er_semestre_2023_-_boa_ci.pdf,081bec92_20231010_-_rapport_dactivites_-_1er_semestre_2023_-_boa_ci.pdf,364880,2026-07-08T14:24:56.781217+00:00,rapports-2023
8f25067c8c8014a58b26efe4e19953b526f17c7f16fcb4ccdcf8a5ce0a33f14d,rapport,2023,https://www.brvm.org/sites/default/files/20230427_-_rapport_dactivite_-_1er_trimestre_2023_-_boa_ci.pdf,9167c9e6_20230427_-_rapport_dactivite_-_1er_trimestre_2023_-_boa_ci.pdf,213631,2026-07-08T14:25:07.530490+00:00,rapports-2023
90ca2dba805cc54f8865bc82edd63a6fde9af3e8e9ca96d2b566fa930c8bdf75,rapport,2023,https://www.brvm.org/sites/default/files/20230405_-_etats_financiers_exercice_2022_-_boa_ci.pdf,774f30d9_20230405_-_etats_financiers_exercice_2022_-_boa_ci.pdf,6356179,2026-07-08T14:25:19.173252+00:00,rapports-2023
499e6c83b3a83dd9a89d70c8a2012c2bf84e0788c9c53476e823d64d2e4d55d9,rapport,2022,https://www.brvm.org/sites/default/files/20221107_-_rapport_dactivite_-_3eme_trimestre_2022_-_boa_ci.pdf,69cc6bdc_20221107_-_rapport_dactivite_-_3eme_trimestre_2022_-_boa_ci.pdf,324448,2026-07-08T14:25:30.063417+00:00,rapports-2022
019acc5d7debbfad6316b6fcf37862ab8c089095a21d4fe682fe1fe1f8e8f1db,rapport,2022,https://www.brvm.org/sites/default/files/20221027_-_etats_financiers_-_1er_semestre_2022_-_boa_ci.pdf,ee704360_20221027_-_etats_financiers_-_1er_semestre_2022_-_boa_ci.pdf,367987,2026-07-08T14:25:40.813923+00:00,rapports-2022
9b79dd0e13dc70a161b0a5e61df73544517c1c6330b2bf6f87705c2c5365b64a,rapport,2022,https://www.brvm.org/sites/default/files/20221027_-_etats_financiers_certifies_-_1er_semestre_2022_-_boa_ci_0.pdf,1bcd0b73_20221027_-_etats_financiers_certifies_-_1er_semestre_2022_-_boa_ci_0.pdf,367764,2026-07-08T14:25:51.567662+00:00,rapports-2022
71c9c758befcd76a62f49efcd8bf19a81108766323763393f9cd3dd97717ec57,rapport,divers,https://www.brvm.org/sites/default/files/1er_semestre_final_-_boa_ci.pdf,f4b40dd7_1er_semestre_final_-_boa_ci.pdf,488129,2026-07-08T14:26:02.466926+00:00,rapports-divers
5d53b8657433336468cb613d0398596505a6e4511abf0e9bab2af2cb52f4910f,rapport,2022,https://www.brvm.org/sites/default/files/20220429_-_rapport_dactivite_-_1er_trimestre_2022_-_boa_ci.pdf,8737d4a0_20220429_-_rapport_dactivite_-_1er_trimestre_2022_-_boa_ci.pdf,270721,2026-07-08T14:26:13.219034+00:00,rapports-2022
59f19ed0412a15a4abb9ad70ee1be669326f7cb4c9972709a49057b4e88bb344,rapport,2021,https://www.brvm.org/sites/default/files/20211102_-_rapport_dactivite_au_3eme_trimestre_2021_-_boa_ci.pdf,d3c463a9_20211102_-_rapport_dactivite_au_3eme_trimestre_2021_-_boa_ci.pdf,378162,2026-07-08T14:26:23.970353+00:00,rapports-2021
03f6f153b7ae4c73580f04d8ed38351f7f26285d03f81c01ce5da9828b035280,rapport,2026,https://www.brvm.org/sites/default/files/20260623_-_rapport_dactivites_-_1er_trimestre_2026_-_boa_mali.pdf,e51f3359_20260623_-_rapport_dactivites_-_1er_trimestre_2026_-_boa_mali.pdf,434576,2026-07-08T14:26:46.018637+00:00,rapports-2026
d7b18897c94a92a726c67ebc96c02a0506a8435b2db357e7edd5bc2000423fd2,rapport,2026,https://www.brvm.org/sites/default/files/20260324_-_etats_financiers_-_exercice_2025_-_boa_ml.pdf,3b8f708e_20260324_-_etats_financiers_-_exercice_2025_-_boa_ml.pdf,537187,2026-07-08T14:26:56.915710+00:00,rapports-2026
d091404e55632c7121483d2d97758b1e8534676ba0891554ef8d4b07fddca2d2,rapport,2025,https://www.brvm.org/sites/default/files/20251110_-_rapport_dactivites_-_3eme_trimestre_2025_-_boa_ml.pdf,4628dbf9_20251110_-_rapport_dactivites_-_3eme_trimestre_2025_-_boa_ml.pdf,3570841,2026-07-08T14:27:08.275431+00:00,rapports-2025
49388a3bd5ddeb385fb136ff9cf0a69d0d24abeb893a027f9f9c77a0ad0840af,rapport,2025,https://www.brvm.org/sites/default/files/20250919_-_rapport_dactivites_-_1er_semestre_2025_-_boa_ml.pdf,60b6d8a1_20250919_-_rapport_dactivites_-_1er_semestre_2025_-_boa_ml.pdf,879464,2026-07-08T14:27:19.324979+00:00,rapports-2025
230588550c164263f222c76e7433e0a4eecdf2d071631400dec31e19f9b084c5,rapport,2025,https://www.brvm.org/sites/default/files/20250603_-_rapport_dactivites_-_1er_trimestre_2025_-_boa_mali.pdf,fee1c283_20250603_-_rapport_dactivites_-_1er_trimestre_2025_-_boa_mali.pdf,364461,2026-07-08T14:27:30.077801+00:00,rapports-2025
dc403fad3b516f6a94eecefafb56db518987c5fb3097edd0d68a7ffe8077f207,rapport,2025,https://www.brvm.org/sites/default/files/20250319_-_etats_financiers_certifies_par_les_cacs_-_exercice_2024_-_boa_mali.pdf,84c91238_20250319_-_etats_financiers_certifies_par_les_cacs_-_exercice_2024_-_boa_mali.pdf,742080,2026-07-08T14:27:40.976899+00:00,rapports-2025
dc403fad3b516f6a94eecefafb56db518987c5fb3097edd0d68a7ffe8077f207,rapport,2025,https://www.brvm.org/sites/default/files/20250319_-_etats_financiers_certifies_par_les_cacs_-_exercice_2024_-_boa_mali_0.pdf,e4f211bd_20250319_-_etats_financiers_certifies_par_les_cacs_-_exercice_2024_-_boa_mali_0.pdf,742080,2026-07-08T14:27:51.875293+00:00,rapports-2025
ed7573f71f1465b9690d4f49bbd1fbd226dd1d34aeaa1160c60d56d8415a4ae6,rapport,2024,https://www.brvm.org/sites/default/files/20241002_-_rapport_dactivites_-_1er_semestre_2024_-_boa_mali.pdf,4152303c_20241002_-_rapport_dactivites_-_1er_semestre_2024_-_boa_mali.pdf,726875,2026-07-08T14:28:02.773577+00:00,rapports-2024
77f20998d8b1def30299a400bbe4584093fb54a6e40d05f7ab5fa7721896e31e,rapport,2024,https://www.brvm.org/sites/default/files/20240725_-_etats_financiers_certifies_par_les_cacs_-_exercice_2023_-_boa_mali.pdf,8a8ca302_20240725_-_etats_financiers_certifies_par_les_cacs_-_exercice_2023_-_boa_mali.pdf,824078,2026-07-08T14:28:13.688246+00:00,rapports-2024
7c171604ad7fa70636726da9299f6167c78d3d7869aeff382d41d8e2c1c98f39,rapport,2024,https://www.brvm.org/sites/default/files/20240605_-_rapport_dactivites_-_1er_trimestre_2024_-_boa_mali.pdf,5d13a60d_20240605_-_rapport_dactivites_-_1er_trimestre_2024_-_boa_mali.pdf,719802,2026-07-08T14:28:24.588216+00:00,rapports-2024
77f20998d8b1def30299a400bbe4584093fb54a6e40d05f7ab5fa7721896e31e,rapport,2024,https://www.brvm.org/sites/default/files/20240405_-_etats_financiers_-_exercice_2023_-_boa_mali.pdf,2db77cd6_20240405_-_etats_financiers_-_exercice_2023_-_boa_mali.pdf,824078,2026-07-08T14:28:35.489756+00:00,rapports-2024
0584f130e67a0c3fe2591dfcb7a9eb5259f9fe8ad4f9907125dfb8b3182f18b1,rapport,2024,https://www.brvm.org/sites/default/files/20240321_-_rapport_dactivites_-_4eme_trimestre_2023_-_boa_mali.pdf,e83ce4fe_20240321_-_rapport_dactivites_-_4eme_trimestre_2023_-_boa_mali.pdf,479803,2026-07-08T14:28:46.389955+00:00,rapports-2024
4a764e7bc8dea0beb1ff696bf1d84e9e2f3b2af67647dc88ea478a2b927a96ec,rapport,2023,https://www.brvm.org/sites/default/files/20231026_-_rapport_dactivites_-_3eme_trimestre_2023_-_boa_mali.pdf,66c69f92_20231026_-_rapport_dactivites_-_3eme_trimestre_2023_-_boa_mali.pdf,863289,2026-07-08T14:28:57.302759+00:00,rapports-2023
3e358a7b81b8ab9b232b7daf44dccaa8a4cba457c50125cf39083d59d1126497,rapport,2023,https://www.brvm.org/sites/default/files/20230928_-_attestation_des_cac_sur_le_rapport_dactivites_du_1er_semestre_2023_-_boa_ml.pdf,91be1e48_20230928_-_attestation_des_cac_sur_le_rapport_dactivites_du_1er_semestre_2023_-_boa_ml.pdf,138583,2026-07-08T14:29:07.905067+00:00,rapports-2023
fe9a7d8b0f86f79a34fd3c296ebaa16ff4de1e1008d551eb1d8b7c579769cade,rapport,2023,https://www.brvm.org/sites/default/files/20230928_-_rapport_dactivites_-_1er_semestre_2023_-_boa_ml.pdf,0d987dbe_20230928_-_rapport_dactivites_-_1er_semestre_2023_-_boa_ml.pdf,454179,2026-07-08T14:29:18.803127+00:00,rapports-2023
f7d3c508f9df14ebc5261dffef8334b7dad6746418dcc1961a9c7ea31838b2ae,rapport,2023,https://www.brvm.org/sites/default/files/20230928_-_etats_financiers_-_1er_semestre_2023_-_boa_ml.pdf,28d1ab89_20230928_-_etats_financiers_-_1er_semestre_2023_-_boa_ml.pdf,2138824,2026-07-08T14:29:30.002568+00:00,rapports-2023
c4756f13c1f092f375a09058a131082976e65d02ea10c867e535e731d8004e35,rapport,2023,https://www.brvm.org/sites/default/files/20230428_-_rapport_dactivite_-_1er_trimestre_2023_-_boa_mali.pdf,0b2f8f3f_20230428_-_rapport_dactivite_-_1er_trimestre_2023_-_boa_mali.pdf,361911,2026-07-08T14:29:40.752191+00:00,rapports-2023
c513282e4ed3f041c6ab1f8a966c4c4d8ddc5fc6101afd0d80d2c31b67ebe191,rapport,2023,https://www.brvm.org/sites/default/files/20230404_-_rapport_dactivite_4eme_trimestre_2022_-_boa_mali.pdf,c2f8f9a3_20230404_-_rapport_dactivite_4eme_trimestre_2022_-_boa_mali.pdf,358818,2026-07-08T14:29:51.502498+00:00,rapports-2023
9f62062afc15e6da98d507a2b7f5347aab23e5242de5cd57203b5dc84e3ed7cf,rapport,2022,https://www.brvm.org/sites/default/files/etats_financiers_certifies_2022_boa-mali.pdf,21f6ff4c_etats_financiers_certifies_2022_boa-mali.pdf,931924,2026-07-08T14:30:02.546916+00:00,rapports-2022
72a7e889b97f8fa523a6eb357ee8fa0e13c0291d431216f03bbd66d27ef5e0d0,rapport,2022,https://www.brvm.org/sites/default/files/20221027_-_rapport_dactivite_-_3eme_trimestre_2022_-_boa_mali.pdf,e4d4cb3e_20221027_-_rapport_dactivite_-_3eme_trimestre_2022_-_boa_mali.pdf,682850,2026-07-08T14:30:13.602065+00:00,rapports-2022
6775e663512041462266bf1bbdc9563ed276b5f66e7408053edbea21c5f887af,rapport,2026,https://www.brvm.org/sites/default/files/20260430_-_rapport_dactivites_-_1er_trimestre_2026_-_boa_ng.pdf,21b15beb_20260430_-_rapport_dactivites_-_1er_trimestre_2026_-_boa_ng.pdf,462243,2026-07-08T14:30:41.809750+00:00,rapports-2026
dc36ea22b9657751a85d66bba4a00f12f7229c959266a2909522df857fbf6ffa,rapport,2026,https://www.brvm.org/sites/default/files/20260429_-_rapport_dactivites_-_2eme_semestre_2025_-_boa_ng.pdf,af24144f_20260429_-_rapport_dactivites_-_2eme_semestre_2025_-_boa_ng.pdf,467638,2026-07-08T14:30:52.709927+00:00,rapports-2026
d654de902ad8fd4e45f99e64e7720bcd9b436daeda77baeaa4e972fa93a9c7cd,rapport,2026,https://www.brvm.org/sites/default/files/20260401_-_rapport_des_commissaires_aux_comptes_sur_les_etats_financiers_annuels_-_exercice_2025_-_boa_ng.pdf,d1ce00cc_20260401_-_rapport_des_commissaires_aux_comptes_sur_les_etats_financiers_annuels_-_exercice_2025_-_boa_ng.pdf,4458180,2026-07-08T14:31:04.210669+00:00,rapports-2026
c8844aa187831dfd51e8e8dff807df529137484881ca3e5873dc4d3ce4ea0ef7,rapport,2026,https://www.brvm.org/sites/default/files/20260401_-_rapport_des_cac_sur_les_conventions_reglementees_et_les_credits_accordes_aux_dirigeants_de_la_banque_-_exercice_2025_-_boa_ng.pdf,74dd749b_20260401_-_rapport_des_cac_sur_les_conventions_reglementees_et_les_credits_accordes_aux_dirigeants_de_la_banque_-_exercice_2025_-_boa_ng.pdf,681353,2026-07-08T14:31:15.256508+00:00,rapports-2026
f85ac232ccf811462af207e001796a65579cf8536e66fd05cb8ba000889eba0b,rapport,2026,https://www.brvm.org/sites/default/files/20260324_-_rapport_du_conseil_dadministration_a_lassemblee_generale_ordinaire_des_actionnaires_-_exercice_2025_-_boa_ng_annule_et_remplace_le_precedent.pdf,2dd7f818_20260324_-_rapport_du_conseil_dadministration_a_lassemblee_generale_ordinaire_des_actionnaires_-_exercice_2025_-_boa_ng_annule_et_remplace_le_precedent.pdf,1189724,2026-07-08T14:31:26.304073+00:00,rapports-2026
214b7517670220d02da2f46fad78e0b09465de780b38fd84c624fe6fc63c6fc5,rapport,2026,https://www.brvm.org/sites/default/files/20260318_-_rapport_du_ca_a_lago_-_exercice_2025_-_boa_ng.pdf,97de28f1_20260318_-_rapport_du_ca_a_lago_-_exercice_2025_-_boa_ng.pdf,1627557,2026-07-08T14:31:37.504872+00:00,rapports-2026
35c771266ce1b2238841fa3163bebe3dfc8e50c8355a826fb3f8c6aac6e00b5a,rapport,2025,https://www.brvm.org/sites/default/files/20251106_-_rapport_dactivites_-_3eme_trimestre_2025_-_boa_ng.pdf,0d195116_20251106_-_rapport_dactivites_-_3eme_trimestre_2025_-_boa_ng.pdf,445904,2026-07-08T14:31:48.450135+00:00,rapports-2025
91a447bf6c574bc804a2f2ea58d6537242aefcfc67fc7eef6d3491f1973acf02,rapport,2025,https://www.brvm.org/sites/default/files/20251002_-_attestation_des_commissaires_aux_comptes_sur_le_rapport_dactivites_-_1er_semestre_2025_-_boa_niger.pdf,16e1d10b_20251002_-_attestation_des_commissaires_aux_comptes_sur_le_rapport_dactivites_-_1er_semestre_2025_-_boa_niger.pdf,300544,2026-07-08T14:31:59.199278+00:00,rapports-2025
0546fb72a0f9cb03e0039f09e53f9e1db56cda77c68492d8d5f34ff7c26fc9e2,rapport,2025,https://www.brvm.org/sites/default/files/20251002_-_rapport_dactivites_-_1er_semestre_2025_-_boa_niger_0.pdf,92bd5070_20251002_-_rapport_dactivites_-_1er_semestre_2025_-_boa_niger_0.pdf,444994,2026-07-08T14:32:10.095651+00:00,rapports-2025
4498e6fca82c521f3a5a222aa0d4e10b4d71e38033a49f05e7b10658eb343d5d,rapport,2025,https://www.brvm.org/sites/default/files/20250429_-_rapport_dactivites_-_1er_trimestre_2025_-_boa_ng.pdf,fab35e72_20250429_-_rapport_dactivites_-_1er_trimestre_2025_-_boa_ng.pdf,409261,2026-07-08T14:32:20.846881+00:00,rapports-2025
bc9c5f9b2dbe3a263e66ec0df8cd9e968d7e63c09e466256bc26c6d2c9031b3a,rapport,2025,https://www.brvm.org/sites/default/files/20250319_-_rapport_du_ca_a_lassemblee_generale_ordinaire_-_exercice_2024_-_boa_niger.pdf,d404c7af_20250319_-_rapport_du_ca_a_lassemblee_generale_ordinaire_-_exercice_2024_-_boa_niger.pdf,951341,2026-07-08T14:32:31.892141+00:00,rapports-2025
f19c24522fe843b9ba6f4a0eac93f513ad16195e720014a736f8283b3216876d,rapport,2024,https://www.brvm.org/sites/default/files/20241105_-_rapport_dactivites_-_3eme_trimestre_2024_-_boa_niger.pdf,7094ec92_20241105_-_rapport_dactivites_-_3eme_trimestre_2024_-_boa_niger.pdf,434222,2026-07-08T14:32:42.643646+00:00,rapports-2024
9777ec26025e515d9dc004a4f95ce5949e515fc6e9a75903f53dc3303fca06b1,rapport,2024,https://www.brvm.org/sites/default/files/20241024_-_attestation_des_cacs_sur_le_rapport_dactivites_du_1er_semestre_2024_-_boa_niger.pdf,185c375e_20241024_-_attestation_des_cacs_sur_le_rapport_dactivites_du_1er_semestre_2024_-_boa_niger.pdf,470601,2026-07-08T14:32:53.540750+00:00,rapports-2024
a8533bdd868b988742a1f8b8a61a05d4b2a59f74e9de17bf9aef1da999792817,rapport,2024,https://www.brvm.org/sites/default/files/20240502_-_rapport_dactivites_-_1er_trimestre_2024_-_boa_niger.pdf,2d8832f3_20240502_-_rapport_dactivites_-_1er_trimestre_2024_-_boa_niger.pdf,558490,2026-07-08T14:33:04.437623+00:00,rapports-2024
27e47308455e317b78a9dea1565b14ae0cd371af6bf84b9424660df435de99de,rapport,2024,https://www.brvm.org/sites/default/files/20240325_-_etats_financiers_-_exercice_2023_-_boa_niger.pdf,8246ebfd_20240325_-_etats_financiers_-_exercice_2023_-_boa_niger.pdf,3213514,2026-07-08T14:33:15.784678+00:00,rapports-2024
6a59c85cf1fc7f3d0243c9c9e758a0958723255189ab14c4984e7977e43e5f62,rapport,2024,https://www.brvm.org/sites/default/files/20240306_-_rapport_dactivites_-_2eme_semestre_2023_-_boa_niger.pdf,a4a01686_20240306_-_rapport_dactivites_-_2eme_semestre_2023_-_boa_niger.pdf,455249,2026-07-08T14:33:26.682608+00:00,rapports-2024
ad422fa7f6a2ea6bef2a4ad0b2317ecb3046028901b5d03aba9bb3ded15bcc9b,rapport,2023,https://www.brvm.org/sites/default/files/20231130_-_rapport_dactivites_-_3eme_trimestre_2023_-_boa_niger.pdf,f0591a06_20231130_-_rapport_dactivites_-_3eme_trimestre_2023_-_boa_niger.pdf,557184,2026-07-08T14:33:37.580478+00:00,rapports-2023
1d21edebef41409e265ef0e9ece8425c642b19d065688a76fc0c8041fb1eed71,rapport,2023,https://www.brvm.org/sites/default/files/20230503_-_rapport_dactivite_-_1er_trimestre_2023_-_boa_niger.pdf,d8327f2b_20230503_-_rapport_dactivite_-_1er_trimestre_2023_-_boa_niger.pdf,498946,2026-07-08T14:33:48.477524+00:00,rapports-2023
65b007f105568f8c031c23f1226097847c5c6d126dc790a4b6a22196df9013b3,rapport,2022,https://www.brvm.org/sites/default/files/boa-niger_etats_financiers_2022.pdf,fd072d92_boa-niger_etats_financiers_2022.pdf,379550,2026-07-08T14:33:59.229572+00:00,rapports-2022
aaaaa10edea518cfdecb562fedb2b9f4bb73058ddcfb750df94319be6c50de6e,rapport,2022,https://www.brvm.org/sites/default/files/20221207_-_attestation_des_commissaires_aux_comptes_et_rapport_dactivites_-_1er_semestre_2022_-_boa_niger.pdf,53daa058_20221207_-_attestation_des_commissaires_aux_comptes_et_rapport_dactivites_-_1er_semestre_2022_-_boa_niger.pdf,1959630,2026-07-08T14:34:10.429313+00:00,rapports-2022
f280eb2a24eaee03e5f7dcc5484c54d8351169ae75547332576c319c6c0aaa93,rapport,2026,https://www.brvm.org/sites/default/files/20260422_-_etats_financiers_-_1er_trimestre_2026_-_boa_sn.pdf,d1b4cbd1_20260422_-_etats_financiers_-_1er_trimestre_2026_-_boa_sn.pdf,463697,2026-07-08T14:34:33.366700+00:00,rapports-2026
2725977e7a3d2b13b663ea1a57a3eb06786f5ec7640be60f569f75a0dcc23352,rapport,2026,https://www.brvm.org/sites/default/files/20260422_-_rapport_dactivites_-_1er_trimestre_2026_-_boa_sn.pdf,b93588ab_20260422_-_rapport_dactivites_-_1er_trimestre_2026_-_boa_sn.pdf,222263,2026-07-08T14:34:44.115518+00:00,rapports-2026
2f0747f66c10a120de26a26d0d5d260125a80e4a9024dc77dac96e16c6fcfd51,rapport,2026,https://www.brvm.org/sites/default/files/20260317_-_etats_financiers_-_exercice_2025_-_boa_sn.pdf,bbacabc3_20260317_-_etats_financiers_-_exercice_2025_-_boa_sn.pdf,492453,2026-07-08T14:34:55.016678+00:00,rapports-2026
8bfe812b86b8c309b60a4f046c8e1bbc23254bb2f184e4f436bf04f1fdb5ee17,rapport,2025,https://www.brvm.org/sites/default/files/20251117_-_rapport_dactivites_-_3eme_trimestre_2025_-_boa_sn.pdf,3d80bf43_20251117_-_rapport_dactivites_-_3eme_trimestre_2025_-_boa_sn.pdf,383814,2026-07-08T14:35:05.770233+00:00,rapports-2025
9b3c0fea2bfd5f488152529edbc027536c1177912fde37185b178feb9b88d8f7,rapport,2025,https://www.brvm.org/sites/default/files/20250918_-_rapport_dactivites_-_1er_semestre_2025_-_boa_sn.pdf,2575963e_20250918_-_rapport_dactivites_-_1er_semestre_2025_-_boa_sn.pdf,402786,2026-07-08T14:35:16.525677+00:00,rapports-2025
e50d7ce093d9882433ce06f83e4035af14e51468fd712ef26bc615892f71c5ca,rapport,2025,https://www.brvm.org/sites/default/files/20250623_-_rapport_dactivites_-_1er_trimestre_2025_-_boa_sn.pdf,c7deb816_20250623_-_rapport_dactivites_-_1er_trimestre_2025_-_boa_sn.pdf,402424,2026-07-08T14:35:27.277001+00:00,rapports-2025
e6195417d8fdd39cdbca4ad54a78247c7c4bd383f83caca44445b988053c81b7,rapport,2025,https://www.brvm.org/sites/default/files/20250505_-_rapport_dactivites_-_4eme_trimestre_2025_-_boa_sn.pdf,16dfb838_20250505_-_rapport_dactivites_-_4eme_trimestre_2025_-_boa_sn.pdf,416294,2026-07-08T14:35:38.030217+00:00,rapports-2025
bc583de24f34b4eecc95129a07b843cf6ac0f53c4628249093be694bf2ae2754,rapport,2025,https://www.brvm.org/sites/default/files/20250319_-_etats_financiers_certifies_par_les_cacs_-_exercice_2024_-_boa_senegal.pdf,03870081_20250319_-_etats_financiers_certifies_par_les_cacs_-_exercice_2024_-_boa_senegal.pdf,472063,2026-07-08T14:35:48.934351+00:00,rapports-2025
413b365f962b33be0945ced5609ed00b809ea251e63bc30fc5c5fc8debbef176,rapport,2024,https://www.brvm.org/sites/default/files/20241121_-_rapport_dactivites_-_1er_semestre_-_boa_sn.pdf,00114ac6_20241121_-_rapport_dactivites_-_1er_semestre_-_boa_sn.pdf,419003,2026-07-08T14:35:59.691583+00:00,rapports-2024
0710183800ffc53be4430c050ac4c6028c72d32ca5eada11185b45cafb749219,rapport,2024,https://www.brvm.org/sites/default/files/20240508_-_rapport_dactivites_-_1er_trimestre_2024_-_boa_senegal.pdf,356d8a6d_20240508_-_rapport_dactivites_-_1er_trimestre_2024_-_boa_senegal.pdf,452487,2026-07-08T14:36:10.595714+00:00,rapports-2024
977470de5d1adf9b96e7315a49c8e796ecdbb5afd7cc13f89de59e89cfdd2d0e,rapport,2024,https://www.brvm.org/sites/default/files/20240403_-_etats_financiers_certifies_-_exercice_2023_-_boa_senegal.pdf,83504fb9_20240403_-_etats_financiers_certifies_-_exercice_2023_-_boa_senegal.pdf,462845,2026-07-08T14:36:21.500301+00:00,rapports-2024
faf01ad64c1d7a1cf94a4caa66a96191c5506cd75349d96b242eb094b2482700,rapport,2023,https://www.brvm.org/sites/default/files/20231122_-_rapport_dactivites_-_3eme_trimestre_2023_-_boa_sn.pdf,3a577564_20231122_-_rapport_dactivites_-_3eme_trimestre_2023_-_boa_sn.pdf,496070,2026-07-08T14:36:32.404655+00:00,rapports-2023
5b4665782ed7f39f9167bcaea0a294e74e1b539ec59e411e8eb46a95acb3d400,rapport,2023,https://www.brvm.org/sites/default/files/20230918_-_rapport_dactivites_du_1er_semestre_2023_-_boa_sn.pdf,0821ea2e_20230918_-_rapport_dactivites_du_1er_semestre_2023_-_boa_sn.pdf,456413,2026-07-08T14:36:43.307691+00:00,rapports-2023
430039ae1111e3e861331a249beeebd7de86ee6655034d5cf6e7d3e7aeeff29f,rapport,2023,https://www.brvm.org/sites/default/files/20230918_-_rapport_dactivites_du_1er_trimestre_2023_-_boa_sn.pdf,0ca8fac1_20230918_-_rapport_dactivites_du_1er_trimestre_2023_-_boa_sn.pdf,477703,2026-07-08T14:36:54.219430+00:00,rapports-2023
6d82c95ea3c976471502c58dbc34a6a6cd322680e330d51df74de2d1b1c374aa,rapport,2022,https://www.brvm.org/sites/default/files/rapport_dactivite_2nd_semestre_2022_-_boa_senegal.pdf,09c8b45c_rapport_dactivite_2nd_semestre_2022_-_boa_senegal.pdf,383954,2026-07-08T14:37:04.976209+00:00,rapports-2022
0391d9ebb68bb89cc4c8f3e50962187da0464f7de38005b575a84aeda072b940,rapport,2023,https://www.brvm.org/sites/default/files/20230310_-_etats_financiers_certifies_2022_-_boa_sn.pdf,4bd7d6c4_20230310_-_etats_financiers_certifies_2022_-_boa_sn.pdf,1356322,2026-07-08T14:37:16.033222+00:00,rapports-2023
5130b378e48d04f1aecf92caed3f22525f297b6b25b6433180611a6862493dec,rapport,2022,https://www.brvm.org/sites/default/files/20221207_-_rapport_dactivite_3e_trimestre_2022_-_boa_senegal.pdf,95bbbafc_20221207_-_rapport_dactivite_3e_trimestre_2022_-_boa_senegal.pdf,402317,2026-07-08T14:37:26.936800+00:00,rapports-2022
a6172ca2fa785fd62ce91a35a2242f6d5bc80c549529637726552f4dad5e2691,rapport,2022,https://www.brvm.org/sites/default/files/20221116_-_rapport_dactivite_-_1er_semestre_2022_-_boa_senegal.pdf,167f8e49_20221116_-_rapport_dactivite_-_1er_semestre_2022_-_boa_senegal.pdf,383920,2026-07-08T14:37:37.699026+00:00,rapports-2022
2312520a0f3acab7cdd82b4c523bd9477d6e54b1b2b5de30b0863c11826c6c9b,rapport,2022,https://www.brvm.org/sites/default/files/20220429_-_rapport_dactivite_-_1er_trimestre_2022_-_boa_senegal.pdf,124f2ce6_20220429_-_rapport_dactivite_-_1er_trimestre_2022_-_boa_senegal.pdf,248408,2026-07-08T14:37:48.454466+00:00,rapports-2022
e849436cc0d30b46a19aee998142df7f0a24e131eb9f37e1aab25a6316503fc6,rapport,2022,https://www.brvm.org/sites/default/files/20220429_-_rapport_dactivite_-_2nd_semestre_2021_-_boa_senegal.pdf,6c8dcdfe_20220429_-_rapport_dactivite_-_2nd_semestre_2021_-_boa_senegal.pdf,265732,2026-07-08T14:37:59.209556+00:00,rapports-2022
405b140efd16f1bfecdfe25ad285d8ee4fe70261725f81dcb3d882c1ac5311c5,boc,2021-10,https://www.brvm.org/sites/default/files/boc_20211022.pdf,boc_20211022.pdf,1181206,2026-07-08T15:09:38.236334+00:00,boc-2021
e72bff00c1048ce0de81817355960542b6c9b9466d1a3a4827ce95c3b7262565,rapport,2026,https://www.brvm.org/sites/default/files/20260430_-_etats_financiers_-_exercice_2025_-_bernabe_ci.pdf,0009e779_20260430_-_etats_financiers_-_exercice_2025_-_bernabe_ci.pdf,315449,2026-07-08T15:18:53.707818+00:00,rapports-2026
ec9df3003f653428ec6fe4957f1096fc91c1ea90c3188a5095635cb3a289c12c,rapport,2026,https://www.brvm.org/sites/default/files/20260430_-_rapport_dactivites_-_1er_trimestre_2026_-_bernabe_ci.pdf,a778b8b6_20260430_-_rapport_dactivites_-_1er_trimestre_2026_-_bernabe_ci.pdf,509586,2026-07-08T15:19:04.229415+00:00,rapports-2026
afacc4b03ac8405b020a4e780da1a8f96fb0246ae1703c269c3705df3c6aae1d,rapport,2025,https://www.brvm.org/sites/default/files/20251031_-_rapport_dactivites_-_3eme_trimestre_2025_-_bernabe_ci.pdf,e0528c94_20251031_-_rapport_dactivites_-_3eme_trimestre_2025_-_bernabe_ci.pdf,476054,2026-07-08T15:19:14.751057+00:00,rapports-2025
60fb4002ad66ac5220c368235a588f0d9dacd15e5e3e89edf2f231a602d63960,rapport,2025,https://www.brvm.org/sites/default/files/20251031_-_rapport_dactivites_-_1er_semestre_2025_-_bernabe_ci.pdf,2aad9651_20251031_-_rapport_dactivites_-_1er_semestre_2025_-_bernabe_ci.pdf,175009,2026-07-08T15:19:25.103121+00:00,rapports-2025
80e0c7565fe3754d742a327a4846e3020a75bffede290d4c9561eeb617e9eb62,rapport,2025,https://www.brvm.org/sites/default/files/20250502_-_rapport_dactivites_-_1er_trimestre_2025_-_bernabe_ci.pdf,e1b229e8_20250502_-_rapport_dactivites_-_1er_trimestre_2025_-_bernabe_ci.pdf,135424,2026-07-08T15:19:35.454182+00:00,rapports-2025
615494d21bd17b384d430abfaa5e5153aebc01dc41598c95cc3806535e71211f,rapport,2025,https://www.brvm.org/sites/default/files/20250430_-_etats_financiers_-_exercice_2024_-_bernabe_ci.pdf,327bdbef_20250430_-_etats_financiers_-_exercice_2024_-_bernabe_ci.pdf,58176,2026-07-08T15:19:45.720783+00:00,rapports-2025
b5a5a24b47c1af9a2b5932b7a768e4b33e74b0491d211dadeaadd6da6b078ea2,rapport,2024,https://www.brvm.org/sites/default/files/20241120_-_rapport_dactivites_-_3eme_trimestre_2024_-_bernabe_ci.pdf,e3479416_20241120_-_rapport_dactivites_-_3eme_trimestre_2024_-_bernabe_ci.pdf,121508,2026-07-08T15:19:56.075929+00:00,rapports-2024
8d3c9e0d6cd0d04d1830222bfeab27d5bbadea1d3775c8e5bb4c6d7751907e28,rapport,2024,https://www.brvm.org/sites/default/files/20241120_-_attestation_des_cacs_sur_le_rapport_dactivites_-_1er_semestre_2024_-_bernabe_ci.pdf,80d76db0_20241120_-_attestation_des_cacs_sur_le_rapport_dactivites_-_1er_semestre_2024_-_bernabe_ci.pdf,84031,2026-07-08T15:20:06.349017+00:00,rapports-2024
d438a2468ee6dd0bf2ecc13613f2bd7e47b96d3ecc7ea015736d2a5b2c52549d,rapport,2024,https://www.brvm.org/sites/default/files/20241120_-_rapport_dactivites_-_1er_semestre_2024_-_bernabe_ci.pdf,238f6a93_20241120_-_rapport_dactivites_-_1er_semestre_2024_-_bernabe_ci.pdf,140391,2026-07-08T15:20:16.700909+00:00,rapports-2024
e5f0565170ddbd0d7241a2cdaa017051a9388be326d901fc56a4787745418a1d,rapport,2024,https://www.brvm.org/sites/default/files/20240507_-_etats_financiers_de_synthese_-_bernabe_ci.pdf,9e3e6104_20240507_-_etats_financiers_de_synthese_-_bernabe_ci.pdf,57310,2026-07-08T15:20:26.969925+00:00,rapports-2024
1992e370e396561d09f5107115b10996e70db43f019f98c124393011481acb8a,rapport,2024,https://www.brvm.org/sites/default/files/20240502_-_rapport_dactivites_-_1er_trimestre_2024_-_bernabe_ci.pdf,763eaca9_20240502_-_rapport_dactivites_-_1er_trimestre_2024_-_bernabe_ci.pdf,136399,2026-07-08T15:20:37.327867+00:00,rapports-2024
735659bcb90ced56f458154174be5694f3eb4d422a43c2d847ae05747c1c74ce,rapport,2023,https://www.brvm.org/sites/default/files/20231102_-_attestation_des_cac_sur_le_rapport_dactivites_du_1er_semestre_2023_-_bernabe_ci.pdf,8bc26b1a_20231102_-_attestation_des_cac_sur_le_rapport_dactivites_du_1er_semestre_2023_-_bernabe_ci.pdf,285048,2026-07-08T15:20:47.764211+00:00,rapports-2023
e35c78f5a75f33c551f22796cb618886c41d5721435eb6f667a7fb072cf34d3a,rapport,2023,https://www.brvm.org/sites/default/files/20231027_-_rapport_dactivites_-_3eme_trimestre_2023_-_bernabe_ci.pdf,d5ccfbee_20231027_-_rapport_dactivites_-_3eme_trimestre_2023_-_bernabe_ci.pdf,140221,2026-07-08T15:20:58.250915+00:00,rapports-2023
1d3cf98897003ae0068b4497cd293e639d0f255642c2381773c9496d1152a356,rapport,2023,https://www.brvm.org/sites/default/files/20230801_-_etats_financiers_certifies_et_approuves_-_exercice_2022_-_bernabe_ci.pdf,4669c4fc_20230801_-_etats_financiers_certifies_et_approuves_-_exercice_2022_-_bernabe_ci.pdf,56000,2026-07-08T15:21:08.518763+00:00,rapports-2023
1a15248efdc66e6acc6d014da2651e81c386328a45442356bf0ad03526b6e4c8,rapport,2023,https://www.brvm.org/sites/default/files/20230428_-_rapport_dactivite_-_1er_trimestre_2023_-_bernabe_ci.pdf,29aa94a3_20230428_-_rapport_dactivite_-_1er_trimestre_2023_-_bernabe_ci.pdf,136307,2026-07-08T15:21:18.870648+00:00,rapports-2023
9de3fe2df8903803a89e1d669a886700a0422a93a6d2360a116f0e0dfeaa54ee,rapport,2023,https://www.brvm.org/sites/default/files/20230425_-_etats_financiers_exercice_2022_-_bernabe_ci.pdf,9e26eab0_20230425_-_etats_financiers_exercice_2022_-_bernabe_ci.pdf,55037,2026-07-08T15:21:29.136895+00:00,rapports-2023
9f62b9d8557f5dcad2557d9b110614b0258baf79faeda4945c6fa504e45fec9b,rapport,2022,https://www.brvm.org/sites/default/files/20221215_-_rapport_dactivite_-_3eme_trimestre_2022_-_bernabe_ci.pdf,4ea2a6ab_20221215_-_rapport_dactivite_-_3eme_trimestre_2022_-_bernabe_ci.pdf,154497,2026-07-08T15:21:39.490724+00:00,rapports-2022
f50ed4e5d54a1646db963fa18174db56d80889483dc55ac3882a6ac548ec6801,rapport,2022,https://www.brvm.org/sites/default/files/20220926_-_rapport_dactivite_du_1er_semestre_2022_-_bernabe_ci.pdf,a3c75546_20220926_-_rapport_dactivite_du_1er_semestre_2022_-_bernabe_ci.pdf,155911,2026-07-08T15:21:49.842347+00:00,rapports-2022
66b5895aed1bb2afafc89e96be59b56f320f8460da0077e3eea8b393dd624765,rapport,2022,https://www.brvm.org/sites/default/files/20220503_-_etats_financiers_exercice_2021_-_bernabe_ci.pdf,dc78d1ae_20220503_-_etats_financiers_exercice_2021_-_bernabe_ci.pdf,56417,2026-07-08T15:22:00.108947+00:00,rapports-2022
d545e264d55c7ef6db253c0a1b31ede733a43b41fdb42c2655d0f98e2fcdf140,rapport,2022,https://www.brvm.org/sites/default/files/20220503_-_rapport_dactivite_-_1er_trimestre_2022_-_bernabe_ci.pdf,7655b8d5_20220503_-_rapport_dactivite_-_1er_trimestre_2022_-_bernabe_ci.pdf,451646,2026-07-08T15:22:10.630973+00:00,rapports-2022
cf3205f33b08ecb65e7520d6b918f5774daabec2d4991ce4b599ddbba4d772ce,rapport,2026,https://www.brvm.org/sites/default/files/20260430_-_rapport_dactivites_-_1er_trimestre_2026_-_bici_ci.pdf,3fc31ab0_20260430_-_rapport_dactivites_-_1er_trimestre_2026_-_bici_ci.pdf,274579,2026-07-08T15:22:32.456738+00:00,rapports-2026
24a07bf1b1476bea597cf172533102cec574fdec99a8ffa27723205cb8e4a771,rapport,2026,https://www.brvm.org/sites/default/files/20260417_-_etats_financiers_-_exercice_2025_-_bici_ci.pdf,fb5e87b3_20260417_-_etats_financiers_-_exercice_2025_-_bici_ci.pdf,3839013,2026-07-08T15:22:43.328892+00:00,rapports-2026
876783f3272a5ef54322fe1ac0e1ca85ae4d5c524e02e9334bd5dfd3be968a69,rapport,2026,https://www.brvm.org/sites/default/files/20260417_-_rapport_dactivites_annuel_-_exercice_2025_-_bici_ci.pdf,304808f5_20260417_-_rapport_dactivites_annuel_-_exercice_2025_-_bici_ci.pdf,3573385,2026-07-08T15:22:54.117311+00:00,rapports-2026
b11838cada6c53e17d8d97f17955f8dbdcdd64477927f85b51f3da07b9a6a28e,rapport,2025,https://www.brvm.org/sites/default/files/20251029_-_rapport_dactivites_-_3eme_trimestre_2025_-_bici_ci.pdf,28ea8f8b_20251029_-_rapport_dactivites_-_3eme_trimestre_2025_-_bici_ci.pdf,276362,2026-07-08T15:23:04.554581+00:00,rapports-2025
f386147a5f0cf437cd897c2d1aa7804e1abfab52fbffbf1e9ecfce5aeae768fa,rapport,2025,https://www.brvm.org/sites/default/files/20251021_-_rapport_dactivites_-_1er_semestre_2025_-_bici_ci.pdf,901951ab_20251021_-_rapport_dactivites_-_1er_semestre_2025_-_bici_ci.pdf,214705,2026-07-08T15:23:14.992394+00:00,rapports-2025
6f70cb8446b3314870fe578ba951fba6273ca27655f3490fe3a1bbebab842206,rapport,2025,https://www.brvm.org/sites/default/files/20250430_-_rapport_dactivites_-_1er_trimestre_2025_-_bici_ci.pdf,bef27422_20250430_-_rapport_dactivites_-_1er_trimestre_2025_-_bici_ci.pdf,264935,2026-07-08T15:23:25.429376+00:00,rapports-2025
51f397023617f9efa071454160ae5f15b62484435a5842df0054e3eb24b77fe2,rapport,2025,https://www.brvm.org/sites/default/files/20250328_-_etats_financiers_-_exercice_2024_-_bici_ci.pdf,ebe51de4_20250328_-_etats_financiers_-_exercice_2024_-_bici_ci.pdf,1372667,2026-07-08T15:23:36.043926+00:00,rapports-2025
631ad7c7a82e4ba1e15c27d2b3d66d7ffc9805478328415db20deb6081c76b51,rapport,2024,https://www.brvm.org/sites/default/files/20241128_-_rapport_dactivites_-_3eme_trimestre_2024_-_bici_ci.pdf,8ebfd580_20241128_-_rapport_dactivites_-_3eme_trimestre_2024_-_bici_ci.pdf,183544,2026-07-08T15:23:46.417414+00:00,rapports-2024
e75ebd6e40b099d047976f488865cd34bab3aaac0cf98d863f6d3d75b48882a8,rapport,2024,https://www.brvm.org/sites/default/files/20241031_-_rapport_dactivites_-_1er_semestre_2024_-_bici_ci.pdf,3acf317b_20241031_-_rapport_dactivites_-_1er_semestre_2024_-_bici_ci.pdf,224306,2026-07-08T15:23:56.929513+00:00,rapports-2024
bff9b89dc7197aa352166eb31ec87a6909d5d3d44186d9379bbd4e45ee6acb66,rapport,2024,https://www.brvm.org/sites/default/files/20240502_-_etats_financiers_-_exercice_2023_-_bici_ci.pdf,a16f7d51_20240502_-_etats_financiers_-_exercice_2023_-_bici_ci.pdf,458215,2026-07-08T15:24:07.453268+00:00,rapports-2024
0fcff7944c90e385dc63c02d6631ef14863d29e67143616593f92c7ac006f218,rapport,2024,https://www.brvm.org/sites/default/files/20240430_-_rapport_dactivites_-_1er_trimestre_2024_-_bicici.pdf,443ce6be_20240430_-_rapport_dactivites_-_1er_trimestre_2024_-_bicici.pdf,136133,2026-07-08T15:24:17.828246+00:00,rapports-2024
e26c4c4c3b6df9db3ff1584f8010320d10c62d6d9789b48add1621d1322b0b93,rapport,2024,https://www.brvm.org/sites/default/files/20240110_-_rapport_dactivites_-_3eme_trimestre_2023_-_bici_ci.pdf,fe6920a1_20240110_-_rapport_dactivites_-_3eme_trimestre_2023_-_bici_ci.pdf,662587,2026-07-08T15:24:28.357969+00:00,rapports-2024
40b06d55b7e273829c11669961f6a3e30cf3ad27b056fc5434e4a654a370db8a,rapport,2023,https://www.brvm.org/sites/default/files/20230728_-_rapport_dactivites_-_1er_semestre_2023_-_bicici.pdf,37f18ce3_20230728_-_rapport_dactivites_-_1er_semestre_2023_-_bicici.pdf,905620,2026-07-08T15:24:38.974291+00:00,rapports-2023
f60882d1e98cf452423036ad2edbceb69ade1502917b88cbf790cc21d3a17f45,rapport,2022,https://www.brvm.org/sites/default/files/bilan_et_compte_de_resultat_bicici_31_12_2022_.pdf,c0ff47c3_bilan_et_compte_de_resultat_bicici_31_12_2022_.pdf,468571,2026-07-08T15:24:49.498685+00:00,rapports-2022
492df4551aa01c2e97415323331b50a3f4eed65e952d38e2e97b7a524b64fae0,rapport,2022,https://www.brvm.org/sites/default/files/20221018_-_rapport_dactivite_-_3eme_trimestre_2022_-_bicici.pdf,404993ba_20221018_-_rapport_dactivite_-_3eme_trimestre_2022_-_bicici.pdf,123093,2026-07-08T15:24:59.849653+00:00,rapports-2022
492df4551aa01c2e97415323331b50a3f4eed65e952d38e2e97b7a524b64fae0,rapport,2022,https://www.brvm.org/sites/default/files/20221018_-_rapport_dactivite_-_3eme_trimestre_2022_-_bicici_0.pdf,f5f1e6ec_20221018_-_rapport_dactivite_-_3eme_trimestre_2022_-_bicici_0.pdf,123093,2026-07-08T15:25:10.201323+00:00,rapports-2022
0a72f1336efb2a6ae2aced38a4744381ed1b66b14637dcfbc06ef497b396afe0,rapport,2022,https://www.brvm.org/sites/default/files/20220907_-_rapport_dactivite_-_1er_semestre_2022_-_bicici.pdf,00c99c85_20220907_-_rapport_dactivite_-_1er_semestre_2022_-_bicici.pdf,848717,2026-07-08T15:25:20.726369+00:00,rapports-2022
96c24dcc1175d5b4edaf54e52a9bbef1aa007f90a7d38f438af4a4b0943f55f9,rapport,2022,https://www.brvm.org/sites/default/files/20220729_-_rapport_dactivite_-_2eme_trimestre_2022_-_bicici.pdf,6f604424_20220729_-_rapport_dactivite_-_2eme_trimestre_2022_-_bicici.pdf,568003,2026-07-08T15:25:31.248853+00:00,rapports-2022
67d847bc2060d4ed7cd95a6237ee564105934a221ab4aa92142ab3820f4a144b,rapport,2022,https://www.brvm.org/sites/default/files/20220426_-_rapport_dactivite_-_1er_trimestre_2022_-_bici_ci.pdf,162a2c68_20220426_-_rapport_dactivite_-_1er_trimestre_2022_-_bici_ci.pdf,836492,2026-07-08T15:25:41.859959+00:00,rapports-2022
084bc1930c638d99fa9700cd1799c0ed32a77292fb629d002816e520e11f9536,rapport,2022,https://www.brvm.org/sites/default/files/20220406_-_etats_financiers_exercice_2021_-_bicici.pdf,298e025a_20220406_-_etats_financiers_exercice_2021_-_bicici.pdf,759937,2026-07-08T15:25:52.384102+00:00,rapports-2022
b5940f76a0502976889f3c8afa0b8551d113b9973620d528e3a12110274612c2,rapport,2026,https://www.brvm.org/sites/default/files/20260619_-_rapport_dactivites_annuel_et_etats_financiers_ifrs_-_exercice_2025_-_biic.pdf,400839df_20260619_-_rapport_dactivites_annuel_et_etats_financiers_ifrs_-_exercice_2025_-_biic.pdf,930818,2026-07-08T15:26:14.169587+00:00,rapports-2026
081c1e7da5be87c94c5044bf944f9c2577671d761657b4cbcc4b0895977658eb,rapport,2026,https://www.brvm.org/sites/default/files/20260619_-_rapport_des_commissaires_aux_comptes_sur_les_etats_financiers_annuels_-_exercice_2025_-_biic.pdf,47d5162b_20260619_-_rapport_des_commissaires_aux_comptes_sur_les_etats_financiers_annuels_-_exercice_2025_-_biic.pdf,641151,2026-07-08T15:26:24.761403+00:00,rapports-2026
6dfb9d495eebaf39a2336aa6871498502c8d1a5f440b2a89d920f2dceeee6456,rapport,2025,https://www.brvm.org/sites/default/files/20251204_-_rapport_dactivites_-_2eme_trimestre_2025_-_biic_bn.pdf,7abd3192_20251204_-_rapport_dactivites_-_2eme_trimestre_2025_-_biic_bn.pdf,142825,2026-07-08T15:26:35.112785+00:00,rapports-2025
9f5e57270040e7fbcfa0a7d0b7367861e287b55d6b33b55a882cce78e176c10f,rapport,2025,https://www.brvm.org/sites/default/files/20251204_-_rapport_dactivites_-_3eme_trimestre_2025_-_biic_bn.pdf,0202011f_20251204_-_rapport_dactivites_-_3eme_trimestre_2025_-_biic_bn.pdf,148567,2026-07-08T15:26:45.466604+00:00,rapports-2025
4fa4675e79fe3641ef61f13ed36cebe4a248d2750846f7045d6824b24ba27e12,rapport,2025,https://www.brvm.org/sites/default/files/20251204_-_rapport_des_commissaires_aux_comptes_sur_les_etats_financiers_-_1er_semestre_2025_-_biic_bn.pdf,7f0209c8_20251204_-_rapport_des_commissaires_aux_comptes_sur_les_etats_financiers_-_1er_semestre_2025_-_biic_bn.pdf,9005626,2026-07-08T15:26:56.517221+00:00,rapports-2025
91732e2b594753948c7ce896083f9fc9d246b7dd6796c2a6a2f8c2121dc21e75,rapport,2025,https://www.brvm.org/sites/default/files/20250627_-_etats_financiers_-_exercice_2024_-_bidc.pdf,6a7315cd_20250627_-_etats_financiers_-_exercice_2024_-_bidc.pdf,1552689,2026-07-08T15:27:07.134498+00:00,rapports-2025
341d267d46f2996f9100ef282b1395b8cad929d6f3a647814e44fec8f3cb3a82,rapport,2025,https://www.brvm.org/sites/default/files/20250626_-_etats_financiers_-_exercice_2024_-_biic_bn.pdf,d8c0caaa_20250626_-_etats_financiers_-_exercice_2024_-_biic_bn.pdf,2338471,2026-07-08T15:27:17.834352+00:00,rapports-2025
f4294ec72bd0b63d2117d0efbc5491c77b0efb15601ba6801bc49bc87496a531,rapport,2025,https://www.brvm.org/sites/default/files/20251205_-_rapport_dactivites_-_3eme_trimestre_2025_-_africa_global_logistics_ci.pdf,52b6ae09_20251205_-_rapport_dactivites_-_3eme_trimestre_2025_-_africa_global_logistics_ci.pdf,1006742,2026-07-08T15:27:40.225085+00:00,rapports-2025
cc18d3825ddc98a1adcbb24a66e7158edc5956a8d92cc9bc70e1202bde567a1b,rapport,2025,https://www.brvm.org/sites/default/files/20251111_-_rapport_dactivites_et_attestation_des_commissaires_aux_comptes_-_1er_semestre_2025_-_africa_global_logistics_ci.pdf,e17a18d1_20251111_-_rapport_dactivites_et_attestation_des_commissaires_aux_comptes_-_1er_semestre_2025_-_africa_global_logistics_ci.pdf,983326,2026-07-08T15:27:50.835177+00:00,rapports-2025
f93a16cd99855f59e83061a3bce6881a275913273737c69825b8ea42bee2d485,rapport,2025,https://www.brvm.org/sites/default/files/20250829_-_etats_financiers_et_rapport_des_cac_-_exercice_2024_-_africa_global_logistics_ci.pdf,7d6e114d_20250829_-_etats_financiers_et_rapport_des_cac_-_exercice_2024_-_africa_global_logistics_ci.pdf,15336451,2026-07-08T15:28:02.158371+00:00,rapports-2025
d57c15171853964fa396fcfc918e6070bcfeb75980432077e2070493a9968290,rapport,2025,https://www.brvm.org/sites/default/files/20250515_-_rapport_dactivites_-_1er_trimestre_2025_-_africa_global_logistics_ci_annule_et_remplace_le_precedent.pdf,7270858c_20250515_-_rapport_dactivites_-_1er_trimestre_2025_-_africa_global_logistics_ci_annule_et_remplace_le_precedent.pdf,551567,2026-07-08T15:28:12.683019+00:00,rapports-2025
942c3016c3f31db55f202ba82579ed42d74d73da2a7585381a1762340b04986f,rapport,2025,https://www.brvm.org/sites/default/files/20250513_-_rapport_dactivites_-_1er_trimestre_2025_-_africa_global_logistics_ci.pdf,9290f6e2_20250513_-_rapport_dactivites_-_1er_trimestre_2025_-_africa_global_logistics_ci.pdf,550603,2026-07-08T15:28:23.206823+00:00,rapports-2025
e1425f5c68e2f7389c10dfdb21124b1f7844075faadd7e2b269b58584b748fdb,rapport,2024,https://www.brvm.org/sites/default/files/20241127_-_rapport_dactivites_et_attestation_des_cacs_-_1er_semestre_2024_-_africa_global_logistics_ci.pdf,dc43fcf0_20241127_-_rapport_dactivites_et_attestation_des_cacs_-_1er_semestre_2024_-_africa_global_logistics_ci.pdf,311358,2026-07-08T15:28:33.643615+00:00,rapports-2024
66f32a616e97ee68c429338cad0770c76e547d010a9c592e0c68e93732651a7d,rapport,2024,https://www.brvm.org/sites/default/files/20241127_-_rapport_dactivites_-_3eme_trimestre_2024_-_africa_global_logistics_ci.pdf,9b261876_20241127_-_rapport_dactivites_-_3eme_trimestre_2024_-_africa_global_logistics_ci.pdf,990728,2026-07-08T15:28:44.252049+00:00,rapports-2024
e59445b835841b0dfa0ad2203b460a8025f38bd16f137fd5db3655368c9ff16a,rapport,2024,https://www.brvm.org/sites/default/files/20240613_-_etats_financiers_-_exercice_2023_-_africa_global_logistics_ci.pdf,4025a5b9_20240613_-_etats_financiers_-_exercice_2023_-_africa_global_logistics_ci.pdf,15962193,2026-07-08T15:28:55.493070+00:00,rapports-2024
14a4fc0c9b080f27e00f12f35928e06bb40d9116132a25e80ccbcdd8a1dce698,rapport,2024,https://www.brvm.org/sites/default/files/20240502_-_rapport_dactivites_-_1er_trimestre_2024_-_africa_global_logistics_ci_ex-bollore.pdf,98d3ee06_20240502_-_rapport_dactivites_-_1er_trimestre_2024_-_africa_global_logistics_ci_ex-bollore.pdf,6584457,2026-07-08T15:29:06.422444+00:00,rapports-2024
e98056ed8b5589f5a06906ee9d5776fde75bd6296fb50dd7df108d9147a1b66f,rapport,2023,https://www.brvm.org/sites/default/files/20231109_-_rapport_dactivites_et_attestation_des_cac_-_1er_semestre_2023_-_agl_ci.pdf,54d6af5f_20231109_-_rapport_dactivites_et_attestation_des_cac_-_1er_semestre_2023_-_agl_ci.pdf,1648096,2026-07-08T15:29:17.117044+00:00,rapports-2023
f03f331af9df831706b5999f76947157c7f913c250a53e5ea04f19943e5c1741,rapport,2023,https://www.brvm.org/sites/default/files/20231109_-_rapport_dactivites_-_3eme_trimestre_2023_-_agl_ci.pdf,599f75e1_20231109_-_rapport_dactivites_-_3eme_trimestre_2023_-_agl_ci.pdf,1330620,2026-07-08T15:29:27.727931+00:00,rapports-2023
7b6328fe5e9d256121a7d7adea19f3d447ca598753df0dc2bde76e5c3c693f4f,rapport,2023,https://www.brvm.org/sites/default/files/20231106_-_rapport_des_commissaires_aux_comptes_-_etats_financiers_consolides_exercice_2022_-_agl_cote_divoire.pdf,840e2d47_20231106_-_rapport_des_commissaires_aux_comptes_-_etats_financiers_consolides_exercice_2022_-_agl_cote_divoire.pdf,880063,2026-07-08T15:29:38.338042+00:00,rapports-2023
c145de1603147240f4d2f4a863379a594361d34d24052e2840432541836da58c,rapport,2023,https://www.brvm.org/sites/default/files/20231106_-_rapport_des_commissaires_aux_comptes_ifrs_-_etats_financiers_individuels_exercice_2022_-_agl_cote_divoire.pdf,77b7e8e4_20231106_-_rapport_des_commissaires_aux_comptes_ifrs_-_etats_financiers_individuels_exercice_2022_-_agl_cote_divoire.pdf,815158,2026-07-08T15:29:48.958552+00:00,rapports-2023
03e3e6504653e6595983071a8e3a5c60e8182d5433cbcbd46f3c2c11ea60d0a8,rapport,2023,https://www.brvm.org/sites/default/files/20231103_-_etats_financiers_exercice_2022_-_africa_global_logistics_ci_ex_bollore.pdf,d3b34384_20231103_-_etats_financiers_exercice_2022_-_africa_global_logistics_ci_ex_bollore.pdf,2845081,2026-07-08T15:29:59.874283+00:00,rapports-2023
1e54dbf95fbdcf3cc26ab118b62ec9c73150bbe218db6027a21729968c0bc151,rapport,2023,https://www.brvm.org/sites/default/files/20231002_-_etats_financiers_exercice_2022_-_africa_global_logistics_ci_ex_bollore.pdf,15f74eff_20231002_-_etats_financiers_exercice_2022_-_africa_global_logistics_ci_ex_bollore.pdf,2390574,2026-07-08T15:30:10.585903+00:00,rapports-2023
1e54dbf95fbdcf3cc26ab118b62ec9c73150bbe218db6027a21729968c0bc151,rapport,2023,https://www.brvm.org/sites/default/files/20230609_-_etats_financiers_exercice_2022_-_africa_global_logistics_ci_ex_bollore.pdf,ffeb94c5_20230609_-_etats_financiers_exercice_2022_-_africa_global_logistics_ci_ex_bollore.pdf,2390574,2026-07-08T15:30:21.291556+00:00,rapports-2023
933544d7b38223225698e6573282417c678e752999c4ed64c83229340385bc79,rapport,2023,https://www.brvm.org/sites/default/files/20230428_-_rapport_dactivite_-_1er_trimestre_2023_-_africa_global_logistics_ex_bollore.pdf,99396978_20230428_-_rapport_dactivite_-_1er_trimestre_2023_-_africa_global_logistics_ex_bollore.pdf,1399424,2026-07-08T15:30:32.187518+00:00,rapports-2023
c5616243016a6f2777407bbbf2879a412fbcc47532e806ca540b1c7805a302f6,rapport,2022,https://www.brvm.org/sites/default/files/20221116_-_rapport_dactivite_et_attestation_des_commissaires_aux_comptes_-_1er_semestre_2022_-_bollore_transport_logistics_ci.pdf,4c79563b_20221116_-_rapport_dactivite_et_attestation_des_commissaires_aux_comptes_-_1er_semestre_2022_-_bollore_transport_logistics_ci.pdf,2443452,2026-07-08T15:30:42.900716+00:00,rapports-2022
4ebcbd18704dd4002d314241805be32cac103df3147536cd7fe2842318ebcc4b,rapport,2022,https://www.brvm.org/sites/default/files/20221103_-_rapport_dactivite_-_3eme_trimestre_2022_-_bollore_transport_logistics_ci.pdf,e644f9ea_20221103_-_rapport_dactivite_-_3eme_trimestre_2022_-_bollore_transport_logistics_ci.pdf,1166103,2026-07-08T15:30:53.524256+00:00,rapports-2022
08f6bb39d082d10b1f61b0b3c472dfda81a2009d5b91907d98782d50f67fa4e3,rapport,2022,https://www.brvm.org/sites/default/files/20220518_-_rapport_dactivite_-_1er_trimestre_2022_-_bollore_transport_logistics_ci.pdf,83e73207_20220518_-_rapport_dactivite_-_1er_trimestre_2022_-_bollore_transport_logistics_ci.pdf,1356679,2026-07-08T15:31:04.134734+00:00,rapports-2022
9abc6d7a04c80057c3ad43d5c09bf2a7017100b8b8dd2feb084da82847adefde,rapport,2025,https://www.brvm.org/sites/default/files/20251222_-_rapport_dactivites_-_3eme_trimestre_2025_-_cfao_motors_ci.pdf,b23c0ef1_20251222_-_rapport_dactivites_-_3eme_trimestre_2025_-_cfao_motors_ci.pdf,505217,2026-07-08T15:31:26.819217+00:00,rapports-2025
7e566247f89a3fb6e6f632fe1ae802ec3cb5e9494254f3bcfe431e4dd6136c34,rapport,2025,https://www.brvm.org/sites/default/files/20251030_-_rapport_dactivites_-_1er_semestre_2025_-_cfao_motors_ci.pdf,2e099342_20251030_-_rapport_dactivites_-_1er_semestre_2025_-_cfao_motors_ci.pdf,1222428,2026-07-08T15:31:37.431290+00:00,rapports-2025
2be5c5995360f99d38bf0a14905ca58c7f0f064247a2349605f5ff1b4b5cc1db,rapport,2025,https://www.brvm.org/sites/default/files/20250617_-_etats_financiers_-_exercices_2018_a_2023_-_tractafric_motors_ci_annule_et_remplace_le_precedent.pdf,7c31ef4a_20250617_-_etats_financiers_-_exercices_2018_a_2023_-_tractafric_motors_ci_annule_et_remplace_le_precedent.pdf,686525,2026-07-08T15:31:47.955012+00:00,rapports-2025
6a1a0ed22fea83726e2bb596560d19c6e9e3dc406ec5dc2a515ccd6b8f5d7ebf,rapport,2025,https://www.brvm.org/sites/default/files/20250516_-_etats_financiers_-_exercice_2024_-_cfao_motors_ci.pdf,e8605313_20250516_-_etats_financiers_-_exercice_2024_-_cfao_motors_ci.pdf,150243,2026-07-08T15:31:58.305579+00:00,rapports-2025
32ab36f824aeffe69d9d456bcdcb982e59f2732d3ae1b538c697fa60c77afff4,rapport,2025,https://www.brvm.org/sites/default/files/20250516_-_rapport_dactivites_-_1er_trimestre_2025_-_cfao_motors_ci.pdf,92adf0ee_20250516_-_rapport_dactivites_-_1er_trimestre_2025_-_cfao_motors_ci.pdf,364707,2026-07-08T15:32:08.742904+00:00,rapports-2025
eeae331fa57838d8053438de6a78fa546bdee2029aaef489b1d05ded99957a80,rapport,2025,https://www.brvm.org/sites/default/files/20250516_-_rapport_dactivites_annuel_-_exercice_2024_-_cfao_motors_ci.pdf,b24b3599_20250516_-_rapport_dactivites_annuel_-_exercice_2024_-_cfao_motors_ci.pdf,324780,2026-07-08T15:32:19.201835+00:00,rapports-2025
393eaae7fc25301befc91aad487e311160195323af77fa1f86cc78173cd34a55,rapport,2024,https://www.brvm.org/sites/default/files/20241030_-_rapport_dactivites_-_1er_semestre_2024_-_cfao_motors_ci.pdf,dd6ef147_20241030_-_rapport_dactivites_-_1er_semestre_2024_-_cfao_motors_ci.pdf,865163,2026-07-08T15:32:29.727835+00:00,rapports-2024
43a60f60f82986f720ba142dd7243c044ac41c7a1cf2ac3de56e9857fd1ee78c,rapport,2024,https://www.brvm.org/sites/default/files/20241030_-_rapport_dactivites_-_1er_trimestre_2024_-_cfao_motors_ci.pdf,f2203c27_20241030_-_rapport_dactivites_-_1er_trimestre_2024_-_cfao_motors_ci.pdf,386746,2026-07-08T15:32:40.165101+00:00,rapports-2024
43a60f60f82986f720ba142dd7243c044ac41c7a1cf2ac3de56e9857fd1ee78c,rapport,2024,https://www.brvm.org/sites/default/files/20241030_-_rapport_dactivites_-_1er_trimestre_2024_-_cfao_motors_ci_1.pdf,013d598e_20241030_-_rapport_dactivites_-_1er_trimestre_2024_-_cfao_motors_ci_1.pdf,386746,2026-07-08T15:32:50.607499+00:00,rapports-2024
b8c8a9d2e8993c2ed4db16285869ed145c235a53ed460d8b051f592308303314,rapport,2024,https://www.brvm.org/sites/default/files/20240426_-_rapport_annuel_-_exercice_2023_-_cfao_motors_ci.pdf,6f2a709b_20240426_-_rapport_annuel_-_exercice_2023_-_cfao_motors_ci.pdf,106434,2026-07-08T15:33:00.982217+00:00,rapports-2024
1279efbb9a19129873ea5dae3e2e082e883c62cf0951c63998bd5dbbeefa0b9a,rapport,2023,https://www.brvm.org/sites/default/files/20231114_-_rapport_dactivites_-_1er_semestre_2023_-_cfao_motors_ci.pdf,3c3b5ff6_20231114_-_rapport_dactivites_-_1er_semestre_2023_-_cfao_motors_ci.pdf,843168,2026-07-08T15:33:11.590107+00:00,rapports-2023
46dde7b6e21ad1b07ae2a26845f67474771ee969591ef857b94cdf7ed55a946e,rapport,2023,https://www.brvm.org/sites/default/files/20231114_-_attestation_des_cac_sur_le_rapport_dactivites_du_1er_semestre_2023_-_cfao_motors_ci.pdf,68fb7ff9_20231114_-_attestation_des_cac_sur_le_rapport_dactivites_du_1er_semestre_2023_-_cfao_motors_ci.pdf,640084,2026-07-08T15:33:22.113494+00:00,rapports-2023
0b48e4453ced9cec328bf1c44bf0d4bb596994789fed09b0a4a975f990cd00b0,rapport,2023,https://www.brvm.org/sites/default/files/20230525_-_rapport_dactivite_-_1er_trimestre_2023_-_cfao_motors_ci.pdf,cc00d04d_20230525_-_rapport_dactivite_-_1er_trimestre_2023_-_cfao_motors_ci.pdf,507849,2026-07-08T15:33:32.643529+00:00,rapports-2023
867d549cbada8b49eb72e9d7209dfbef14907f09b4d8b6cef74ae3cadbbdd956,rapport,2022,https://www.brvm.org/sites/default/files/etats_financiers_provisoire_exercice_2022_-_cfao_motors_ci_.pdf,a84b3e98_etats_financiers_provisoire_exercice_2022_-_cfao_motors_ci_.pdf,929911,2026-07-08T15:33:43.254460+00:00,rapports-2022
c64aba1716e5edb47ad39120a5b8e51e4899bf23af43f2bc8ffdb142ba579a97,rapport,2022,https://www.brvm.org/sites/default/files/rapport_dactivite_2022_-_cfao_motors_ci.pdf,21565382_rapport_dactivite_2022_-_cfao_motors_ci.pdf,608267,2026-07-08T15:33:53.781329+00:00,rapports-2022
b48d00d959c43bd4ea607c297aa514b12b1ed1f8c8c4a974018bd31146a0496e,rapport,2022,https://www.brvm.org/sites/default/files/rapport_dactivite_-_3eme_trimestre_2022_-_cfao_motors_ci.pdf,4d6a1817_rapport_dactivite_-_3eme_trimestre_2022_-_cfao_motors_ci.pdf,325247,2026-07-08T15:34:04.224272+00:00,rapports-2022
b48d00d959c43bd4ea607c297aa514b12b1ed1f8c8c4a974018bd31146a0496e,rapport,2022,https://www.brvm.org/sites/default/files/rapport_dactivite_-_3eme_trimestre_2022_-_cfao_motors_ci_0.pdf,bb75e078_rapport_dactivite_-_3eme_trimestre_2022_-_cfao_motors_ci_0.pdf,325247,2026-07-08T15:34:14.665506+00:00,rapports-2022
f3ba2af71979915a0481ce0b7deef675bf80c8e7dd008fa9c6fa4b31da24b466,rapport,2022,https://www.brvm.org/sites/default/files/20221024_-_rapport_dactivite_-_1er_semestre_2022_-_cfao_motors_ci.pdf,d0dc8265_20221024_-_rapport_dactivite_-_1er_semestre_2022_-_cfao_motors_ci.pdf,613083,2026-07-08T15:34:25.189174+00:00,rapports-2022
3f87e866ca028045498b8cfe6a8bad74ba1d49fad5e184e1daba07ffb260e031,rapport,2022,https://www.brvm.org/sites/default/files/20221024_-_attestation_des_commissaires_aux_comptes_-_1er_semestre_2022_-_cfao_motors_ci_0.pdf,13b7a012_20221024_-_attestation_des_commissaires_aux_comptes_-_1er_semestre_2022_-_cfao_motors_ci_0.pdf,780291,2026-07-08T15:34:35.715006+00:00,rapports-2022
69cef19e1335aa97024bced4a0827d6ea31fefc221aa34bb839f2c5099d08012,rapport,2022,https://www.brvm.org/sites/default/files/20220503_-_rapport_dactivite_-_1er_trimestre_2022_-_cfao_motors_ci.pdf,17410dc4_20220503_-_rapport_dactivite_-_1er_trimestre_2022_-_cfao_motors_ci.pdf,353788,2026-07-08T15:34:46.151660+00:00,rapports-2022
567587d32dd6fc2b19d04fb0315022845f881215f89172d2566edc8e3941966c,rapport,2026,https://www.brvm.org/sites/default/files/20260520_-_etats_financiers_syscohada_et_ifrs_-_exercice_2025_-_cie_ci.pdf,2e6528d0_20260520_-_etats_financiers_syscohada_et_ifrs_-_exercice_2025_-_cie_ci.pdf,549195,2026-07-08T15:35:08.721772+00:00,rapports-2026
3c2135f4da4e9e2cc172d38d226d57a17ed1aff190eebd9a7dfb821af74b332e,rapport,2025,https://www.brvm.org/sites/default/files/20251030_-_rapport_dactivites_-_1er_semestre_2025_-_cie_ci.pdf,e8c5b415_20251030_-_rapport_dactivites_-_1er_semestre_2025_-_cie_ci.pdf,797377,2026-07-08T15:35:19.245528+00:00,rapports-2025
c361083d669933d8f77ba1669db09824abfc4660ee3f68482641548ec75fd275,rapport,2025,https://www.brvm.org/sites/default/files/20251030_-_attestation_des_commissaires_aux_comptes_et_rapport_dactivites_-_1er_semestre_2025_-_cie_ci.pdf,30c313a5_20251030_-_attestation_des_commissaires_aux_comptes_et_rapport_dactivites_-_1er_semestre_2025_-_cie_ci.pdf,854638,2026-07-08T15:35:29.853440+00:00,rapports-2025
3f65befea7c97079be468425b5898ebb5cca215b53c312a38363243cc5f5f652,rapport,2025,https://www.brvm.org/sites/default/files/20250430_-_etats_financiers_-_norme_syscohada_-_exercice_2024_-_cie_ci.pdf,bbbc328b_20250430_-_etats_financiers_-_norme_syscohada_-_exercice_2024_-_cie_ci.pdf,282319,2026-07-08T15:35:40.290782+00:00,rapports-2025
ee88bd25fac3a0ef619ef6612baa35a6459fc64a174b7560dfe424f17a59f757,rapport,2024,https://www.brvm.org/sites/default/files/20241030_-_rapport_dactivites_certifie_par_les_cacs_-_1er_semestre_2024_-_cie_ci.pdf,64415439_20241030_-_rapport_dactivites_certifie_par_les_cacs_-_1er_semestre_2024_-_cie_ci.pdf,754463,2026-07-08T15:35:50.833662+00:00,rapports-2024
494d0fcab41f02fa863805052596be00326530495865344fa9fb342119f3cb7a,rapport,2024,https://www.brvm.org/sites/default/files/20240606_-_etats_financiers_-_exercice_2023_-_cie_ci.pdf,ab5ae066_20240606_-_etats_financiers_-_exercice_2023_-_cie_ci.pdf,3990341,2026-07-08T15:36:01.630248+00:00,rapports-2024
794d76ecc4ce4a409798a0c11fc2dda1f3520837400a08e96363467ccc9bb961,rapport,2024,https://www.brvm.org/sites/default/files/20240502_-_etats_financiers_syscohada_-_exercice_2023_-_cie_ci.pdf,caaaf9a9_20240502_-_etats_financiers_syscohada_-_exercice_2023_-_cie_ci.pdf,275247,2026-07-08T15:36:12.069615+00:00,rapports-2024
d6da48924485ee23266e0d7de8367e0853b49c30e9d20403ae0339a98cc3a67d,rapport,2024,https://www.brvm.org/sites/default/files/20240430_-_rapport_dactivites_-_1er_trimestre_2024_-_cie_ci.pdf,088155c7_20240430_-_rapport_dactivites_-_1er_trimestre_2024_-_cie_ci.pdf,329264,2026-07-08T15:36:22.507152+00:00,rapports-2024
42f6ed8ea420d41422b9b43906c0c18630c63ebcd026e95aad9e3c0e8bd6f96c,rapport,2024,https://www.brvm.org/sites/default/files/20240131_-_rapport_dactivites_-_3eme_trimestre_2023_-_cie_ci.pdf,fa3120a0_20240131_-_rapport_dactivites_-_3eme_trimestre_2023_-_cie_ci.pdf,126177,2026-07-08T15:36:32.858747+00:00,rapports-2024
e943c49fd1b59acffe2ac07ea57a871b346f1d3cca6254c26d769903e8ecb1e1,rapport,2023,https://www.brvm.org/sites/default/files/20231031_-_rapport_dactivites_-_1er_semestre_2023_-_cie_ci.pdf,c679ed33_20231031_-_rapport_dactivites_-_1er_semestre_2023_-_cie_ci.pdf,733594,2026-07-08T15:36:43.382423+00:00,rapports-2023
bfc40faae37e22b8b1d5b9c47da89d3734fe333b126b3ea5b1b643ec6b4588af,rapport,2023,https://www.brvm.org/sites/default/files/20231031_-_rapport_dactivites_consolide_-_1er_semestre_2023_-_cie_ci.pdf,fb1b2d2b_20231031_-_rapport_dactivites_consolide_-_1er_semestre_2023_-_cie_ci.pdf,884185,2026-07-08T15:36:53.994940+00:00,rapports-2023
0e989ae98d3af27fa9c4dbcb5520570225a8f485edca2df5eff81787bc7e1362,rapport,divers,https://www.brvm.org/sites/default/files/etats_financiers_de_synthese_cie.pdf,56dd86a2_etats_financiers_de_synthese_cie.pdf,2309940,2026-07-08T15:37:04.776299+00:00,rapports-divers
87d3cbdb8e972f269aaeb28f691d5c6b5676c583c7b2030b8305160e0ee0336a,rapport,2023,https://www.brvm.org/sites/default/files/20230427_-_etats_financiers_ifrs_exercice_2022_-_cie_ci.pdf,2cd6dc9b_20230427_-_etats_financiers_ifrs_exercice_2022_-_cie_ci.pdf,181662,2026-07-08T15:37:15.212119+00:00,rapports-2023
15bd166c920c1ab6a0d3466bafc6cf1711d60ee75e9b377cfbf1e585228878c2,rapport,2023,https://www.brvm.org/sites/default/files/20230427_-_etats_financiers_syscohada_exercice_2022_-_cie_ci.pdf,4627aac3_20230427_-_etats_financiers_syscohada_exercice_2022_-_cie_ci.pdf,78630,2026-07-08T15:37:25.484298+00:00,rapports-2023
d09512bcf0b0c09563c862a89af849c5f45c19ebb64cced1044e888a4bbb8f23,rapport,2023,https://www.brvm.org/sites/default/files/20230427_-_etats_financiers_par_secteur_syscohada_exercice_2022_-_cie_ci.pdf,f8964bfe_20230427_-_etats_financiers_par_secteur_syscohada_exercice_2022_-_cie_ci.pdf,271838,2026-07-08T15:37:35.920944+00:00,rapports-2023
1b6505b1b7d062f43aa1a06c3688b802eef9de86fd8a68162c6340a8992a2453,rapport,2022,https://www.brvm.org/sites/default/files/20221031_-_attestation_des_commissaires_aux_comptes_-_1er_semestre_2022_-_cie_ci.pdf,75bc141d_20221031_-_attestation_des_commissaires_aux_comptes_-_1er_semestre_2022_-_cie_ci.pdf,321554,2026-07-08T15:37:46.411348+00:00,rapports-2022
6dfe7e61c44fd5953dbaa9d0b20c70ba09d7abf62caf29aa2ca33fe700bbfd11,rapport,2022,https://www.brvm.org/sites/default/files/20221031_-_rapport_dactivite_-_1er_semestre_2022_-_cie_ci.pdf,0ce934ca_20221031_-_rapport_dactivite_-_1er_semestre_2022_-_cie_ci.pdf,2412845,2026-07-08T15:37:57.119548+00:00,rapports-2022
b84ebd6b823176871c7e884975a8446824e5e2207177a3738d1e0cbcfcae88fe,rapport,2022,https://www.brvm.org/sites/default/files/20220603_-_etat_financier_exercice_2021_-_cie.pdf,527cf771_20220603_-_etat_financier_exercice_2021_-_cie.pdf,882296,2026-07-08T15:38:07.737967+00:00,rapports-2022
b0bc8eb5a52c274fe1e6a312c8be14151ce8a32e0c566d75ab62c8756e2e6e32,rapport,2022,https://www.brvm.org/sites/default/files/20220429_-_etats_financiers_ifrs_exercice_2021_-_cie.pdf,83cf8efa_20220429_-_etats_financiers_ifrs_exercice_2021_-_cie.pdf,132509,2026-07-08T15:38:18.089685+00:00,rapports-2022
ec4d03eec17bf74f72c27eba1a47366a670ed5e9d14b26e811e57156b6e60024,rapport,2022,https://www.brvm.org/sites/default/files/20220429_-_etats_financiers_syscohada_exercice_2021_-_cie.pdf,673a4f0d_20220429_-_etats_financiers_syscohada_exercice_2021_-_cie.pdf,79126,2026-07-08T15:38:28.361426+00:00,rapports-2022
eb6578b7ea6fb3792fe0cf79955db9b64211486601b567be778e8e8e5bef95ba,rapport,2026,https://www.brvm.org/sites/default/files/20260707_-_etats_financiers_-_exercice_2025_-_coris_bank_international_bf.pdf,682834bc_20260707_-_etats_financiers_-_exercice_2025_-_coris_bank_international_bf.pdf,13203217,2026-07-08T15:39:00.731464+00:00,rapports-2026
0aeb5d56eb4da6722f44eb4ffe66cc3caba048e13adaed3d4ea3792e83732ad8,rapport,2026,https://www.brvm.org/sites/default/files/20260430_-_rapport_dactivites_-_1er_trimestre_2026_-_coris_bank_international_bf.pdf,bd62ce4d_20260430_-_rapport_dactivites_-_1er_trimestre_2026_-_coris_bank_international_bf.pdf,1135607,2026-07-08T15:39:11.340856+00:00,rapports-2026
c8af2a5fe3b7e4325a56f22eef955c056ef03e245e2409bb504272890de6c8ae,rapport,2026,https://www.brvm.org/sites/default/files/20260423_-_rapport_dactivites_annuel_-_exercice_2025_-_coris_bank_international_bf.pdf,9dd6871b_20260423_-_rapport_dactivites_annuel_-_exercice_2025_-_coris_bank_international_bf.pdf,1900315,2026-07-08T15:39:22.035196+00:00,rapports-2026
052b81772370ad5c674c1a3f703db7766793a2c6c8fb4de154a3ffcd59a2192a,rapport,2025,https://www.brvm.org/sites/default/files/20251030_-_rapport_dactivites_-_3eme_trimestre_2025_-_coris_bank_international_bf.pdf,a326f433_20251030_-_rapport_dactivites_-_3eme_trimestre_2025_-_coris_bank_international_bf.pdf,1370120,2026-07-08T15:39:32.728632+00:00,rapports-2025
434b46a4218c5e5ecf0deb7290f301de57a96ffa63f9b64badf558ca21aa9266,rapport,2025,https://www.brvm.org/sites/default/files/20250825_-_rapport_dactivites_-_1er_semestre_2025_-_coris_bank_international_bf.pdf,7c2acf9f_20250825_-_rapport_dactivites_-_1er_semestre_2025_-_coris_bank_international_bf.pdf,1764443,2026-07-08T15:39:43.431199+00:00,rapports-2025
58c1216074af54014d8c56eeca24ec1b95b6c35863669764a12e7d13ef3928ce,rapport,2025,https://www.brvm.org/sites/default/files/20250430_-_rapport_dactivites_-_1er_trimestre_2025_-_coris_bank_international_bf.pdf,47c1fd3d_20250430_-_rapport_dactivites_-_1er_trimestre_2025_-_coris_bank_international_bf.pdf,542467,2026-07-08T15:39:53.954319+00:00,rapports-2025
bcd47559e6019ad134e2d1080907fa6a7756381ca1d162eb30e4064d8e4a18b2,rapport,2025,https://www.brvm.org/sites/default/files/20250430_-_rapport_dactivites_annuel_-_exercice_2024_-_coris_bank_international_bf.pdf,f367a7f9_20250430_-_rapport_dactivites_annuel_-_exercice_2024_-_coris_bank_international_bf.pdf,680071,2026-07-08T15:40:04.476635+00:00,rapports-2025
41a6ae20f8c6aa615804359335d86f6b4aa5bb6bafe612a4694735029c9b1d01,rapport,2024,https://www.brvm.org/sites/default/files/20241031_-_rapport_dactivites_-_3eme_trimestre_2024_-_coris_bank_international_bf.pdf,be8c24ba_20241031_-_rapport_dactivites_-_3eme_trimestre_2024_-_coris_bank_international_bf.pdf,592897,2026-07-08T15:40:15.008113+00:00,rapports-2024
8fb042a2d9fe05d6881c4496dedf54a68900159f2a4fcc1c6ae8bfeaf661bc05,rapport,2024,https://www.brvm.org/sites/default/files/20240820_-_rapport_dactivites_-_1er_semestre_2024_-_coris_bank_international_bf.pdf,44cf38d3_20240820_-_rapport_dactivites_-_1er_semestre_2024_-_coris_bank_international_bf.pdf,1549372,2026-07-08T15:40:25.627650+00:00,rapports-2024
8fb042a2d9fe05d6881c4496dedf54a68900159f2a4fcc1c6ae8bfeaf661bc05,rapport,2024,https://www.brvm.org/sites/default/files/20240820_-_rapport_dactivites_-_1er_semestre_2024_-_coris_bank_international_bf_0.pdf,ee3b072b_20240820_-_rapport_dactivites_-_1er_semestre_2024_-_coris_bank_international_bf_0.pdf,1549372,2026-07-08T15:40:36.319650+00:00,rapports-2024
8add145634191d491dded7b3dae9740b3a240eaf4b6353239565b0496a2b5c9e,rapport,2024,https://www.brvm.org/sites/default/files/20240502_-_rapport_dactivites_-_1er_trimestre_2024_-_coris_bank_international_bf.pdf,83e62157_20240502_-_rapport_dactivites_-_1er_trimestre_2024_-_coris_bank_international_bf.pdf,779806,2026-07-08T15:40:46.843751+00:00,rapports-2024
262a39220b0dac91112189911eeda05f57d447dabad4d4060eb3f3b501597c98,rapport,2024,https://www.brvm.org/sites/default/files/20240430_-_rapport_dactivite_annuel_-_exercice_2023_-_coris_bank_international_bf.pdf,3813594c_20240430_-_rapport_dactivite_annuel_-_exercice_2023_-_coris_bank_international_bf.pdf,1037307,2026-07-08T15:40:57.452815+00:00,rapports-2024
cb0f504adec94358892fde31b426412a943d217af796b079db2e2fad789f7774,rapport,2023,https://www.brvm.org/sites/default/files/20231030_-_rapport_dactivites_-_3eme_trimestre_2023_-_cbibf.pdf,cad22605_20231030_-_rapport_dactivites_-_3eme_trimestre_2023_-_cbibf.pdf,841469,2026-07-08T15:41:08.060789+00:00,rapports-2023
311e4e9ceba51565cad4be042e396b2b959e14d44f9f9c3ede7b497466388885,rapport,2023,https://www.brvm.org/sites/default/files/20230830_-_rapport_dactivites_-_1er_semestre_2023_-_coris_bank_international.pdf,241e0fb5_20230830_-_rapport_dactivites_-_1er_semestre_2023_-_coris_bank_international.pdf,958949,2026-07-08T15:41:18.671413+00:00,rapports-2023
721cbfa9ce314ba29ec0de5700940a8a3baf1975c86fa9095df12e999d221d44,rapport,2023,https://www.brvm.org/sites/default/files/rapport_dactivites_du_1er_trimestre_2023_-_cbibf.pdf,3c389e9c_rapport_dactivites_du_1er_trimestre_2023_-_cbibf.pdf,733643,2026-07-08T15:41:29.195250+00:00,rapports-2023
6a0df3627aa110a0d5c4d2e2c210f9861466c75ddb2c44cd9797a4b87ce75290,rapport,2023,https://www.brvm.org/sites/default/files/20230427_-_rapport_dactivites_exercice_2022_-_coris_bank_international_bf.pdf,b4f44217_20230427_-_rapport_dactivites_exercice_2022_-_coris_bank_international_bf.pdf,1105907,2026-07-08T15:41:39.803566+00:00,rapports-2023
36477a62b4f17fd78e941763b471f090835bc5fbdc0ed8484e65b226ceeaf938,rapport,2023,https://www.brvm.org/sites/default/files/20230427_-_etats_financiers_exercice_2022_-_coris_bank_international_bf.pdf,62e20d8e_20230427_-_etats_financiers_exercice_2022_-_coris_bank_international_bf.pdf,2122991,2026-07-08T15:41:50.498661+00:00,rapports-2023
df2140845cd5a7229702e7e2635a17ab58f0c180b471f178bac7c01aea361461,rapport,2023,https://www.brvm.org/sites/default/files/20230427_-_rapport_des_commissaires_aux_comptes_exercice_2022_-_coris_bank_international_bf.pdf,2c13146d_20230427_-_rapport_des_commissaires_aux_comptes_exercice_2022_-_coris_bank_international_bf.pdf,7443322,2026-07-08T15:42:01.493346+00:00,rapports-2023
d9245cab56a6defa639b8edddddd5f43e5d3f3637df322eadd2fdb7cbb7afde2,rapport,2024,https://www.brvm.org/sites/default/files/20241231_-_rapport_annuel_2023_-_eviosys_packaging_siem_ci.pdf,6599e334_20241231_-_rapport_annuel_2023_-_eviosys_packaging_siem_ci.pdf,6944335,2026-07-08T15:42:35.352093+00:00,rapports-2024
ab1831f59ae077e03e509095ac9465061a33b88bc05bf6f5c2de134589d60769,rapport,2024,https://www.brvm.org/sites/default/files/20241216_-_etats_financiers_de_synthese_-exercice_2023_-_eviosys_packaging_siem_ci.pdf,1335eb6d_20241216_-_etats_financiers_de_synthese_-exercice_2023_-_eviosys_packaging_siem_ci.pdf,227187,2026-07-08T15:42:45.788547+00:00,rapports-2024
b23361c319a5e696ab1ba4c4f50dc9d2bf4215c2201e11fc73051811519478df,rapport,2022,https://www.brvm.org/sites/default/files/eviosys_packaging_siem_-etats_financiers_de_synthese_-exercice_2022.pdf,f5415be7_eviosys_packaging_siem_-etats_financiers_de_synthese_-exercice_2022.pdf,762278,2026-07-08T15:42:56.317922+00:00,rapports-2022
3d1a0947c04fa94d5de0223ed6f5afb24244834854932a3fe468cd30ea16cda3,rapport,2023,https://www.brvm.org/sites/default/files/eviosys_packaging_siem_rapport_dactivites_1er_trimestre_2023.pdf,173c568d_eviosys_packaging_siem_rapport_dactivites_1er_trimestre_2023.pdf,755476,2026-07-08T15:43:06.926004+00:00,rapports-2023
bbc9777acd7e9c3ddca82d75d1c9cf488c942f444984c5ea5aea675d59ffe4d7,rapport,2022,https://www.brvm.org/sites/default/files/20220510_-_etats_financiers_exercice_2021_-_eviosys_packaging_siem.pdf,7550bcbe_20220510_-_etats_financiers_exercice_2021_-_eviosys_packaging_siem.pdf,319268,2026-07-08T15:43:17.362991+00:00,rapports-2022
9bf2b9cd5529eeff18a04b9f74cc93471146f6c14e63fea615bb75e3c96a9865,rapport,2021,https://www.brvm.org/sites/default/files/20210907_-_etats_financiers_-_exercice_2020_-_crown_siem_ci.pdf,b7856a56_20210907_-_etats_financiers_-_exercice_2020_-_crown_siem_ci.pdf,876708,2026-07-08T15:43:27.969296+00:00,rapports-2021
1d0e7d14a9eb06b6146c399d75a4767b1afa719ff9091c58f175002d641291b2,rapport,2020,https://www.brvm.org/sites/default/files/20201211_-_etats_financiers_-_exercice_2019_-_crown_siem_ci.pdf,60eb93d9_20201211_-_etats_financiers_-_exercice_2019_-_crown_siem_ci.pdf,144028,2026-07-08T15:43:38.320189+00:00,rapports-2020
6bf4ffb7b37c9575bee60887af16ecea99ba325ef3288fb730f7e528ac9d69d1,rapport,2020,https://www.brvm.org/sites/default/files/20201208_-_rapport_dactivites_au_1er_semestre_2020_-_crown_siem.pdf,fd299298_20201208_-_rapport_dactivites_au_1er_semestre_2020_-_crown_siem.pdf,36609,2026-07-08T15:43:48.606262+00:00,rapports-2020
8abdee75f5508473995b8bef6bb0cb5d78c3f5c7abe3c6c0d434968ccc24be6e,rapport,2020,https://www.brvm.org/sites/default/files/crown_siem_-attestations_cac_tableau_dactivite_30062020.pdf,217715e4_crown_siem_-attestations_cac_tableau_dactivite_30062020.pdf,131426,2026-07-08T15:43:58.957459+00:00,rapports-2020
717d5f0398d73c307508f9932c72e87af1fd9e1c2159d7cf9aa58edec152f269,rapport,2019,https://www.brvm.org/sites/default/files/etats_financiers_crown_siem_2019.pdf,dac3e69f_etats_financiers_crown_siem_2019.pdf,142548,2026-07-08T15:44:09.309156+00:00,rapports-2019
63434f83a3f3f9bdae1d25968b5f538aab1035332ef1586b24e2e9acde2c7da6,rapport,2019,https://www.brvm.org/sites/default/files/20191031_-_rapport_dactivites_au_1er_semestre_2019_-_crown_siem_ci.pdf,fe89b13c_20191031_-_rapport_dactivites_au_1er_semestre_2019_-_crown_siem_ci.pdf,583807,2026-07-08T15:44:19.853131+00:00,rapports-2019
2d63c61804402952a31d1d810933d1408a7bdcba43008bf355fc592a6c787c3b,rapport,2018,https://www.brvm.org/sites/default/files/rapport_annuel_2018_crown_siem.pdf,6b63c4f4_rapport_annuel_2018_crown_siem.pdf,2030497,2026-07-08T15:44:30.552932+00:00,rapports-2018
b7c7a1f1533ef523686b2bed043b64157f0fc96ba4207ca5999165ab3e2b5fd2,rapport,2019,https://www.brvm.org/sites/default/files/20190605_-_etats_financiers_exercice_2018_-_crown_siem_ci.pdf,b929022f_20190605_-_etats_financiers_exercice_2018_-_crown_siem_ci.pdf,146192,2026-07-08T15:44:40.904243+00:00,rapports-2019
6999358c64682bb5c7c8815ede2781a3aa1b15072a206e8e8572d20f76829e4c,rapport,2018,https://www.brvm.org/sites/default/files/20181109_-_attestation_des_commissaires_aux_comptes_sur_le_rapport_dactivite_-_crown_siem_ci.pdf,4589e63d_20181109_-_attestation_des_commissaires_aux_comptes_sur_le_rapport_dactivite_-_crown_siem_ci.pdf,934360,2026-07-08T15:44:51.512874+00:00,rapports-2018
6397930d292ffce8dfed9629fe1a4a0103227f84c2e839a9351dfe833b3f898d,rapport,2026,https://www.brvm.org/sites/default/files/20260429_-_rapport_dactivites_-_1er_trimestre_2026_-_ecobank_ci.pdf,4a1978d8_20260429_-_rapport_dactivites_-_1er_trimestre_2026_-_ecobank_ci.pdf,1228048,2026-07-08T16:09:38.132904+00:00,rapports-2026
0a0d3314f6bea6a92fe1565ac942e109c632d2047de3de7f36509712f0b77d48,rapport,2026,https://www.brvm.org/sites/default/files/20260414_-_rapport_dactivites_et_etats_financiers_-_exercice_2025_-_ecobank_ci.pdf,d4c14fcd_20260414_-_rapport_dactivites_et_etats_financiers_-_exercice_2025_-_ecobank_ci.pdf,2365265,2026-07-08T16:09:49.529194+00:00,rapports-2026
9ecb3ea356411f83407d01359f1bf09124a24e55d4d7a728ab75b9bce8592251,rapport,2025,https://www.brvm.org/sites/default/files/20251028_-_rapport_dactivites_-_3eme_trimestre_2025_-_ecobank_ci.pdf,df85a225_20251028_-_rapport_dactivites_-_3eme_trimestre_2025_-_ecobank_ci.pdf,838023,2026-07-08T16:10:00.614432+00:00,rapports-2025
8b0e922b5140959287bb844c4f5ea9c5dcb9b58eb21b752fc3f9fb698f8cf014,rapport,2025,https://www.brvm.org/sites/default/files/20250902_-_rapport_dactivites_-_1er_semestre_2025_-_ecobank_ci.pdf,cd258959_20250902_-_rapport_dactivites_-_1er_semestre_2025_-_ecobank_ci.pdf,1503948,2026-07-08T16:10:11.853633+00:00,rapports-2025
cb903f704127692d1cebb59c77c5704029c6ce65b785774227109d84c4bc8cdf,rapport,2025,https://www.brvm.org/sites/default/files/20250425_-_rapport_dactivites_-_1er_trimestre_2025_-_ecobank_ci.pdf,b7b0b3ab_20250425_-_rapport_dactivites_-_1er_trimestre_2025_-_ecobank_ci.pdf,667319,2026-07-08T16:10:22.786280+00:00,rapports-2025
4b7492bb1aa96d606fd860aa410325afb6b9592becdf887903fee863beb77d37,rapport,2025,https://www.brvm.org/sites/default/files/20250325_-_rapport_dactivites_annuel_-_exercice_2024_-_ecobank_ci_annule_et_remplace_le_precedent.pdf,8e267b82_20250325_-_rapport_dactivites_annuel_-_exercice_2024_-_ecobank_ci_annule_et_remplace_le_precedent.pdf,1849613,2026-07-08T16:10:34.029867+00:00,rapports-2025
7f9b0c850c4bf08d77e81a2cf27cd386658fdcc4958ca5c22262f1b56d60d3f5,rapport,2025,https://www.brvm.org/sites/default/files/20250320_-_rapport_dactivites_annuel_-_exercice_2024_-_ecobank_ci.pdf,57f550ed_20250320_-_rapport_dactivites_annuel_-_exercice_2024_-_ecobank_ci.pdf,1858788,2026-07-08T16:10:45.271768+00:00,rapports-2025
ed7322db0acf372790d253dfe1e45dd83193b56246e2326759308d7394472b86,rapport,2024,https://www.brvm.org/sites/default/files/20241030_-_rapport_dactivites_-_3eme_trimestre_2024_-_ecobank_ci_annule_et_remplace_le_precedent.pdf,cfe119eb_20241030_-_rapport_dactivites_-_3eme_trimestre_2024_-_ecobank_ci_annule_et_remplace_le_precedent.pdf,189006,2026-07-08T16:10:55.914235+00:00,rapports-2024
bb292c8cda31b43d4f707504b6649d6f610d3befe37aa25a0c19c2fd511808c1,rapport,2024,https://www.brvm.org/sites/default/files/20241030_-_rapport_dactivites_-_3eme_trimestre_2024_-_ecobank_ci.pdf,bc991866_20241030_-_rapport_dactivites_-_3eme_trimestre_2024_-_ecobank_ci.pdf,189741,2026-07-08T16:11:06.539656+00:00,rapports-2024
a9217cbc5afcd2b9442d34dcd458a88f6119760650baa966facf6143c98e47d5,rapport,2024,https://www.brvm.org/sites/default/files/20240919_-_rapport_dactivites_-_1er_semestre_2024_-_ecobank_ci.pdf,2e22fa03_20240919_-_rapport_dactivites_-_1er_semestre_2024_-_ecobank_ci.pdf,273126,2026-07-08T16:11:17.318782+00:00,rapports-2024
9ecd58579d978d6977928319fed66e97422b53fc8fb18d1546091688c25e7b04,rapport,2024,https://www.brvm.org/sites/default/files/20240430_-_rapport_dactivites_-_1er_trimestre_2024_-_ecobank_ci.pdf,239bde87_20240430_-_rapport_dactivites_-_1er_trimestre_2024_-_ecobank_ci.pdf,195061,2026-07-08T16:11:27.944183+00:00,rapports-2024
c0736eacfaee23e7a792001d4ef57b056cfbb6be936f2f5e266cfb08c0e144ff,rapport,2024,https://www.brvm.org/sites/default/files/20240328_-_resultats_financiers_-_exercice_2023_-_ecobank_ci.pdf,32874fba_20240328_-_resultats_financiers_-_exercice_2023_-_ecobank_ci.pdf,317454,2026-07-08T16:11:38.722888+00:00,rapports-2024
f821b5074393803027cc6b56c1bc3a0c7e0d0fca54f6a01c32d6810518c0ab51,rapport,2023,https://www.brvm.org/sites/default/files/20231031_-_rapport_dactivites_et_attestation_des_cac_-_1er_semestre_2023_-_ecobank_ci.pdf,9a0a09de_20231031_-_rapport_dactivites_et_attestation_des_cac_-_1er_semestre_2023_-_ecobank_ci.pdf,2651884,2026-07-08T16:11:49.972442+00:00,rapports-2023
d6d28016aa74d7fcacb23751e804e1577457fc8f906fe0c20dbd9cf91e3c9ac9,rapport,2023,https://www.brvm.org/sites/default/files/20231025_-_rapport_dactivites_-_3eme_trimestre_2023_-_ecobank_ci.pdf,9323c519_20231025_-_rapport_dactivites_-_3eme_trimestre_2023_-_ecobank_ci.pdf,787073,2026-07-08T16:12:00.963442+00:00,rapports-2023
acd393489ee0c536dfc482ca02a52c07d5ec1bd5a50311a662d39933f0ab1997,rapport,2023,https://www.brvm.org/sites/default/files/20230911_-_rapport_dactivites_-_1er_semestre_2023_-_ecobank_ci.pdf,90a2a01c_20230911_-_rapport_dactivites_-_1er_semestre_2023_-_ecobank_ci.pdf,1984223,2026-07-08T16:12:12.205241+00:00,rapports-2023
6bfa092af971f4d7e37b077d7445f991d67a65af59b54ddd05fe2413bffe977e,rapport,2023,https://www.brvm.org/sites/default/files/20230428_-_rapport_dactivite_-_1er_trimestre_2023_-_ecobank_ci_annule_et_remplace_le_precedent.pdf,5653a755_20230428_-_rapport_dactivite_-_1er_trimestre_2023_-_ecobank_ci_annule_et_remplace_le_precedent.pdf,730440,2026-07-08T16:12:23.141080+00:00,rapports-2023
266c3ec99a55a19653a443636cc1dbca3b6aa71f3c131870b25374d90b30294e,rapport,2023,https://www.brvm.org/sites/default/files/20230427_-_rapport_dactivite_-_1er_trimestre_2023_-_ecobank_ci.pdf,8ebd2f02_20230427_-_rapport_dactivite_-_1er_trimestre_2023_-_ecobank_ci.pdf,779465,2026-07-08T16:12:34.075038+00:00,rapports-2023
77b957f03d2ecc070fba72dacbd48aee3cf2141a4941a76930015cc2a0064418,rapport,2023,https://www.brvm.org/sites/default/files/20230405_-_etats_financiers_exercice_2022_-_ecobank_ci.pdf,054e1bf5_20230405_-_etats_financiers_exercice_2022_-_ecobank_ci.pdf,2512784,2026-07-08T16:12:45.323343+00:00,rapports-2023
6fc290652b0f8ae7e109ab2631689439fddf23c0322f300c820523ce2637ab27,rapport,2022,https://www.brvm.org/sites/default/files/20221102_-_rapport_dactivite_-_3eme_trimestre_2022_-_ecobank_ci.pdf,ee2a8960_20221102_-_rapport_dactivite_-_3eme_trimestre_2022_-_ecobank_ci.pdf,297692,2026-07-08T16:12:56.102928+00:00,rapports-2022
35fe60b7a0ccd371e44013508a41b1548a0328f8f8d3ce8b4a47c65c8a915c0f,rapport,2022,https://www.brvm.org/sites/default/files/20221018_-_attestation_des_commissaires_aux_comptes_et_rapport_dactivites_du_1er_semestre_2022_-_ecobank_ci.pdf,24abcd01_20221018_-_attestation_des_commissaires_aux_comptes_et_rapport_dactivites_du_1er_semestre_2022_-_ecobank_ci.pdf,2181409,2026-07-08T16:13:07.350165+00:00,rapports-2022
9f3af0bbc2eb8483e4ab36d0b164e28a725501ab34f7fde1215011e04f9ef997,rapport,2026,https://www.brvm.org/sites/default/files/20260429_-_rapport_dactivites_-_1er_trimestre_2026_-_eti_tg.pdf,c604115b_20260429_-_rapport_dactivites_-_1er_trimestre_2026_-_eti_tg.pdf,289208,2026-07-08T16:13:32.352550+00:00,rapports-2026
33675e33441d0c4b19beb6449ed863ee384523ba2a9029847d043a2dbb9f7257,rapport,2026,https://www.brvm.org/sites/default/files/20260413_-_rapport_des_commissaires_aux_comptes_sur_les_etats_financiers_annuels_-_exercice_2025_-_eti_tg.pdf,fcf580be_20260413_-_rapport_des_commissaires_aux_comptes_sur_les_etats_financiers_annuels_-_exercice_2025_-_eti_tg.pdf,435481,2026-07-08T16:13:59.434202+00:00,rapports-2026
0d21ad65af16c27d2a52723675408117f0ecd7d6d83ea3b5b11aba56939bdb3c,rapport,2025,https://www.brvm.org/sites/default/files/20251028_-_rapport_dactivites_-_3eme_trimestre_2025_-_eti_tg.pdf,49195cf1_20251028_-_rapport_dactivites_-_3eme_trimestre_2025_-_eti_tg.pdf,258159,2026-07-08T16:14:10.220403+00:00,rapports-2025
87e5be6dca280de98aee09e5f4a6febca573f29500fbebe7c535fc7f9538aacc,rapport,2025,https://www.brvm.org/sites/default/files/20250729_-_rapport_dactivites_-_1er_semestre_2025_-_eti_tg.pdf,1f3443b2_20250729_-_rapport_dactivites_-_1er_semestre_2025_-_eti_tg.pdf,307988,2026-07-08T16:14:21.007210+00:00,rapports-2025
ebc521320c7bcc57131517e56611ff4a9d4985e0b85e51f2da5809d4c9a8bb3d,rapport,2025,https://www.brvm.org/sites/default/files/20250328_-_etats_financiers_certifies_par_les_commissaires_aux_comptes_-_exercice_2024_-_eti_tg.pdf,dc6f4469_20250328_-_etats_financiers_certifies_par_les_commissaires_aux_comptes_-_exercice_2024_-_eti_tg.pdf,683187,2026-07-08T16:14:31.991582+00:00,rapports-2025
70517b0aaca4d0f76f6c85c1b7ac5784ec27afdd18027b138edc5caba86e7515,rapport,2024,https://www.brvm.org/sites/default/files/20241029_-_rapport_dactivites_-_3eme_trimestre_2024_-_eti_tg.pdf,7771e0c5_20241029_-_rapport_dactivites_-_3eme_trimestre_2024_-_eti_tg.pdf,196933,2026-07-08T16:14:42.629292+00:00,rapports-2024
845b69100a5eabefec3dd39361580077227ca7584e5510f0694dd33056e3b933,rapport,2024,https://www.brvm.org/sites/default/files/20240730_-_rapport_dactivites_-_1er_semestre_2024_-_eti_tg.pdf,eb0662a4_20240730_-_rapport_dactivites_-_1er_semestre_2024_-_eti_tg.pdf,243150,2026-07-08T16:14:53.416238+00:00,rapports-2024
b3a1e6ab1dff50d9f8b0d6168685c3792c7795c16b5dceb01a6698aad177ae9f,rapport,2024,https://www.brvm.org/sites/default/files/20240421_-_rapport_dactivites_-_1er_trimestre_2024_-_eti_tg.pdf,1a8fe1aa_20240421_-_rapport_dactivites_-_1er_trimestre_2024_-_eti_tg.pdf,181010,2026-07-08T16:15:04.047929+00:00,rapports-2024
2fafc6c3ac840ec473a2deab97f832cf3161da52e82b7e7b93d8bc6f3829c9b2,rapport,2024,https://www.brvm.org/sites/default/files/20240502_-_attestation_des_cac_sur_les_etats_financiers_consolides_-_eti_tg.pdf,6798e00d_20240502_-_attestation_des_cac_sur_les_etats_financiers_consolides_-_eti_tg.pdf,174125,2026-07-08T16:15:14.686245+00:00,rapports-2024
374830d87a9d0f7e5bc8620195f8371069dfaf1f24cf148f4862b4519b36cc20,rapport,2024,https://www.brvm.org/sites/default/files/20240502_-_etats_financiers_-_exercice_2023_-_eti_tg.pdf,588d755c_20240502_-_etats_financiers_-_exercice_2023_-_eti_tg.pdf,239808,2026-07-08T16:15:25.473061+00:00,rapports-2024
a124a148eeb54c8daeeca24c2506342f96ca9a45c16ec2d0e03c354535ddcdc7,rapport,2023,https://www.brvm.org/sites/default/files/20231130_-_rapport_dactivites_-_3eme_trimestre_2023_-_ecobank_ci.pdf,39a0fa78_20231130_-_rapport_dactivites_-_3eme_trimestre_2023_-_ecobank_ci.pdf,187040,2026-07-08T16:15:36.104757+00:00,rapports-2023
06fbbbe98a864069a910c881f263a18ab25c10e00699ebc075852b473fde6a5a,rapport,2023,https://www.brvm.org/sites/default/files/rapport_dactivites_-_1er_semestre_2023_certifie_par_les_cac_-_eti_tg.pdf,80d0f6f2_rapport_dactivites_-_1er_semestre_2023_certifie_par_les_cac_-_eti_tg.pdf,392407,2026-07-08T16:15:47.766020+00:00,rapports-2023
86aa3752e8a178c45dfd206b4b6f03d20247f5c7005b69018240a1f771fe6f7c,rapport,2023,https://www.brvm.org/sites/default/files/20230428_-_rapport_dactivite_-_1er_trimestre_2023_-_eti_tg.pdf,c9caf424_20230428_-_rapport_dactivite_-_1er_trimestre_2023_-_eti_tg.pdf,182563,2026-07-08T16:15:58.392580+00:00,rapports-2023
260cec19ee2f521d6d50335a4dd08584732e1cb255da8df46f23de76c2ebcf73,rapport,2022,https://www.brvm.org/sites/default/files/20221209_-_rapport_dactivite_audite_-_3eme_trimestre_2022_-_eti_tg.pdf,80108db3_20221209_-_rapport_dactivite_audite_-_3eme_trimestre_2022_-_eti_tg.pdf,167386,2026-07-08T16:16:09.017777+00:00,rapports-2022
1ac3891ff50eefe6c67f388e2b309b944400f75c688dd3180c8e3e2299440862,rapport,2022,https://www.brvm.org/sites/default/files/20221202_-_rapport_dactivite_-_3eme_trimestre_2022_-_eti_tg.pdf,c5a4e75c_20221202_-_rapport_dactivite_-_3eme_trimestre_2022_-_eti_tg.pdf,166582,2026-07-08T16:16:19.643757+00:00,rapports-2022
7ffbf3e8cb8101a2ad5c322f89132d1e958ce3990dbad0a1c0274055adec4ba1,rapport,2022,https://www.brvm.org/sites/default/files/20220726_-_rapport_dactivites_au_1er_semestre_2022_-_eti_tg.pdf,e5f0aa56_20220726_-_rapport_dactivites_au_1er_semestre_2022_-_eti_tg.pdf,324024,2026-07-08T16:16:30.578784+00:00,rapports-2022
e5d007cad374358d2bc8df0d094f1994ec3158002a9d4d9cced3e26051225839,rapport,2022,https://www.brvm.org/sites/default/files/20220425_-_rapport_dactivite_-_1er_trimestre_2022_-_etit.pdf,18aa2f10_20220425_-_rapport_dactivite_-_1er_trimestre_2022_-_etit.pdf,183361,2026-07-08T16:16:41.204695+00:00,rapports-2022
33180c064d291cfe00bd6b320f2587a20a86f1b231d73d758e9e1711ef3a515f,rapport,2022,https://www.brvm.org/sites/default/files/20220330_-_etats_financiers_audites_exercice_2021_-_etit.pdf,a7262f37_20220330_-_etats_financiers_audites_exercice_2021_-_etit.pdf,448254,2026-07-08T16:16:52.137035+00:00,rapports-2022
957e2341220b253d6643490821eec80bdae4bd3b4aa3ec62ef2ed58695e0c852,rapport,2022,https://www.brvm.org/sites/default/files/20220128_-_etats_financiers_exercice_2021_-_eti_tg.pdf,45e12075_20220128_-_etats_financiers_exercice_2021_-_eti_tg.pdf,191545,2026-07-08T16:17:02.769892+00:00,rapports-2022
abfeadecfe031e1a1a6a5f162b95eda98659a5d4822ed5a45d57cc7064914262,rapport,2026,https://www.brvm.org/sites/default/files/20260610_-_etats_financiers_-_exercice_2025_-_filtisac_ci.pdf,4ab33c59_20260610_-_etats_financiers_-_exercice_2025_-_filtisac_ci.pdf,262135,2026-07-08T16:18:24.378870+00:00,rapports-2026
19429f99f422f7011fa9be0c0459bac5f3816151967f88becac7c08450ad66b0,rapport,2025,https://www.brvm.org/sites/default/files/20251031_-_rapport_dactivites_-_3eme_trimestre_2025_-_filtisac_ci.pdf,4a978116_20251031_-_rapport_dactivites_-_3eme_trimestre_2025_-_filtisac_ci.pdf,157314,2026-07-08T16:18:50.516537+00:00,rapports-2025
6c8bdb0c06a976d5b6884746429ec4a8f877f280fc348450331ffd93941303d7,rapport,2025,https://www.brvm.org/sites/default/files/20251031_-_rapport_dactivites_-_1er_semestre_2025_-_filtisac_ci.pdf,b28cf1c7_20251031_-_rapport_dactivites_-_1er_semestre_2025_-_filtisac_ci.pdf,141351,2026-07-08T16:19:01.130528+00:00,rapports-2025
ac9b3cf054e48e2f73b01fb1b9d004ba1f686aa7681e0c697dc7c7aca94d4191,rapport,2025,https://www.brvm.org/sites/default/files/20250523_-_etats_financiers_-_exercice_2024_-_filtisac_ci.pdf,7574a24f_20250523_-_etats_financiers_-_exercice_2024_-_filtisac_ci.pdf,257787,2026-07-08T16:19:11.888582+00:00,rapports-2025
94ef989e904cc6ac49b6622b4947c0a298759063d39d894dac5072598e5e5188,rapport,2025,https://www.brvm.org/sites/default/files/20250523_-_rapport_dactivites_-_1er_trimestre_2025_-_filtisac_ci.pdf,ce09ef22_20250523_-_rapport_dactivites_-_1er_trimestre_2025_-_filtisac_ci.pdf,121830,2026-07-08T16:19:22.497591+00:00,rapports-2025
657f11e0ddde4a04f656baf86d6f542e87be664077adced3b8ea97e3656ddc4d,rapport,2024,https://www.brvm.org/sites/default/files/20241031_-_rapport_dactivites_-_3eme_trimestre_2024_-_filtisac_ci.pdf,09dc5a9f_20241031_-_rapport_dactivites_-_3eme_trimestre_2024_-_filtisac_ci.pdf,193239,2026-07-08T16:19:33.109104+00:00,rapports-2024
43004cc9cba5a6870f720823f3c434eb39692a0ae3fe785cbaff10b5606ca22e,rapport,2024,https://www.brvm.org/sites/default/files/20241031_-_rapport_dactivites_atteste_par_les_cacs_-_1er_semestre_2024_-_filtisac_ci.pdf,87849ff7_20241031_-_rapport_dactivites_atteste_par_les_cacs_-_1er_semestre_2024_-_filtisac_ci.pdf,181622,2026-07-08T16:19:43.718898+00:00,rapports-2024
1de181e57f0a5abec1f491c6a152ff63832390281f496f6ec2810449edea1603,rapport,2024,https://www.brvm.org/sites/default/files/20240513_-_etats_financiers_-_exercice_2023_-_filtisac_ci.pdf,8afdbdf5_20240513_-_etats_financiers_-_exercice_2023_-_filtisac_ci.pdf,621838,2026-07-08T16:19:54.776132+00:00,rapports-2024
b0062a61f5e7ff020fa3600841936c0381982d20e6d18d81362baff4cf84429e,rapport,2024,https://www.brvm.org/sites/default/files/20240513_-_rapport_dactivites_-_1er_trimestre_2024_-_filtisac_ci.pdf,3af9cc1e_20240513_-_rapport_dactivites_-_1er_trimestre_2024_-_filtisac_ci.pdf,574515,2026-07-08T16:20:05.696101+00:00,rapports-2024
b506bd6370c9c79e71d21017b70e651838fc8fcddf21c3dc6dd455aab5830733,rapport,2023,https://www.brvm.org/sites/default/files/20231106_-_rapport_dactivites_-_3eme_trimestre_2023_-_filtisac_ci.pdf,944a9978_20231106_-_rapport_dactivites_-_3eme_trimestre_2023_-_filtisac_ci.pdf,146227,2026-07-08T16:20:16.322917+00:00,rapports-2023
e01f3373fbcbd5155299847fa86501c80f7716336a93c72738c6101f9cee9e5b,rapport,2023,https://www.brvm.org/sites/default/files/20231030_-_rapport_dactivites_-_1er_semestre_2023_-_filtisac_ci.pdf,e3d6e48a_20231030_-_rapport_dactivites_-_1er_semestre_2023_-_filtisac_ci.pdf,346690,2026-07-08T16:20:27.082251+00:00,rapports-2023
f3828776782e8965af2d5194c53d2278b2a6e273d501cda686218e963bab2867,rapport,2023,https://www.brvm.org/sites/default/files/20230511_-_etats_financiers_exercice_2022_-_filtisac_ci.pdf,e36ebaf8_20230511_-_etats_financiers_exercice_2022_-_filtisac_ci.pdf,239235,2026-07-08T16:20:37.839249+00:00,rapports-2023
0312626b0c43c865460db63035eb1328ec33ca042621c06751eeece0170fd0ef,rapport,2023,https://www.brvm.org/sites/default/files/20230511-1_-_rapport_dactivite_-_1er_trimestre_2023_-_filtisac_ci.pdf,76ccc3dd_20230511-1_-_rapport_dactivite_-_1er_trimestre_2023_-_filtisac_ci.pdf,118389,2026-07-08T16:20:48.449906+00:00,rapports-2023
93afd85c8bd59059cf18af72937a196b9f1a08575c114d767584641321d20c7b,rapport,2022,https://www.brvm.org/sites/default/files/20221104_-_rapport_dactivite_-_3eme_trimestre_2022_-_filtisac_ci.pdf,25fad20f_20221104_-_rapport_dactivite_-_3eme_trimestre_2022_-_filtisac_ci.pdf,231011,2026-07-08T16:20:59.207209+00:00,rapports-2022
87229525133e0808b3c5b22c2e5474a1e090f8a9ffddac9618bfe4bce0f3fca1,rapport,2022,https://www.brvm.org/sites/default/files/20221011_-_rapport_dactivites_du_1er_semestre_2022_-_filtisac_ci.pdf,9ccb4a7f_20221011_-_rapport_dactivites_du_1er_semestre_2022_-_filtisac_ci.pdf,318557,2026-07-08T16:21:09.989518+00:00,rapports-2022
0e14057879b25d39e49eea9100bec6d2e9076e9b72135ba72c1e40181dc371e3,rapport,2022,https://www.brvm.org/sites/default/files/20220506_-_etats_financiers_exercice_2021_-_filtisac_ci.pdf,80c5c2a4_20220506_-_etats_financiers_exercice_2021_-_filtisac_ci.pdf,647155,2026-07-08T16:21:20.925633+00:00,rapports-2022
b80498393eae2b79b41f1553e846091027949759ae7fd69ff626aa1a22bd4cf0,rapport,2022,https://www.brvm.org/sites/default/files/20220506_-_rapport_dactivite_-_1er_trimestre_2022_-_filtisac_ci.pdf,87b26ce2_20220506_-_rapport_dactivite_-_1er_trimestre_2022_-_filtisac_ci.pdf,645919,2026-07-08T16:21:31.863803+00:00,rapports-2022
de94923ff47ab67e76efe6fcdc2dd75a848eb7b9286209a6e853062d9965958a,rapport,2021,https://www.brvm.org/sites/default/files/20211109_-_attestation_des_commissaires_aux_comptes_-_1er_semestre_2021_-_filtisac_ci.pdf,8ea3af72_20211109_-_attestation_des_commissaires_aux_comptes_-_1er_semestre_2021_-_filtisac_ci.pdf,105412,2026-07-08T16:21:42.491099+00:00,rapports-2021
49950db39342595bf1eb1d3a206a5b6b53426481f07d5760a31e8cd8bab07ab4,rapport,2021,https://www.brvm.org/sites/default/files/20211029_-_rapport_dactivite_au_3eme_trimestre_2021_-_filtisac_ci.pdf,5348a0f5_20211029_-_rapport_dactivite_au_3eme_trimestre_2021_-_filtisac_ci.pdf,229599,2026-07-08T16:21:53.271775+00:00,rapports-2021
2580ac189433275062c62ac0cea955188f1bb8baa6a821c5830ab1c8d88ac521,rapport,2026,https://www.brvm.org/sites/default/files/20260507_-_rapport_dactivites_-_1er_trimestre_2026_-_lnb_bn.pdf,7ed9da2b_20260507_-_rapport_dactivites_-_1er_trimestre_2026_-_lnb_bn.pdf,677186,2026-07-08T16:22:39.075009+00:00,rapports-2026
4c0ec63ae7b5de83c1952fd745c435632f6fe3b1939efd48343b83ec664be393,rapport,2026,https://www.brvm.org/sites/default/files/20260430_-_etats_financiers_-_exercice_2025_-_lnb_bn.pdf,75375bba_20260430_-_etats_financiers_-_exercice_2025_-_lnb_bn.pdf,1328976,2026-07-08T16:22:50.318755+00:00,rapports-2026
ef904b5137acdb3ed8f4ef11614f16be83f9d9ed36d7feb5b78606e2df495132,rapport,2025,https://www.brvm.org/sites/default/files/20251027_-_rapport_dactivites_-_3eme_trimestre_2025_-_lnb_bn.pdf,b39f1a9d_20251027_-_rapport_dactivites_-_3eme_trimestre_2025_-_lnb_bn.pdf,597581,2026-07-08T16:23:01.257621+00:00,rapports-2025
f6bb4cd10920bae1b4699e014a9e51a9512d6b3e393809442598bdea3a997baa,rapport,2025,https://www.brvm.org/sites/default/files/20250926_-_rapport_dactivites_-_1er_semestre_2025_-_lnb_bn.pdf,81a40c23_20250926_-_rapport_dactivites_-_1er_semestre_2025_-_lnb_bn.pdf,4796570,2026-07-08T16:23:12.823642+00:00,rapports-2025
9935c5639c5ef59c3728b17ce60b6abf0e5e79957aa0a02a5b70f65d797580cb,rapport,2025,https://www.brvm.org/sites/default/files/20250602_-_etats_financiers_-_exercice_2024_-_lnb_bn.pdf,082082d7_20250602_-_etats_financiers_-_exercice_2024_-_lnb_bn.pdf,1321130,2026-07-08T16:23:23.917863+00:00,rapports-2025
33a041625ddcbb2d81f0e67159114ed42b4983fdeeab97c54dd7a5662d73b625,rapport,2025,https://www.brvm.org/sites/default/files/20250602_-_rapport_dactivites_-_1er_trimestre_2025_-_lnb_bn.pdf,24d49a2f_20250602_-_rapport_dactivites_-_1er_trimestre_2025_-_lnb_bn.pdf,3336062,2026-07-08T16:23:35.325754+00:00,rapports-2025
d008de01ac03d892cde4641082f282b6b570d4b4f4b2c1bce014b81c96feedc3,rapport,2020,https://www.brvm.org/sites/default/files/20201022_-_etats_financiers_-_exercice_2019_-_movis_ci.pdf,7aade047_20201022_-_etats_financiers_-_exercice_2019_-_movis_ci.pdf,685997,2026-07-08T16:23:58.251768+00:00,rapports-2020
58cee1a3b657756177951469b44999e6a7df3c183c3a512b497990ffcc45fe8a,rapport,2020,https://www.brvm.org/sites/default/files/20201022_-_rapport_dactivites_du_1er_trimestre_2020_-_movis_ci.pdf,d5a03560_20201022_-_rapport_dactivites_du_1er_trimestre_2020_-_movis_ci.pdf,482623,2026-07-08T16:24:09.187312+00:00,rapports-2020
0eac2fe486b4ee2c4aef7c7641f62a42f098bf9b4275e68e3e5fc168cd8e32df,rapport,2017,https://www.brvm.org/sites/default/files/etats_financiers_movis_ci_-_publication_boc-brvm_exercice_clos_le_31.12.2017.pdf,f33c2189_etats_financiers_movis_ci_-_publication_boc-brvm_exercice_clos_le_31.12.2017.pdf,607350,2026-07-08T16:24:33.556319+00:00,rapports-2017
20b6f9b0d2febfa0d8fa3beaa8cca8c82392e7be0a98a9087e7c461075e5777e,rapport,2018,https://www.brvm.org/sites/default/files/20180621_-_rapport_dactivite_movis_ci_du_1er_sem._2017.pdf,81806ea2_20180621_-_rapport_dactivite_movis_ci_du_1er_sem._2017.pdf,364618,2026-07-08T16:24:44.333175+00:00,rapports-2018
040d4511916eed89f7f40c02dae24d6ca7269de478d807be090057d1d4793157,rapport,2018,https://www.brvm.org/sites/default/files/20180621_-_attestation_cac_-_rapport_dactivites_movis_ci_du_1er_sem._2017.pdf,e3183530_20180621_-_attestation_cac_-_rapport_dactivites_movis_ci_du_1er_sem._2017.pdf,432690,2026-07-08T16:24:55.250955+00:00,rapports-2018
657107d32c29c8fb62e8a42c49344aafe3c31140912cedd0612c81420ae2c9ee,rapport,2018,https://www.brvm.org/sites/default/files/20180621_-_etats_financiers_movis_ci_-_publication_boc-brvm_exercice_clos_le_31.12.2016.pdf,ccd41d7f_20180621_-_etats_financiers_movis_ci_-_publication_boc-brvm_exercice_clos_le_31.12.2016.pdf,620705,2026-07-08T16:25:06.210794+00:00,rapports-2018
a094a88416f78d6c6c8466ec41aae721c1ce75d79678814c13d1451835b829e2,rapport,2016,https://www.brvm.org/sites/default/files/20161125-etats_financiers_exercice_2015_-_movis_ci.pdf,aed60314_20161125-etats_financiers_exercice_2015_-_movis_ci.pdf,364556,2026-07-08T16:25:16.979678+00:00,rapports-2016
6057efc1897ac6edd06dca459a53737021f8ee0982077a9bb56b5a279c8a1d19,rapport,2016,https://www.brvm.org/sites/default/files/20161028_-_rapport_dactivites_du_1er_semestre_2016_-_movis_ci.pdf,56238699_20161028_-_rapport_dactivites_du_1er_semestre_2016_-_movis_ci.pdf,311003,2026-07-08T16:25:27.747194+00:00,rapports-2016
506a1a778298ce323a02d16291bc0ad07f21d09e98a67b496c9daacea126f7ae,rapport,2016,https://www.brvm.org/sites/default/files/20160615_-_ra_-_movis_ci_-_exercice_2013.pdf,9e5c33a9_20160615_-_ra_-_movis_ci_-_exercice_2013.pdf,10067536,2026-07-08T16:25:39.884389+00:00,rapports-2016
a6c1d1595b7a94a1c9f2001aa5da31f987e5b4ca5d366acbec82c41f078f2ea8,rapport,2014,https://www.brvm.org/sites/default/files/20141128_-_efp_-_movis_ci_-_exercice_2013.pdf,1c579121_20141128_-_efp_-_movis_ci_-_exercice_2013.pdf,361343,2026-07-08T16:25:50.652898+00:00,rapports-2014
0c7657f776a246ce8854654a061f542fe62399cf958bfac0e831376e7deb7fe1,rapport,2015,https://www.brvm.org/sites/default/files/20151110_-_rs_-_movis_ci_-_exercice_2015.pdf,23dea833_20151110_-_rs_-_movis_ci_-_exercice_2015.pdf,793213,2026-07-08T16:26:01.574307+00:00,rapports-2015
38723cd42ed8ee7873db3ce696594da88187d47f150eb48ecc02ffbb121fe896,rapport,2015,https://www.brvm.org/sites/default/files/20150605_-_efp_-_movis_ci_-_exercice_2014.pdf,c394e52b_20150605_-_efp_-_movis_ci_-_exercice_2014.pdf,324886,2026-07-08T16:26:12.343016+00:00,rapports-2015
48299477eb800ea07037c679d4bff2fc8e6dccc9ecef4f24bcb4b98b40b5dd14,rapport,2014,https://www.brvm.org/sites/default/files/20140527_-_ra_-_movis_ci_-_exercice_2012.pdf,c1c7df82_20140527_-_ra_-_movis_ci_-_exercice_2012.pdf,9043978,2026-07-08T16:26:24.183390+00:00,rapports-2014
c17d937b409db0d7d00e10d8fa78f21b22d7ad3459fe9491f2ba015a0c9c3a2d,rapport,2014,https://www.brvm.org/sites/default/files/20140227_-_efp_-_movis_ci_-_exercice_2012.pdf,a8560508_20140227_-_efp_-_movis_ci_-_exercice_2012.pdf,46452,2026-07-08T16:26:34.648643+00:00,rapports-2014
c05fa7ab72459db08f66174903fb47635c0760bc198c1b983a8d4745260469c3,rapport,2013,https://www.brvm.org/sites/default/files/20130219_-_ra_-_movis_ci_-_exercice_2011.pdf,a2785e84_20130219_-_ra_-_movis_ci_-_exercice_2011.pdf,10156549,2026-07-08T16:26:46.639877+00:00,rapports-2013
342e47899081ad769e89218cc8b44f6552d74e2530740648ccc9f760f6fc0547,rapport,2013,https://www.brvm.org/sites/default/files/20130204_-_efp_-_movis_c_i_-_exercice_2011.pdf,98a654b1_20130204_-_efp_-_movis_c_i_-_exercice_2011.pdf,150284,2026-07-08T16:26:57.255614+00:00,rapports-2013
e52ce0acfac0a3fd295462add736dd5d9379b9e4a9e1032a3b400d8370c8dd0b,rapport,2012,https://www.brvm.org/sites/default/files/20120302_-_efa_-_movis_ci_-_exercice_2010.pdf,882d99aa_20120302_-_efa_-_movis_ci_-_exercice_2010.pdf,121859,2026-07-08T16:27:07.870909+00:00,rapports-2012
0e4510bd8cf904f147599d130920cd9e036473c3017fd9bedfe44ee58c6dd494,rapport,2010,https://www.brvm.org/sites/default/files/20100716_-_ra_-_movis_ci_-_exercice_2009_sivom_ci.pdf,2e08b14a_20100716_-_ra_-_movis_ci_-_exercice_2009_sivom_ci.pdf,2953366,2026-07-08T16:27:19.248277+00:00,rapports-2010
a82d9206bd4ef9719d9eaa6a37154116b8d59643f6900c63971ece043f020e90,rapport,2026,https://www.brvm.org/sites/default/files/20260423_-_etats_financiers_syscohada_-_exercice_2025_-_nei_ceda_ci.pdf,1cdaa6e8_20260423_-_etats_financiers_syscohada_-_exercice_2025_-_nei_ceda_ci.pdf,945249,2026-07-08T17:23:27.083075+00:00,rapports-2026
212be28d01e1a32946d93e7082b10d422059ff001da75b2bfd7f4b7dde18f777,rapport,2026,https://www.brvm.org/sites/default/files/20260423_-_rapport_dactivites_-_1er_trimestre_2026_-_nei_ceda_ci.pdf,13169e11_20260423_-_rapport_dactivites_-_1er_trimestre_2026_-_nei_ceda_ci.pdf,713835,2026-07-08T17:23:37.614973+00:00,rapports-2026
dd114a7f568c6c8a86b266a9d7fb80327718bb39d06fb7d2ae52534591852627,rapport,2025,https://www.brvm.org/sites/default/files/20251104_-_rapport_dactivites_-_3eme_trimestre_2025_-_nei_ceda_ci.pdf,c2d699d8_20251104_-_rapport_dactivites_-_3eme_trimestre_2025_-_nei_ceda_ci.pdf,812627,2026-07-08T17:23:48.230755+00:00,rapports-2025
875bf92b219f97db434ac247aaf327a01aae494f6940bd818f25c7f023d85056,rapport,2025,https://www.brvm.org/sites/default/files/20250613_-_etats_financiers_approuves_-_exercice_2024_-_nei-ceda_ci.pdf,279d1f42_20250613_-_etats_financiers_approuves_-_exercice_2024_-_nei-ceda_ci.pdf,1067718,2026-07-08T17:23:58.902531+00:00,rapports-2025
f95d0b896a26a9bca559aa634d4f740c68a7ad1469b30118757ee535d77a0099,rapport,2025,https://www.brvm.org/sites/default/files/20250509_-_rapport_dactivites_-_1er_trimestre_2025_-_nei_ceda_ci.pdf,04fb3315_20250509_-_rapport_dactivites_-_1er_trimestre_2025_-_nei_ceda_ci.pdf,533544,2026-07-08T17:24:09.457648+00:00,rapports-2025
db790dcd034d6013da38aad4094dc4cf6616b19f019aa79303025221d2b147f8,rapport,2025,https://www.brvm.org/sites/default/files/20250409_-_etats_financiers_-_exercice_2024_-_nei_ceda_ci.pdf,202d2911_20250409_-_etats_financiers_-_exercice_2024_-_nei_ceda_ci.pdf,1084480,2026-07-08T17:24:20.079511+00:00,rapports-2025
18f269f59cfaabd0d79656a425482a4866ac964a7efa732d23ac7011514dd4cb,rapport,2024,https://www.brvm.org/sites/default/files/20241211_-_rapport_dactivites_-_3eme_trimestre_2024_-_nei-ceda_ci.pdf,4273cba6_20241211_-_rapport_dactivites_-_3eme_trimestre_2024_-_nei-ceda_ci.pdf,529891,2026-07-08T17:24:30.633276+00:00,rapports-2024
a21b7d52aded2ad3ed6f3c3781a36a1957a287584b229a6f93e787d94b6df51d,rapport,2024,https://www.brvm.org/sites/default/files/20241029_-_rapport_dactivites_-_1er_semestre_2024_-_nei-ceda_ci.pdf,96f62a79_20241029_-_rapport_dactivites_-_1er_semestre_2024_-_nei-ceda_ci.pdf,549576,2026-07-08T17:24:41.190208+00:00,rapports-2024
9c5f41647a8b36f2ccf8cabfa5073e838a0e933b1fda935a8aadbaba720a6dd0,rapport,2024,https://www.brvm.org/sites/default/files/20241029_-_attestation_des_cacs_sur_le_rapport_dactivites_-_1er_semestre_2024_-_nei-ceda_ci.pdf,058918d8_20241029_-_attestation_des_cacs_sur_le_rapport_dactivites_-_1er_semestre_2024_-_nei-ceda_ci.pdf,226538,2026-07-08T17:24:51.633109+00:00,rapports-2024
8f261ca118931bda466396c37f7a9d491164adf6f98b174ec0f5956291296516,rapport,2024,https://www.brvm.org/sites/default/files/20241015_-_rapport_dactivites_-_1er_trimestre_2024_-_nei_ceda_ci.pdf,cf1102db_20241015_-_rapport_dactivites_-_1er_trimestre_2024_-_nei_ceda_ci.pdf,538951,2026-07-08T17:25:02.316698+00:00,rapports-2024
a752ce393e9ae37067c098ac81dd24284ef84ea7a7978cff7c4cf6c1fd748208,rapport,2024,https://www.brvm.org/sites/default/files/20240422_-_etats_financiers_syscohada_-_exercice_2023_-_nei_ceda_ci.pdf,22423a90_20240422_-_etats_financiers_syscohada_-_exercice_2023_-_nei_ceda_ci.pdf,1462046,2026-07-08T17:25:13.021181+00:00,rapports-2024
74e6b9cfa123aad5b2071853502a045beb709de84d88fd801f4ff337849cab87,rapport,2023,https://www.brvm.org/sites/default/files/20231031_-_rapport_dactivites_-_1er_semestre_2023_-_nei-ceda_ci.pdf,614bdc80_20231031_-_rapport_dactivites_-_1er_semestre_2023_-_nei-ceda_ci.pdf,1806054,2026-07-08T17:25:23.726810+00:00,rapports-2023
c7267ca2c9fb17c3854581b1ffe2df93a974a75f04f673235fc666585831aacc,rapport,2023,https://www.brvm.org/sites/default/files/20231031_-_rapport_dactivites_-_3eme_trimestre_2023_-_nei-ceda_ci.pdf,d64a47d0_20231031_-_rapport_dactivites_-_3eme_trimestre_2023_-_nei-ceda_ci.pdf,525809,2026-07-08T17:25:34.278255+00:00,rapports-2023
b571da3dbb18a3aff7d571ccbb123048bb0a64050e7c7d19e86287e490661f31,rapport,2023,https://www.brvm.org/sites/default/files/20230512_-_etats_financiers_exercice_2022_-_nei-ceda_ci.pdf,82d01da9_20230512_-_etats_financiers_exercice_2022_-_nei-ceda_ci.pdf,1050995,2026-07-08T17:25:44.895254+00:00,rapports-2023
96271e197bf171742c627f0a4e36468645f143816c2a4e242adf3ccb91d0d5e5,rapport,2023,https://www.brvm.org/sites/default/files/20230512_-_rapport_dactivite_-_1er_trimestre_2023_-_nei-ceda_ci_1.pdf,677a15be_20230512_-_rapport_dactivite_-_1er_trimestre_2023_-_nei-ceda_ci_1.pdf,533010,2026-07-08T17:25:55.438130+00:00,rapports-2023
06c9a1eb82df5c3cacf697bcdd03882e5307198832fad981035a138e3beb83f6,rapport,2022,https://www.brvm.org/sites/default/files/20221102_-_rapport_dactivite_-_3eme_trimestre_2022_-_nei_ceda_ci.pdf,d569753a_20221102_-_rapport_dactivite_-_3eme_trimestre_2022_-_nei_ceda_ci.pdf,639392,2026-07-08T17:26:05.965382+00:00,rapports-2022
5918e1a6024ace3ed48679d07a7ef2a0c143576f2d711b6495b97c94d8450c5b,rapport,2022,https://www.brvm.org/sites/default/files/20221031_-_attestation_des_commissaires_aux_comptes_et_rapport_dactivite_-_1er_semestre_2022_-_nei_ceda_ci.pdf,f8f4718d_20221031_-_attestation_des_commissaires_aux_comptes_et_rapport_dactivite_-_1er_semestre_2022_-_nei_ceda_ci.pdf,484865,2026-07-08T17:26:16.506275+00:00,rapports-2022
988f06b66b88943100edbb3f698b84b5db120fdf09e4c37ce891516bcc15eb20,rapport,2022,https://www.brvm.org/sites/default/files/20220429_-_rapport_dactivite_-_1er_trimestre_2022_-_nei-ceda.pdf,a18be06a_20220429_-_rapport_dactivite_-_1er_trimestre_2022_-_nei-ceda.pdf,427783,2026-07-08T17:26:26.959911+00:00,rapports-2022
cac1be887c807d97c824b91ba41b63d58c3a0d79a1082af926ae4386f3d30007,rapport,2022,https://www.brvm.org/sites/default/files/20220429_-_etats_financiers_exercice_2021_-_nei-ceda_ci.pdf,68fb7e85_20220429_-_etats_financiers_exercice_2021_-_nei-ceda_ci.pdf,1335473,2026-07-08T17:26:37.581219+00:00,rapports-2022
0a11af604306a990e7c775d8bb40b578917bf904db7eaeed50aa5c94d5e52f5f,rapport,2021,https://www.brvm.org/sites/default/files/20211109_-_attestation_des_commissaires_aux_comptes_-_1er_semestre_2021_-_nei-ceda_ci.pdf,62a479ca_20211109_-_attestation_des_commissaires_aux_comptes_-_1er_semestre_2021_-_nei-ceda_ci.pdf,1982880,2026-07-08T17:26:48.281201+00:00,rapports-2021
ceb16039b34ade886424e85672306d0ce1f8f949091a222b0b76c411a4315cd7,rapport,2026,https://www.brvm.org/sites/default/files/20260430_-_etats_financiers_-_exercice_2025_-_nestle_ci.pdf,23ec62d9_20260430_-_etats_financiers_-_exercice_2025_-_nestle_ci.pdf,275544,2026-07-08T17:27:09.983275+00:00,rapports-2026
1623e2a9f83750e0cd36cf30aa8e870319e22eef6c3dfa95eb0d94f2f5dd94ed,rapport,2026,https://www.brvm.org/sites/default/files/20260430_-_rapport_dactivites_-_1er_trimestre_2026_-_nestle_ci.pdf,a1fb8462_20260430_-_rapport_dactivites_-_1er_trimestre_2026_-_nestle_ci.pdf,262951,2026-07-08T17:27:20.432597+00:00,rapports-2026
3173900e62624ec4e5e1103ef581777882301d2c973c25d61d6e3185c3d6ea0b,rapport,2025,https://www.brvm.org/sites/default/files/20251030_-_rapport_dactivites_-_1er_semestre_2025_-_nestle_ci.pdf,06709450_20251030_-_rapport_dactivites_-_1er_semestre_2025_-_nestle_ci.pdf,343329,2026-07-08T17:27:30.873059+00:00,rapports-2025
cdeb67cc93384ba79d88a671865d9796c2254fcb896a5c946e2493010897580b,rapport,2025,https://www.brvm.org/sites/default/files/20251030_-_rapport_dactivites_-_3eme_trimestre_2025_-_nestle_ci.pdf,6548ead3_20251030_-_rapport_dactivites_-_3eme_trimestre_2025_-_nestle_ci.pdf,339045,2026-07-08T17:27:41.317814+00:00,rapports-2025
70aa0ab6406ae651adc1021e995660c95a75b02ca6524d1d3ee1b49736e9a29f,rapport,2025,https://www.brvm.org/sites/default/files/20250505_-_etats_financiers_-_exercice_2024_-_nestle_ci_annule_et_remplace_le_precedent.pdf,530345a7_20250505_-_etats_financiers_-_exercice_2024_-_nestle_ci_annule_et_remplace_le_precedent.pdf,662884,2026-07-08T17:27:51.848751+00:00,rapports-2025
ebd94bc63fc28498f51263e274e62da7ecb797908e14ec17503c0f199fccb656,rapport,2025,https://www.brvm.org/sites/default/files/20250502_-_etats_financiers_-_exercice_2024_-_nestle_ci.pdf,02ebadfe_20250502_-_etats_financiers_-_exercice_2024_-_nestle_ci.pdf,272230,2026-07-08T17:28:02.290162+00:00,rapports-2025
d276ada7fca7969f165e108cb3da3382dbc0a1f2da269f30faf35eea2eeaf6e8,rapport,2025,https://www.brvm.org/sites/default/files/20250502_-_rapport_dactivites_-_1er_trimestre_2025_-_nestle_ci.pdf,1e906580_20250502_-_rapport_dactivites_-_1er_trimestre_2025_-_nestle_ci.pdf,393091,2026-07-08T17:28:12.732239+00:00,rapports-2025
d206fc0559f56c04d043e7308e467f000fa6043ab2bdc2bfc4532849b8d141d7,rapport,2024,https://www.brvm.org/sites/default/files/20241122_-_attestation_des_cacs_sur_le_rapport_dactivites_-_1er_semestre_2024_-_nestle_ci.pdf,c8255728_20241122_-_attestation_des_cacs_sur_le_rapport_dactivites_-_1er_semestre_2024_-_nestle_ci.pdf,585956,2026-07-08T17:28:23.258638+00:00,rapports-2024
d7619e95cb222340f5ff8290eb83fb1fd8e37e7d11248411bed2f99d92360cb8,rapport,2024,https://www.brvm.org/sites/default/files/20241029_-_rapport_dactivites_-_3eme_trimestre_2024_-_nestle_ci.pdf,c7a513f8_20241029_-_rapport_dactivites_-_3eme_trimestre_2024_-_nestle_ci.pdf,372544,2026-07-08T17:28:33.700781+00:00,rapports-2024
43bba36b1157f116e4544b6ab3df3444e06fced8db09ab938d89db290795f0cd,rapport,2024,https://www.brvm.org/sites/default/files/20241028_-_rapport_dactivites_-_1er_semestre_2024_-_nestle_ci.pdf,d8a2e1f4_20241028_-_rapport_dactivites_-_1er_semestre_2024_-_nestle_ci.pdf,455064,2026-07-08T17:28:44.225160+00:00,rapports-2024
ab15f15d6c3d062ca7faa8c137f2b90b614f4d02ecdf6eaf11a5c38f25c55852,rapport,2024,https://www.brvm.org/sites/default/files/20240521_-_etats_financiers_-_exercice_2023_-_nestle_ci.pdf,18f0051e_20240521_-_etats_financiers_-_exercice_2023_-_nestle_ci.pdf,36462,2026-07-08T17:28:54.407727+00:00,rapports-2024
37fe1c22492a59e2eb715e0503d71ed10af781e0950571d5ec910af44669cc5d,rapport,2024,https://www.brvm.org/sites/default/files/20240502_-_rapport_dactivites_-_1er_trimestre_2024_-_nestle_ci.pdf,aaa59794_20240502_-_rapport_dactivites_-_1er_trimestre_2024_-_nestle_ci.pdf,364374,2026-07-08T17:29:04.847689+00:00,rapports-2024
0cb14e09948f598a9f6870189619b4b099c4aa83813322e5f96b767f0b48f021,rapport,2024,https://www.brvm.org/sites/default/files/20240425_-_etats_financiers_-_exercice_2023_-_nestle_ci.pdf,c702cdcf_20240425_-_etats_financiers_-_exercice_2023_-_nestle_ci.pdf,178929,2026-07-08T17:29:15.202451+00:00,rapports-2024
1fb587ac13ce1b9a298a26afb8dd702b1fc26dd8390e0790c25b458c668165b6,rapport,2023,https://www.brvm.org/sites/default/files/20231030_-_rapport_dactivites_-_3eme_trimestre_2023_-_nestle_ci.pdf,016d668f_20231030_-_rapport_dactivites_-_3eme_trimestre_2023_-_nestle_ci.pdf,528656,2026-07-08T17:29:25.728441+00:00,rapports-2023
313e25072b8a24a89177661da9a92e8adcf6a83b413a83268d822f4b6a45c8d7,rapport,2023,https://www.brvm.org/sites/default/files/20230928_-_rapport_dactivites_-_1er_semestre_2023_-_nestle_ci.pdf,c46ae213_20230928_-_rapport_dactivites_-_1er_semestre_2023_-_nestle_ci.pdf,377807,2026-07-08T17:29:36.171456+00:00,rapports-2023
de928a4024dcd4fc8d157808a7bdaffd95c4660ee34dcbc25ee42dab48750802,rapport,2023,https://www.brvm.org/sites/default/files/20230425_-_rapport_dactivite_-_1er_trimestre_2023_-_nestle_ci.pdf,59d4901c_20230425_-_rapport_dactivite_-_1er_trimestre_2023_-_nestle_ci.pdf,282652,2026-07-08T17:29:46.612071+00:00,rapports-2023
b0b5e58e79ec6cbd581b6029e8b1ca5d7eb1f461e9554474831c11cd19ef37b6,rapport,2023,https://www.brvm.org/sites/default/files/20230424_-_etats_financiers_exercice_2022_-_nestle_ci.pdf,0ff7a494_20230424_-_etats_financiers_exercice_2022_-_nestle_ci.pdf,161474,2026-07-08T17:29:56.965287+00:00,rapports-2023
6d672c88336f559d0eedfa9a0b35e89fac534f7d60b015b7e66d734ce7dc7733,rapport,2022,https://www.brvm.org/sites/default/files/20221121_-_attestation_des_commissaires_aux_comptes_-_1er_semestre_2022_-_nestle_ci.pdf,73b8b650_20221121_-_attestation_des_commissaires_aux_comptes_-_1er_semestre_2022_-_nestle_ci.pdf,140434,2026-07-08T17:30:07.328687+00:00,rapports-2022
39011a4ea9a8f75ff945f92e873bd28fb8c27cbbae810d942b72056b0dbe61a2,rapport,2022,https://www.brvm.org/sites/default/files/20221019_-_rapport_dactivite_-_3ieme_trimestre_2022_-_nestle_ci.pdf,49146849_20221019_-_rapport_dactivite_-_3ieme_trimestre_2022_-_nestle_ci.pdf,348591,2026-07-08T17:30:17.768990+00:00,rapports-2022
2f6a4f288956c3aaefa8a1d16674d18e0c50b1e3951e7c8b4edeadf6c52f956f,rapport,2022,https://www.brvm.org/sites/default/files/20220930_-_rapport_dactivite_du_1er_semestre_2022_-_nestle_ci.pdf,2b86de62_20220930_-_rapport_dactivite_du_1er_semestre_2022_-_nestle_ci.pdf,438859,2026-07-08T17:30:28.210165+00:00,rapports-2022
d2a84ff6e4b5707188dbb15b3af004df1072f16583c62187184aad7415ea9f04,rapport,2026,https://www.brvm.org/sites/default/files/20260513_-_etats_financiers_et_communique_-_exercice_2025_-_nsia_banque_ci.pdf,8aa033b4_20260513_-_etats_financiers_et_communique_-_exercice_2025_-_nsia_banque_ci.pdf,1387941,2026-07-08T17:31:03.221641+00:00,rapports-2026
2117e201611edf8eee5ba3234640470c758611e2664ef7d163da26744aae30ee,rapport,2026,https://www.brvm.org/sites/default/files/20260430_-_rapport_dactivites_-_1er_trimestre_2026_-_nsia_banque_ci.pdf,5f8b749f_20260430_-_rapport_dactivites_-_1er_trimestre_2026_-_nsia_banque_ci.pdf,631872,2026-07-08T17:31:13.760726+00:00,rapports-2026
a934458cdfe89271c8bc7f4fc99aa72cc3d385189c0f58a3cde0c529a623e4ba,rapport,2025,https://www.brvm.org/sites/default/files/20251029_-_rapport_dactivites_-_3eme_trimestre_2025_-_nsia_banque_ci.pdf,574c8621_20251029_-_rapport_dactivites_-_3eme_trimestre_2025_-_nsia_banque_ci.pdf,1167854,2026-07-08T17:31:24.380434+00:00,rapports-2025
d05888a2a5f091ae89272ccb31b9546ba778dd6166287134f0e470de9cb689bd,rapport,2025,https://www.brvm.org/sites/default/files/20250825_-_rapport_dactivites_-_1er_semestre_2025_-_nsia_banque_ci.pdf,9a07fa6d_20250825_-_rapport_dactivites_-_1er_semestre_2025_-_nsia_banque_ci.pdf,1126790,2026-07-08T17:31:34.992831+00:00,rapports-2025
e04a58c5593f0614643e8e22b85b7e65fb71f168fc5364c4f2f373de80d925bc,rapport,2025,https://www.brvm.org/sites/default/files/20250429_-_rapport_dactivites_-_1er_trimestre_2025_-_nsia_banque_ci.pdf,abf5dbfa_20250429_-_rapport_dactivites_-_1er_trimestre_2025_-_nsia_banque_ci.pdf,1162100,2026-07-08T17:31:45.605191+00:00,rapports-2025
b52b131a9707a265554a2173382abba4f7c8d51ed8f2df314cb23479a33010f8,rapport,2025,https://www.brvm.org/sites/default/files/20250325_-_etats_financiers_certifies_par_les_commissaires_aux_comptes_-_exercice_2024_-_nsia_banque_ci.pdf,6d35d33e_20250325_-_etats_financiers_certifies_par_les_commissaires_aux_comptes_-_exercice_2024_-_nsia_banque_ci.pdf,1515738,2026-07-08T17:31:56.232585+00:00,rapports-2025
8cd6e537f7c998fbc1d6183d15df56f08b01b0a8bfe6ad1da76f6fec65e25e35,rapport,2024,https://www.brvm.org/sites/default/files/20241023_-_rapport_dactivites_-_3eme_trimestre_2024_-_nsia_banque_ci.pdf,cb1ee1a3_20241023_-_rapport_dactivites_-_3eme_trimestre_2024_-_nsia_banque_ci.pdf,691355,2026-07-08T17:32:06.758820+00:00,rapports-2024
54565d1d053fc7521cdc72d4ad6b57656349d0bca0248fc25d31413ebe347217,rapport,2024,https://www.brvm.org/sites/default/files/20240822_-_communique_-_nsia_banque_ci_3.pdf,8c6cd46f_20240822_-_communique_-_nsia_banque_ci_3.pdf,888968,2026-07-08T17:32:17.289037+00:00,rapports-2024
0f71c100d8a2bc170ce6d5d6588bc34962d1d7ec4a8dc998f52ec8f21b8d1369,rapport,2024,https://www.brvm.org/sites/default/files/20240429_-_rapport_dactivites_-_1er_trimestre_2024_-_nsia_banque_ci.pdf,2312b8d3_20240429_-_rapport_dactivites_-_1er_trimestre_2024_-_nsia_banque_ci.pdf,1698681,2026-07-08T17:32:28.003324+00:00,rapports-2024
933b9c4adb86f234e81fe28398ca2dae9e22104cad17868babf08f551562289b,rapport,2024,https://www.brvm.org/sites/default/files/20240328_-_etats_financiers_-_exercice_2023_-_nsia_banque_ci.pdf,17c242ba_20240328_-_etats_financiers_-_exercice_2023_-_nsia_banque_ci.pdf,1304650,2026-07-08T17:32:38.619020+00:00,rapports-2024
4e5ace6f2f8a2df29e8111ad603fac4c95ac594c87a60a8e906d65751761bd87,rapport,2023,https://www.brvm.org/sites/default/files/20231027_-_rapport_dactivites_-_3eme_trimestre_2023_-_nsia_banque.pdf,c55ffc7d_20231027_-_rapport_dactivites_-_3eme_trimestre_2023_-_nsia_banque.pdf,2970177,2026-07-08T17:32:49.408081+00:00,rapports-2023
aabc2bbd6c63c4aa6c839b9315d2b5573c51e24d1743d72ab303eeca621eb907,rapport,2023,https://www.brvm.org/sites/default/files/20230823_-_resultats_financiers_-_1er_semestre_2023_-_nsia_banque_ci.pdf,dce039c8_20230823_-_resultats_financiers_-_1er_semestre_2023_-_nsia_banque_ci.pdf,952102,2026-07-08T17:33:00.022180+00:00,rapports-2023
7cb232a99468e9219cee280c8ab4c3c958eade4475458f075661515e7a5696d3,rapport,2023,https://www.brvm.org/sites/default/files/20230428_-_rapport_dactivite_-_1er_trimestre_2023_-_nsia_banque_ci.pdf,db3efa50_20230428_-_rapport_dactivite_-_1er_trimestre_2023_-_nsia_banque_ci.pdf,1868664,2026-07-08T17:33:10.721276+00:00,rapports-2023
9e0cb93b9f9fac279349770cf95d578fe8d105b624fd808ea25c17f361457188,rapport,2023,https://www.brvm.org/sites/default/files/20230331_-_etats_financiers_exercice_2022_-_nsia_banque_ci.pdf,6ef49807_20230331_-_etats_financiers_exercice_2022_-_nsia_banque_ci.pdf,1596185,2026-07-08T17:33:21.421216+00:00,rapports-2023
f49355cd73db606520c30e8f2b4f725d29f0d34379d7f88a6d6b3c9d29d4a88c,rapport,2022,https://www.brvm.org/sites/default/files/20221103_-_rapport_dactivite_-_3eme_trimestre_2022_-_nsia_banque_ci.pdf,5bbc98ff_20221103_-_rapport_dactivite_-_3eme_trimestre_2022_-_nsia_banque_ci.pdf,1577083,2026-07-08T17:33:32.120961+00:00,rapports-2022
cebff172d733820e63d78350f06b66d9c0c3cff33f10c2c5a01294943b988c93,rapport,2022,https://www.brvm.org/sites/default/files/20221028_-_rapport_dactivite_-_1er_semestre_2022_-_nsia_banque_ci.pdf,0982b81a_20221028_-_rapport_dactivite_-_1er_semestre_2022_-_nsia_banque_ci.pdf,2075501,2026-07-08T17:33:42.826750+00:00,rapports-2022
b7d3a1117eb945d3a446112fe917456a29aa535c0a1a5fe67e58620e5902d179,rapport,2022,https://www.brvm.org/sites/default/files/20220512_-_etats_financiers_-_exercice_2021_-_nsia_banque_ci_annule_et_remplace_le_precedent.pdf,ecb17e53_20220512_-_etats_financiers_-_exercice_2021_-_nsia_banque_ci_annule_et_remplace_le_precedent.pdf,2040591,2026-07-08T17:33:53.611757+00:00,rapports-2022
31b6ced1aec37d31522f090ab74aa9e0cc432fdb6b0764ee2f3344c720445e46,rapport,2022,https://www.brvm.org/sites/default/files/20220425_-_rapport_dactivite_-_1er_trimestre_2022_-_nsia_banque_ci.pdf,597c6752_20220425_-_rapport_dactivite_-_1er_trimestre_2022_-_nsia_banque_ci.pdf,1308602,2026-07-08T17:34:04.307982+00:00,rapports-2022
14c973172307e8e20ecadde4d566f5a871bd957f43349c8c1137f6bd2b593858,rapport,2022,https://www.brvm.org/sites/default/files/20220401_-_etats_financiers_exercice_2021_-_nsia_banque_ci.pdf,dc7fea86_20220401_-_etats_financiers_exercice_2021_-_nsia_banque_ci.pdf,1793625,2026-07-08T17:34:15.006012+00:00,rapports-2022
5aa41dae4fdfb2dc73defb9b4bbf2ba9dbb1621d2a5f051636dc5b79804006b6,rapport,2021,https://www.brvm.org/sites/default/files/20211028_-_rapport_dactivite_au_3eme_trimestre_2021_-_nsia_banque_ci.pdf,70631ecd_20211028_-_rapport_dactivite_au_3eme_trimestre_2021_-_nsia_banque_ci.pdf,1746441,2026-07-08T17:34:25.711908+00:00,rapports-2021
59bc68627a88ef54b005bc9348a993e670f648ff41ce12adc5972882b55066d6,rapport,2026,https://www.brvm.org/sites/default/files/20260611_-_etats_financiers_approuves_-_exercice_2025_-_onatel_bf.pdf,3e6df959_20260611_-_etats_financiers_approuves_-_exercice_2025_-_onatel_bf.pdf,561971,2026-07-08T17:34:49.070650+00:00,rapports-2026
36db00ce043888edccf76340eb5889279960b4a05113ab14331df79739a5fd2b,rapport,2026,https://www.brvm.org/sites/default/files/20260611_-_rapport_de_gestion_-_exercice_2025_-_onatel_bf.pdf,3723f186_20260611_-_rapport_de_gestion_-_exercice_2025_-_onatel_bf.pdf,5778665,2026-07-08T17:34:59.961275+00:00,rapports-2026
6627e8a08ea71de2f87c3e2df1443d4239bbcbf0bd77e8169669bbb7ba18e54c,rapport,2026,https://www.brvm.org/sites/default/files/20260430_-_rapport_dactivites_-_1er_trimestre_2026_-_onatel_bf.pdf,cd4e2ec6_20260430_-_rapport_dactivites_-_1er_trimestre_2026_-_onatel_bf.pdf,244642,2026-07-08T17:35:10.400946+00:00,rapports-2026
2e5bb477d9fdb3b7352a8953615f947c330267f6c36b2c4586fafd53609841e2,rapport,2026,https://www.brvm.org/sites/default/files/20260409_-_etats_financiers_-_exercice_2025_-_onatel_bf.pdf,5ddc09b1_20260409_-_etats_financiers_-_exercice_2025_-_onatel_bf.pdf,557127,2026-07-08T17:35:20.926982+00:00,rapports-2026
484e5fe9ce4c4fbad63f890b0123813442676472c51f4af8c6260cd8982df64b,rapport,2025,https://www.brvm.org/sites/default/files/20251029_-_rapport_dactivites_-_3eme_trimestre_2025_-_onatel_bf.pdf,c7f08950_20251029_-_rapport_dactivites_-_3eme_trimestre_2025_-_onatel_bf.pdf,2317567,2026-07-08T17:35:31.646941+00:00,rapports-2025
cd8074337e8d82e9801bccaa10a7f0bb7efec9f8a5dd3b54987e2344f16c7837,rapport,2025,https://www.brvm.org/sites/default/files/20250903_-_rapport_dactivites_-_1er_semestre_2025_-_onatel_bf.pdf,828377cc_20250903_-_rapport_dactivites_-_1er_semestre_2025_-_onatel_bf.pdf,3599548,2026-07-08T17:35:42.466360+00:00,rapports-2025
df6d8c17ffa64404f12c44f6af773c74060855dca30fb57444fd9413627abd7d,rapport,2025,https://www.brvm.org/sites/default/files/20250718_-_etats_financiers_certifies_et_approuves_exercice_2024_-_onatel_bf.pdf,258655db_20250718_-_etats_financiers_certifies_et_approuves_exercice_2024_-_onatel_bf.pdf,5558411,2026-07-08T17:35:53.352131+00:00,rapports-2025
70257cefa9867de945e27e0a3d687af4974a92c4e66de669d76560e30d2b694c,rapport,2025,https://www.brvm.org/sites/default/files/20250718_-_rapport_annuel_de_gestion_-_exercice_2024_-_onatel_bf.pdf,c7919a64_20250718_-_rapport_annuel_de_gestion_-_exercice_2024_-_onatel_bf.pdf,5842280,2026-07-08T17:36:04.316416+00:00,rapports-2025
f5dd2b48857895617eee2cae875c07f11c6577c5bdebfe6d60ec15a200ad9693,rapport,2025,https://www.brvm.org/sites/default/files/20250505_-_etats_financiers_-_exercice_2024_-_onatel_bf.pdf,5f6141dd_20250505_-_etats_financiers_-_exercice_2024_-_onatel_bf.pdf,5551640,2026-07-08T17:36:15.279860+00:00,rapports-2025
e5a0ef4985f1e86bcee7c0b1603989e37bc2a4b33905e740f6dad5a6dd440120,rapport,2025,https://www.brvm.org/sites/default/files/20250502_-_rapport_dactivites_-_1er_trimestre_2025_-_onatel_bf.pdf,3bcd9929_20250502_-_rapport_dactivites_-_1er_trimestre_2025_-_onatel_bf.pdf,2300396,2026-07-08T17:36:25.990464+00:00,rapports-2025
85463898f2960dfe0c110b00d80a7ed8c10d2b0d4784dd39d3eb2df0d8c489f9,rapport,2024,https://www.brvm.org/sites/default/files/20241104_-_rapport_dactivites_-_3eme_trimestre_2024_-_onatel_bf.pdf,252fa7e3_20241104_-_rapport_dactivites_-_3eme_trimestre_2024_-_onatel_bf.pdf,2250195,2026-07-08T17:36:36.705820+00:00,rapports-2024
c26cf4a3da9909da2df9723bcef9a0602b5528c238b6c27c38e9f710e0c00f4b,rapport,2024,https://www.brvm.org/sites/default/files/20240911_-_rapport_dactivites_du_1er_semestre_2024_-_exercice_2024_-_onatel_bf.pdf,e33ac9d5_20240911_-_rapport_dactivites_du_1er_semestre_2024_-_exercice_2024_-_onatel_bf.pdf,4304383,2026-07-08T17:36:47.586952+00:00,rapports-2024
b0fdedaaa81c5cb129401ab87e6e9fed087e2f95b9b887329dd87f3f43a0744e,rapport,2024,https://www.brvm.org/sites/default/files/20240710_-_etats_financiers_approuves_-_exercice_2023_-_onatel_bf.pdf,28d515f2_20240710_-_etats_financiers_approuves_-_exercice_2023_-_onatel_bf.pdf,812942,2026-07-08T17:36:58.119309+00:00,rapports-2024
079812ca8cf60e787a764eed9fc79b896db1d1f0957fbfa4cae5f58d7d8f200a,rapport,2024,https://www.brvm.org/sites/default/files/20240710_-_rapport_annuel_-_exercice_2023_-_onatel_bf.pdf,a21fa130_20240710_-_rapport_annuel_-_exercice_2023_-_onatel_bf.pdf,6860268,2026-07-08T17:37:09.089714+00:00,rapports-2024
4a2fe1562ede635542ddfdb23846ebcf6682b898b777115f9662c20d206a4d08,rapport,2024,https://www.brvm.org/sites/default/files/20240426_-_rapport_dactivites_-_1er_trimestre_2024_-_onatel_bf.pdf,e6b33bfc_20240426_-_rapport_dactivites_-_1er_trimestre_2024_-_onatel_bf.pdf,1040045,2026-07-08T17:37:19.717630+00:00,rapports-2024
5a310f401d677e8bbf9e2a1404e326def7485378461e4ee3f81261d777eef393,rapport,2024,https://www.brvm.org/sites/default/files/20240419_-_etats_financiers_provisoires_certifies_par_les_cac_-_exercice_2023_-_onatel_bf.pdf,de411192_20240419_-_etats_financiers_provisoires_certifies_par_les_cac_-_exercice_2023_-_onatel_bf.pdf,812751,2026-07-08T17:37:30.246474+00:00,rapports-2024
9c6265fe720e25ec14016fdd2353e0f24969370f132e114c154b2558fe83d141,rapport,2024,https://www.brvm.org/sites/default/files/20240404_-_resultats_financiers_-_exercice_2023_-_onatel_bf.pdf,767e48d8_20240404_-_resultats_financiers_-_exercice_2023_-_onatel_bf.pdf,1337197,2026-07-08T17:37:40.861624+00:00,rapports-2024
fb6fcc9507a41ec374564e2685a9665c17093438af3dfe0662f9515376ca212b,rapport,2023,https://www.brvm.org/sites/default/files/20231026_-_rapport_dactivites_-_3eme_trimestre_2023_-_onatel_bf.pdf,bccb526b_20231026_-_rapport_dactivites_-_3eme_trimestre_2023_-_onatel_bf.pdf,1018840,2026-07-08T17:37:51.493434+00:00,rapports-2023
d326a7be3386a0ebd6f5f9181a3363b57dd63e6657556bb289f70bd88e30bedd,rapport,2023,https://www.brvm.org/sites/default/files/20231026_-_rapport_dactivites_et_attestation_des_cac_-_1er_semestre_2023_-_onatel_bf.pdf,f5f363fb_20231026_-_rapport_dactivites_et_attestation_des_cac_-_1er_semestre_2023_-_onatel_bf.pdf,4395853,2026-07-08T17:38:02.396345+00:00,rapports-2023
e0476780cba7b6aa6f9ad233b70c803d0d0dfe93a17a35cfe7a13260c4baea6a,rapport,2023,https://www.brvm.org/sites/default/files/20230720_-_etats_financiers_certifies_et_approuves_exercice_2022_-_onatel_bf.pdf,b9e97df8_20230720_-_etats_financiers_certifies_et_approuves_exercice_2022_-_onatel_bf.pdf,739905,2026-07-08T17:38:12.928876+00:00,rapports-2023
bebd9594e2934acb02a9214933e8bbb0b4561997f3f10f857152630fb9e473b5,rapport,2026,https://www.brvm.org/sites/default/files/20260504_-_etats_financiers_-_exercice_2025_-_oragroup_tg.pdf,04d3b3e5_20260504_-_etats_financiers_-_exercice_2025_-_oragroup_tg.pdf,123541,2026-07-08T17:38:34.760049+00:00,rapports-2026
790dc3629ed7363d12798b5cce57f99d06145e9f2fdb6e191f33d4bc815ad0c3,rapport,2026,https://www.brvm.org/sites/default/files/20260430_-_rapport_dactivites_annuel_-_exercice_2025_-_oragroup_tg.pdf,4525749d_20260430_-_rapport_dactivites_annuel_-_exercice_2025_-_oragroup_tg.pdf,377615,2026-07-08T17:38:45.204348+00:00,rapports-2026
c203252049f1c7083aec32d0d99dc1b60d610dbf632f640fefb07af6f04fc481,rapport,2026,https://www.brvm.org/sites/default/files/20260430_-_rapport_dactivites_-_1er_trimestre_2026_-_oragroup_tg_0.pdf,21b6e3fc_20260430_-_rapport_dactivites_-_1er_trimestre_2026_-_oragroup_tg_0.pdf,255419,2026-07-08T17:38:55.646664+00:00,rapports-2026
77e944a35f5248a9d429e0bd9e55962fd430e3eb030a4f6a8c3f17e9700f2105,rapport,2025,https://www.brvm.org/sites/default/files/20251022_-_rapport_dactivites_-_3eme_trimestre_2025_-_oragroup_tg.pdf,e552c2ca_20251022_-_rapport_dactivites_-_3eme_trimestre_2025_-_oragroup_tg.pdf,177609,2026-07-08T17:39:06.002825+00:00,rapports-2025
f4c64b0128808dd936a6480081c633667a3624ec880357caea48e06fcc9ba3fc,rapport,2025,https://www.brvm.org/sites/default/files/20251001_-_attestation_des_commissaires_aux_comptes_sur_le_rapport_dactivites_-_1er_semestre_2025_-_oragroup_tg.pdf,ee066645_20251001_-_attestation_des_commissaires_aux_comptes_sur_le_rapport_dactivites_-_1er_semestre_2025_-_oragroup_tg.pdf,897393,2026-07-08T17:39:16.618060+00:00,rapports-2025
2b402d47feb65ab44b6da4ec7c0a19888fa6ac37828d639607d4283871063756,rapport,2025,https://www.brvm.org/sites/default/files/20250922_-_rapport_dactivites_-_1er_semestre_2025_-_oragroup_tg.pdf,847494fe_20250922_-_rapport_dactivites_-_1er_semestre_2025_-_oragroup_tg.pdf,606317,2026-07-08T17:39:27.148476+00:00,rapports-2025
ec83763add9af4f8b4cb15707d5e559047928e1992252aa91064ba4861cfee28,rapport,2025,https://www.brvm.org/sites/default/files/20250430_-_etats_financiers_-_exercice_2024_-_oragroup_tg.pdf,11ac49ce_20250430_-_etats_financiers_-_exercice_2024_-_oragroup_tg.pdf,1553760,2026-07-08T17:39:37.857957+00:00,rapports-2025
e7519f5a282b71657f1dadaf5afb71debe2dea9607e784c6bdf8fc106cda7fdc,rapport,2025,https://www.brvm.org/sites/default/files/20250428_-_rapport_dactivites_-_1er_trimestre_2025_-_oragroup_tg.pdf,70cfd589_20250428_-_rapport_dactivites_-_1er_trimestre_2025_-_oragroup_tg.pdf,173363,2026-07-08T17:39:48.214640+00:00,rapports-2025
178678a4f72fde5fbfe218f2e1e63af4d26289f93153c316fc34d24291261b18,rapport,2024,https://www.brvm.org/sites/default/files/20241025_-_rapport_dactivites_-_3eme_trimestre_2024_-_oragroup_tg.pdf,08d2fbd0_20241025_-_rapport_dactivites_-_3eme_trimestre_2024_-_oragroup_tg.pdf,170585,2026-07-08T17:39:58.586602+00:00,rapports-2024
d1338ada671cba7959745e80450fa5a31e7f703754daa4fe2c9b555252d8301c,rapport,2024,https://www.brvm.org/sites/default/files/20240930_-_rapport_dactivites_-_1er_semestre_2024_-_oragroup_tg.pdf,c73815c7_20240930_-_rapport_dactivites_-_1er_semestre_2024_-_oragroup_tg.pdf,2041576,2026-07-08T17:40:09.292530+00:00,rapports-2024
eaa3f88c4695206526eefc8d11f665164b2a46bc7e60d0128c65279aebedf736,rapport,2024,https://www.brvm.org/sites/default/files/20240429_-_etats_financiers_-_exercice_2023_-_oragroup_togo.pdf,487e59d9_20240429_-_etats_financiers_-_exercice_2023_-_oragroup_togo.pdf,139409,2026-07-08T17:40:19.650150+00:00,rapports-2024
77aabafa6b4d8305f26242dfb2704f3a953c4e90895c6b1be35365f635f050f1,rapport,2023,https://www.brvm.org/sites/default/files/20231030_-_rapport_dactivites_et_attestation_des_cac_-_1er_semestre_2023_-_oragroup_togo.pdf,c9592dfa_20231030_-_rapport_dactivites_et_attestation_des_cac_-_1er_semestre_2023_-_oragroup_togo.pdf,696456,2026-07-08T17:40:30.216771+00:00,rapports-2023
06938c9f354997691d8aa67f337acd6d2de66ba2d5f0c432eaa1696c0c5df44d,rapport,2023,https://www.brvm.org/sites/default/files/20231030_-_rapport_dactivites_-_3eme_trimestre_2023_-_oragroup_togo.pdf,a1d84144_20231030_-_rapport_dactivites_-_3eme_trimestre_2023_-_oragroup_togo.pdf,169900,2026-07-08T17:40:40.595650+00:00,rapports-2023
101fe5cb2143dcf19b3a4fad51518b7e7c949b9adae74206b356233e73bd1c66,rapport,2023,https://www.brvm.org/sites/default/files/20230426_-_etats_financiers_exercice_2022_-_oragroup_tg.pdf,4509756f_20230426_-_etats_financiers_exercice_2022_-_oragroup_tg.pdf,130526,2026-07-08T17:40:50.954416+00:00,rapports-2023
78f200bed419dace794d2da9cfafb3dda850fc7377906d3fb8886fb4e596d534,rapport,2023,https://www.brvm.org/sites/default/files/20230426_-_rapport_dactivite_-_1er_trimestre_2023_-_oragroup_tg.pdf,60fd031f_20230426_-_rapport_dactivite_-_1er_trimestre_2023_-_oragroup_tg.pdf,167293,2026-07-08T17:41:01.325369+00:00,rapports-2023
77bbc167ed79a9a30b68cc55b5163ae9f3936ca62b0b40007dd5427781f78a69,rapport,2022,https://www.brvm.org/sites/default/files/20221025_-_rapport_dactivite_-_3eme_trimestre_2022_-_oragroup_tg.pdf,71c41a21_20221025_-_rapport_dactivite_-_3eme_trimestre_2022_-_oragroup_tg.pdf,304827,2026-07-08T17:41:11.764182+00:00,rapports-2022
a153df4cd51d885523eefee1f108ff50da8e194e9809ed5a6d64c93345298e49,rapport,2022,https://www.brvm.org/sites/default/files/20220926_-_rapport_dactivites_1er_semestre_2022_-_oragroup.pdf,d24bc634_20220926_-_rapport_dactivites_1er_semestre_2022_-_oragroup.pdf,2102656,2026-07-08T17:41:22.537651+00:00,rapports-2022
d8f6fdd06e2c09d800b15f816ee2dc29798885b290ce69b77824e895a1c1b3e7,rapport,2022,https://www.brvm.org/sites/default/files/20220926_-_attestation_cac_sur_le_rapport_dactivites_1er_semestre_2022_-_oragroup_tg.pdf,957e8096_20220926_-_attestation_cac_sur_le_rapport_dactivites_1er_semestre_2022_-_oragroup_tg.pdf,2481551,2026-07-08T17:41:33.338834+00:00,rapports-2022
da8b8128d14d23143826b7879035e9f972e6a3e8794970bca1252fa471de4a2a,rapport,2022,https://www.brvm.org/sites/default/files/20220426_-_etats_financiers_exercice_2021_-_oragroup_tg.pdf,2e8b48a4_20220426_-_etats_financiers_exercice_2021_-_oragroup_tg.pdf,128904,2026-07-08T17:41:43.692139+00:00,rapports-2022
10cf80a9e25cfc98ee270aa945a7571e2bbee9272eb4ae6889ccc23b105b9710,rapport,2022,https://www.brvm.org/sites/default/files/20220426_-_rapport_dactivite_-_1er_trimestre_2022_-_oragroup_tg.pdf,8e0f59a0_20220426_-_rapport_dactivite_-_1er_trimestre_2022_-_oragroup_tg.pdf,176289,2026-07-08T17:41:54.058541+00:00,rapports-2022
29b2f803402875999a4b3d12a6cc0044976914c28aec5e184018e5844f5e703c,rapport,2026,https://www.brvm.org/sites/default/files/20260608_-_etats_financiers_approuves_-_exercice_2025_-_orange_ci.pdf,d0f08617_20260608_-_etats_financiers_approuves_-_exercice_2025_-_orange_ci.pdf,546549,2026-07-08T17:42:16.049496+00:00,rapports-2026
3a0e1b7c92d3ae682ac6bbd58c9de7153e829183072a4775613cd8d3eef03ebc,rapport,2026,https://www.brvm.org/sites/default/files/20260520_-_rapport_annuel_integre_-_exercice_2025_-_orange_ci.pdf,75074252_20260520_-_rapport_annuel_integre_-_exercice_2025_-_orange_ci.pdf,9916570,2026-07-08T17:42:27.115466+00:00,rapports-2026
d8061e3c3f24f85843ba741968463936761c670679fe862b7fb4b8183f0dbb75,rapport,2026,https://www.brvm.org/sites/default/files/20260430_-_rapport_dactivites_-_1er_trimestre_2026_-_orange_ci.pdf,05208a63_20260430_-_rapport_dactivites_-_1er_trimestre_2026_-_orange_ci.pdf,265924,2026-07-08T17:42:37.555360+00:00,rapports-2026
18fcace22a971a48186ea783a4ec5c5d42e4c96b73cf00493062bca6e005a377,rapport,2026,https://www.brvm.org/sites/default/files/20260217_-_etats_financiers_-_exercice_2025_-_orange_ci.pdf,185bd9b8_20260217_-_etats_financiers_-_exercice_2025_-_orange_ci.pdf,637067,2026-07-08T17:42:48.134641+00:00,rapports-2026
09f11c650e203e012d1cb18026d169ecca22fc60dce674828fc068d7fb23c15b,rapport,2025,https://www.brvm.org/sites/default/files/20251024_-_rapport_dactivites_-_3eme_trimestre_2025_-_orange_ci.pdf,55c4e650_20251024_-_rapport_dactivites_-_3eme_trimestre_2025_-_orange_ci.pdf,264402,2026-07-08T17:42:58.574562+00:00,rapports-2025
23e35668215ea5bf28dce99dceea9fb260df95da961a36c949db4b361024cc6e,rapport,2025,https://www.brvm.org/sites/default/files/20251023_-_attestation_des_cacs_et_rapport_dactivites_-_1er_semestre_2025_-_orange_ci.pdf,e2a4ff6a_20251023_-_attestation_des_cacs_et_rapport_dactivites_-_1er_semestre_2025_-_orange_ci.pdf,492570,2026-07-08T17:43:09.099341+00:00,rapports-2025
32a2a7ab11b278e89b7213bc1345d1f0fcac53395f0f10ca9948b902d6ac828e,rapport,2025,https://www.brvm.org/sites/default/files/20251023_-_rapport_dactivites_-1er_semestre_2025_-_orange_ci.pdf,132d29ec_20251023_-_rapport_dactivites_-1er_semestre_2025_-_orange_ci.pdf,283340,2026-07-08T17:43:19.539436+00:00,rapports-2025
a947961000169d474f6eb4164541972c420dfb7b8aa45721500cd4b598faa54c,rapport,2025,https://www.brvm.org/sites/default/files/20250721_-_rapport_rse_2024_-_orange_ci.pdf,c4340f69_20250721_-_rapport_rse_2024_-_orange_ci.pdf,11002565,2026-07-08T17:43:30.613418+00:00,rapports-2025
c6aa28fa67c2061ec41e744322c54d9b4c3af73111a59692bb1567b9c0148c43,rapport,2025,https://www.brvm.org/sites/default/files/20250416_-_rapport_annuel_integre_-_exercice_2024_-_orange_ci.pdf,95344faa_20250416_-_rapport_annuel_integre_-_exercice_2024_-_orange_ci.pdf,5909718,2026-07-08T17:43:41.497062+00:00,rapports-2025
47097a5c4678704d54aa8f44485bd662e6118c5f381a263f32567f3d9c051bfe,rapport,2025,https://www.brvm.org/sites/default/files/20250411_-_rapport_dactivites_-_1er_trimestre_2025_-_orange_ci.pdf,563fdb38_20250411_-_rapport_dactivites_-_1er_trimestre_2025_-_orange_ci.pdf,245405,2026-07-08T17:43:51.937517+00:00,rapports-2025
5067b47de6362133c6cc480c8bc098305385b8f509c930d1a3a332861041c204,rapport,2025,https://www.brvm.org/sites/default/files/20250221_-_etats_financiers_-_exercice_2024_-_orange_ci.pdf,24b6e902_20250221_-_etats_financiers_-_exercice_2024_-_orange_ci.pdf,457407,2026-07-08T17:44:02.465633+00:00,rapports-2025
e067cfaf8819a74b5e508d568eb9c221a9b7e6bf57f33493e72bdd1fd86f4672,rapport,2024,https://www.brvm.org/sites/default/files/20241028_-_attestation_des_cacs_sur_le_rapport_dactivites_-_1er_semestre_2024_-_orange_ci.pdf,cb160c4e_20241028_-_attestation_des_cacs_sur_le_rapport_dactivites_-_1er_semestre_2024_-_orange_ci.pdf,225369,2026-07-08T17:44:12.921968+00:00,rapports-2024
5e053c0f24b96691eb6467dfef4c474837cf52a724bfa0288bf89550f63fd38c,rapport,2024,https://www.brvm.org/sites/default/files/20241028_-_rapport_dactivites_-_3eme_trimestre_2024_-_orange_ci.pdf,0a2e50fa_20241028_-_rapport_dactivites_-_3eme_trimestre_2024_-_orange_ci.pdf,248926,2026-07-08T17:44:23.364254+00:00,rapports-2024
661b4e6459c88ca7b9ea1b83126174f8ab7b845e6f2837d3c12bd8cbea8e3a4b,rapport,2024,https://www.brvm.org/sites/default/files/20241025_-_rapport_dactivites_-_1er_semestre_2024_-_orange_ci.pdf,4fda86ce_20241025_-_rapport_dactivites_-_1er_semestre_2024_-_orange_ci.pdf,246331,2026-07-08T17:44:33.806404+00:00,rapports-2024
16d5e795e10b1e97799db40a28556fe9c4601e6b62f91cd8d4ae23c5f8949d46,rapport,2024,https://www.brvm.org/sites/default/files/20240716_-_rapport_rse_-_exercice_2023_-_orange_ci.pdf,1b07b6d7_20240716_-_rapport_rse_-_exercice_2023_-_orange_ci.pdf,10816977,2026-07-08T17:44:44.967798+00:00,rapports-2024
c20179cf50c34eadc41e2af255cdc3a83e151d7cc6b1add10d8a314aec32f45c,rapport,2024,https://www.brvm.org/sites/default/files/20240430_-_rapport_dactivites_-_1er_trimestre_2024_-_orange_ci.pdf,877d4630_20240430_-_rapport_dactivites_-_1er_trimestre_2024_-_orange_ci.pdf,245436,2026-07-08T17:44:55.411474+00:00,rapports-2024
77e4e3f2c2dfc3ae4a47b64ead0dfcd3fd69fcb8f678a7f79f5fa64eb420b114,rapport,2024,https://www.brvm.org/sites/default/files/20240422_-_rapport_annuel_integre_-_exercice_2023_-_orange_ci.pdf,852c8946_20240422_-_rapport_annuel_integre_-_exercice_2023_-_orange_ci.pdf,12443273,2026-07-08T17:45:06.572703+00:00,rapports-2024
87666ebc525670272c36c8d9c0f831cfafe326c0536aa957e7da20e863ba105c,rapport,2024,https://www.brvm.org/sites/default/files/20240221_-_resultats_financiers_consolides_2023_-_orange_ci.pdf,53f7c639_20240221_-_resultats_financiers_consolides_2023_-_orange_ci.pdf,924646,2026-07-08T17:45:17.108304+00:00,rapports-2024
22feabd2c31942879cb8bd3b4d5c9bbbbe479138f025f49b0610aaffad2c96d1,rapport,2023,https://www.brvm.org/sites/default/files/20231030_-_rapport_dactivites_et_attestation_des_cac_-_1er_semestre_2023_-_orange_ci.pdf,1ca99f5d_20231030_-_rapport_dactivites_et_attestation_des_cac_-_1er_semestre_2023_-_orange_ci.pdf,524240,2026-07-08T17:45:27.638261+00:00,rapports-2023
4e8d52a2fbc0fc13b64813ffaa73f85a16c3359fe61fff6d632174f467191be8,rapport,2023,https://www.brvm.org/sites/default/files/20231030_-_rapport_dactivites_-_3eme_trimestre_2023_-_orange_ci.pdf,ac44c5c7_20231030_-_rapport_dactivites_-_3eme_trimestre_2023_-_orange_ci.pdf,335326,2026-07-08T17:45:38.095429+00:00,rapports-2023
ccbe3af0b4e95d7853c707ffc1680ba2476adeb2aa92c946f90b7f2d1bff4472,rapport,2026,https://www.brvm.org/sites/default/files/20260429_-_rapport_dactivites_-_1er_trimestre_2026_-_palm_ci.pdf,05920b9c_20260429_-_rapport_dactivites_-_1er_trimestre_2026_-_palm_ci.pdf,114088,2026-07-08T17:45:59.848802+00:00,rapports-2026
357373b0d11bbbc109617875938f8932c9a4c627030995812e63ac0b42c6c149,rapport,2026,https://www.brvm.org/sites/default/files/20260323_-_etats_financiers_-_exercice_2025_-_palm_ci.pdf,3985fb15_20260323_-_etats_financiers_-_exercice_2025_-_palm_ci.pdf,317589,2026-07-08T17:46:10.294206+00:00,rapports-2026
5cd55d51b2ad914defff41f8090f353744684b5dee66a1c0a9e5b5f764f6ad2f,rapport,2025,https://www.brvm.org/sites/default/files/20251029_-_rapport_dactivites_-_3eme_trimestre_2025_-_palm_ci.pdf,d4ddb0ca_20251029_-_rapport_dactivites_-_3eme_trimestre_2025_-_palm_ci.pdf,107788,2026-07-08T17:46:20.651386+00:00,rapports-2025
e372ab9382d2fd28fae0474f9fb1b7b45fcf76baf711e8dce51b1b08fba79af2,rapport,2025,https://www.brvm.org/sites/default/files/20251016_-_attestation_des_commissaires_aux_comptes_et_rapport_dactivites_-_1er_semestre_2025_-_palm_ci.pdf,4eb41b66_20251016_-_attestation_des_commissaires_aux_comptes_et_rapport_dactivites_-_1er_semestre_2025_-_palm_ci.pdf,710688,2026-07-08T17:46:31.183257+00:00,rapports-2025
1559daec73ddb9047a42015590881bcdfabd4c507fe89f5eebb7671fff032fe1,rapport,2025,https://www.brvm.org/sites/default/files/20250626_-_rapport_annuel_-_exercice_2024_-_palm_ci.pdf,e6e17479_20250626_-_rapport_annuel_-_exercice_2024_-_palm_ci.pdf,15327369,2026-07-08T17:46:42.535106+00:00,rapports-2025
fbba8e57d6d8ed1187d213fc3a0fcba19509aa6dc605b68a9394de2d37642adc,rapport,2025,https://www.brvm.org/sites/default/files/20250418_-_rapport_dactivites_-_1er_trimestre_2025_-_palm_ci.pdf,d83f02da_20250418_-_rapport_dactivites_-_1er_trimestre_2025_-_palm_ci.pdf,72984,2026-07-08T17:46:52.803633+00:00,rapports-2025
25444c511c38250c43aa08864b9d5ac036e55cfc8371dcc970af00fc0c54a044,rapport,2025,https://www.brvm.org/sites/default/files/20250417_-_etats_financiers_provisoires_valides_par_le_ca_-_exercice_2024_-_palm_ci.pdf,b1deff3b_20250417_-_etats_financiers_provisoires_valides_par_le_ca_-_exercice_2024_-_palm_ci.pdf,215008,2026-07-08T17:47:03.243244+00:00,rapports-2025
b9d0f5276c1b95287ea1867e378031a82f4797d2a24f03ef016a98d4d4432b30,rapport,2024,https://www.brvm.org/sites/default/files/20241105_-_rapport_dactivites_-_3eme_trimestre_2024_-_palm_ci.pdf,9290a3c9_20241105_-_rapport_dactivites_-_3eme_trimestre_2024_-_palm_ci.pdf,65525,2026-07-08T17:47:13.511368+00:00,rapports-2024
483b671f60a5db3cf45504a9a4938797358fa0c691b424ccb770e56e0e03bd63,rapport,2024,https://www.brvm.org/sites/default/files/20241015_-_rapport_dactivites_certifie_par_les_cacs_-_1er_semestre_2024_-_palm_ci.pdf,6d07f1af_20241015_-_rapport_dactivites_certifie_par_les_cacs_-_1er_semestre_2024_-_palm_ci.pdf,191378,2026-07-08T17:47:23.867225+00:00,rapports-2024
1fb194caba5833e118e191c1d47cd2e73326c3059b75dc83d90ed5eab52936fa,rapport,2024,https://www.brvm.org/sites/default/files/20240924_-_rapport_rse_-_exercice_2023_-_palm_ci.pdf,b560ed31_20240924_-_rapport_rse_-_exercice_2023_-_palm_ci.pdf,16910919,2026-07-08T17:47:35.119518+00:00,rapports-2024
14b97f4a690a7c95bc2e51c82e97b983a19c96a831ca21a36a4e4ba9cdd0738a,rapport,2023,https://www.brvm.org/sites/default/files/20231130_-_rapport_dactivites_et_attestation_des_cac_-_1er_semestre_2023_-_palm_ci.pdf,e5e9f48f_20231130_-_rapport_dactivites_et_attestation_des_cac_-_1er_semestre_2023_-_palm_ci.pdf,507989,2026-07-08T17:47:45.647170+00:00,rapports-2023
486cc9411239347b83b524fcc67b07de88bcd44a5749efc709d6f240df13e4d0,rapport,2023,https://www.brvm.org/sites/default/files/20231130_-_rapport_dactivites_-_3eme_trimestre_2023_-_palm_ci.pdf,20156ec6_20231130_-_rapport_dactivites_-_3eme_trimestre_2023_-_palm_ci.pdf,72894,2026-07-08T17:47:55.917890+00:00,rapports-2023
0e44995e01fb5b341a49180b6c7ab1a3d750741f3e75d37949c49bbd172481d7,rapport,2023,https://www.brvm.org/sites/default/files/20231121_-_rapport_rse_-_palm_ci_-_exercice_2022.pdf,531da60c_20231121_-_rapport_rse_-_palm_ci_-_exercice_2022.pdf,21614257,2026-07-08T17:48:07.345806+00:00,rapports-2023
1c081e5b560e13f41624516ec44aeabbeb2b6b6ebf888afe802a9b956441d6d0,rapport,2023,https://www.brvm.org/sites/default/files/20230425_-_etats_financiers_exercice_2022_-_palm_ci.pdf,67dda82d_20230425_-_etats_financiers_exercice_2022_-_palm_ci.pdf,688043,2026-07-08T17:48:17.875582+00:00,rapports-2023
6ed32ce1bba2a835beade2248515e204e537592b352ab819e52c0ab98f51690e,rapport,2023,https://www.brvm.org/sites/default/files/20230425_-_rapport_dactivite_-_1er_trimestre_2023_-_palm_ci.pdf,b6dcbd56_20230425_-_rapport_dactivite_-_1er_trimestre_2023_-_palm_ci.pdf,490313,2026-07-08T17:48:28.473392+00:00,rapports-2023
46c9615b68e83b15f915267b07f41cf2a0497e4ecde36a3a7469599c8344145b,rapport,2022,https://www.brvm.org/sites/default/files/20221031_-_rapport_dactivite_-_3eme_trimestre_2022_-_palm_ci.pdf,2dbab75c_20221031_-_rapport_dactivite_-_3eme_trimestre_2022_-_palm_ci.pdf,69549,2026-07-08T17:48:38.744304+00:00,rapports-2022
29c3b3c64a45177d9cd6772552cd83d9a3a80d3ebb7bc55e70a7dcc24413b049,rapport,2022,https://www.brvm.org/sites/default/files/20221018_-_attestation_des_commissaires_aux_comptes_et_rapport_dactivites_du_1er_semestre_2022_-_palm_ci.pdf,e727f43c_20221018_-_attestation_des_commissaires_aux_comptes_et_rapport_dactivites_du_1er_semestre_2022_-_palm_ci.pdf,442688,2026-07-08T17:48:49.268979+00:00,rapports-2022
e1f9b45ab80bbc723019491f5f4dde3ff757ea987e33c72713b0a2f64c0e751a,rapport,2022,https://www.brvm.org/sites/default/files/20220426_-_etats_financiers_exercice_2021_-_palm_ci.pdf,b006bc6d_20220426_-_etats_financiers_exercice_2021_-_palm_ci.pdf,411068,2026-07-08T17:48:59.709579+00:00,rapports-2022
75b6de9e54db5af2e55268622f1a38d2b16878edb1d9d710c9e19993704c8267,rapport,2022,https://www.brvm.org/sites/default/files/20220426_-_rapport_dactivite_-_1er_trimestre_2022_-_palm_ci.pdf,a29346b0_20220426_-_rapport_dactivite_-_1er_trimestre_2022_-_palm_ci.pdf,267046,2026-07-08T17:49:10.150325+00:00,rapports-2022
553815774d3fa03b27e46d4596d0eccf98f7986eff5912b83d9981be05cb8814,rapport,2021,https://www.brvm.org/sites/default/files/20211020_-_rapport_dactivite_au_3eme_trimestre_2021_-_palm_ci.pdf,d6194a89_20211020_-_rapport_dactivite_au_3eme_trimestre_2021_-_palm_ci.pdf,118322,2026-07-08T17:49:20.523745+00:00,rapports-2021
0dfdebe7956cb79e4f76fdd17cc480cd35e7c957eb393845a342cb1592bc323a,rapport,2026,https://www.brvm.org/sites/default/files/20260609_-_etats_financiers_-_exercice_2025_-_safca_ci_annule_et_remplace_le_precedent.pdf,bdad1807_20260609_-_etats_financiers_-_exercice_2025_-_safca_ci_annule_et_remplace_le_precedent.pdf,212578,2026-07-08T17:49:42.099860+00:00,rapports-2026
241fbc6904612f6c9950037d0ace3fc5ac30ce150dfa8cecc980ba9ffd31ab07,rapport,2026,https://www.brvm.org/sites/default/files/20260602_-_etats_financiers_-_exercice_2025_-_safca_ci.pdf,b35a09f5_20260602_-_etats_financiers_-_exercice_2025_-_safca_ci.pdf,212578,2026-07-08T17:49:52.456639+00:00,rapports-2026
f57bf9619408253c4a142c3c643e7b3d41ec24d365f274e5c4b28154ae08e5ee,rapport,2026,https://www.brvm.org/sites/default/files/20260511_-_rapport_dactivites_-_1er_trimestre_2026_-_safca_ci.pdf,7a1653cc_20260511_-_rapport_dactivites_-_1er_trimestre_2026_-_safca_ci.pdf,165751,2026-07-08T17:50:02.809945+00:00,rapports-2026
b33cea6de54f4e36d5cacae6726420595d2e49c2ab8e8217b035eeab7b05725b,rapport,2026,https://www.brvm.org/sites/default/files/20260423_-_rapport_dactivites_au_4eme_trimestre_2025_-_safca_ci.pdf,4781eec8_20260423_-_rapport_dactivites_au_4eme_trimestre_2025_-_safca_ci.pdf,187452,2026-07-08T17:50:13.164176+00:00,rapports-2026
d38f59f0d6ed765bd5cc79e441e8712ef775e4333d4a7e3627f3c8e821a593f2,rapport,2025,https://www.brvm.org/sites/default/files/20250729_-_rapport_dactivites_-_2eme_trimestre_2025_-_safca_ci.pdf,5566c5b2_20250729_-_rapport_dactivites_-_2eme_trimestre_2025_-_safca_ci.pdf,325603,2026-07-08T17:50:23.606420+00:00,rapports-2025
44447afc3d9a98070f73222609f4ca0e523f40a205b5a539dd60e2efb36d843c,rapport,2025,https://www.brvm.org/sites/default/files/20250703_-_etats_finaniers_-_exercice_2024_-_safca_ci.pdf,9a78408b_20250703_-_etats_finaniers_-_exercice_2024_-_safca_ci.pdf,5350105,2026-07-08T17:50:34.490015+00:00,rapports-2025
5f782730dd9f256537dfeed034df9ed8bdee3ed3f025546b215bd2d1d879554a,rapport,2026,https://www.brvm.org/sites/default/files/20260703_-_rapport_dactivites_-_4e_trimestre_2024_-_safca_ci.pdf,e17f1040_20260703_-_rapport_dactivites_-_4e_trimestre_2024_-_safca_ci.pdf,135034,2026-07-08T17:50:44.860292+00:00,rapports-2026
61f69c53553bf20c4a55e4142d59fdc2959b4c2832a46d4e69a164659c8e6c0d,rapport,2026,https://www.brvm.org/sites/default/files/20260703_-_rapport_des_commissaires_aux_comptes_sur_les_etats_financiers_-_exercice_2024-_safca_ci.pdf,d7020bc7_20260703_-_rapport_des_commissaires_aux_comptes_sur_les_etats_financiers_-_exercice_2024-_safca_ci.pdf,349438,2026-07-08T17:50:55.302525+00:00,rapports-2026
268f0e4edf2e6a451f53243a6ad7d2f535907fc47658cdd32e41dc6a7c444ea1,rapport,2025,https://www.brvm.org/sites/default/files/20250502_-_rapport_dactivites_-_1er_trimestre_2025_-_safca_ci.pdf,84e0854a_20250502_-_rapport_dactivites_-_1er_trimestre_2025_-_safca_ci.pdf,463428,2026-07-08T17:51:05.828138+00:00,rapports-2025
6e6e5c21f2c2bb0f557d1a0e54c16baee446bf8f9498505f0543b1366b80a4c6,rapport,2024,https://www.brvm.org/sites/default/files/20240624_-_rapport_dactivites_-_4eme_trimestre_2024_-_safca_ci.pdf,a3475cd0_20240624_-_rapport_dactivites_-_4eme_trimestre_2024_-_safca_ci.pdf,319743,2026-07-08T17:51:16.284624+00:00,rapports-2024
e63e230d999d1651055a7729a6ccc043874df5c2549232309f55f6837968590e,rapport,2023,https://www.brvm.org/sites/default/files/20231102_-_rapport_dactivites_-_3eme_trimestre_2023_-_safca_ci.pdf,178df630_20231102_-_rapport_dactivites_-_3eme_trimestre_2023_-_safca_ci.pdf,139968,2026-07-08T17:51:26.638471+00:00,rapports-2023
f98f6cd16104f7b432b6836fca375a6205a38659b3e3547251ca53d7f9027e1a,rapport,2023,https://www.brvm.org/sites/default/files/20231002_-_rapport_dactivites_du_2eme_trimestre_2023_-_alios_finance_safca_ci.pdf,de3a275a_20231002_-_rapport_dactivites_du_2eme_trimestre_2023_-_alios_finance_safca_ci.pdf,322731,2026-07-08T17:51:37.104616+00:00,rapports-2023
1631e1d61451258e79fb1b0d3aef6f993041393f31cc6c5b2d91da2d6a262bda,rapport,2023,https://www.brvm.org/sites/default/files/20230609_-_rapport_dactivites_-_1er_trimestre_2023_-_alios_finance_safca_ci.pdf,06178b67_20230609_-_rapport_dactivites_-_1er_trimestre_2023_-_alios_finance_safca_ci.pdf,297817,2026-07-08T17:51:47.544292+00:00,rapports-2023
1b21d39aec8bac74a321ca7eed839877a8e2fbcb03dae15464cb7be8ae578d37,rapport,2023,https://www.brvm.org/sites/default/files/20230609_-_rapport_dactivites_-_4ieme_trimestre_2022_-_alios_finance_safca_ci.pdf,e40448c4_20230609_-_rapport_dactivites_-_4ieme_trimestre_2022_-_alios_finance_safca_ci.pdf,297588,2026-07-08T17:51:58.050461+00:00,rapports-2023
17374ad4eb253f5c7a0ddc37dcdc7b55a23410af13f1e5d0f073e39720c91570,rapport,2022,https://www.brvm.org/sites/default/files/20221229_-_rapport_dactivite_-_3eme_trimestre_2022_-_alios_finance_safca.pdf,e7447177_20221229_-_rapport_dactivite_-_3eme_trimestre_2022_-_alios_finance_safca.pdf,160628,2026-07-08T17:52:08.422603+00:00,rapports-2022
9b976388cb6c24ef1e618f44930b809ca8191140fb7a4963578b78a3635b6a48,rapport,2022,https://www.brvm.org/sites/default/files/20220831_-_rapport_dactivites_-_1er_semestre_2022_-_safca_ci.pdf,dc519200_20220831_-_rapport_dactivites_-_1er_semestre_2022_-_safca_ci.pdf,418330,2026-07-08T17:52:18.864808+00:00,rapports-2022
7d7c29f274d15ef4138319fb70041369a4ab492724b4956795cfb73d385ab491,rapport,2022,https://www.brvm.org/sites/default/files/20220518_-_rapport_dactivite_-_1er_trimestre_2022_-_safca_ci.pdf,76dcd7c9_20220518_-_rapport_dactivite_-_1er_trimestre_2022_-_safca_ci.pdf,298362,2026-07-08T17:52:29.321733+00:00,rapports-2022
04929017def9e10a58a117430a063ef1d24903f8f010f8d7a42e4f46622a4860,rapport,2022,https://www.brvm.org/sites/default/files/20220510_-_rapport_dactivites_-_4eme_trimestre_2021_-_safca_ci.pdf,15cc3844_20220510_-_rapport_dactivites_-_4eme_trimestre_2021_-_safca_ci.pdf,298361,2026-07-08T17:52:39.761338+00:00,rapports-2022
69511eec065dfb6b03c4a31ae7c9011afb5eafa70446991e9b7062b4d2120194,rapport,2022,https://www.brvm.org/sites/default/files/20220425_-_etats_financiers_exercice_2021_-_safca_ci.pdf,bda7bd96_20220425_-_etats_financiers_exercice_2021_-_safca_ci.pdf,98042,2026-07-08T17:52:50.064582+00:00,rapports-2022
690d47b53b98262da7c7d03c598acb270b5e2cb84e7c732b94214b6254e8332b,rapport,2021,https://www.brvm.org/sites/default/files/20211124_-_rapport_dactivite_au_1er_semestre_2021_-_safca_ci.pdf,0e025474_20211124_-_rapport_dactivite_au_1er_semestre_2021_-_safca_ci.pdf,418856,2026-07-08T17:53:00.518771+00:00,rapports-2021
f2ad125f8e6eec2bb770eb4511eefbf0d686fc9985af18e2a4373dd75ee9187b,rapport,2026,https://www.brvm.org/sites/default/files/20260429_-_rapport_dactivites_-_1er_trimestre_2026_-_saph_ci.pdf,9dd3e9c6_20260429_-_rapport_dactivites_-_1er_trimestre_2026_-_saph_ci.pdf,120442,2026-07-08T18:06:51.928889+00:00,rapports-2026
4b5b335b1a153061854e16be615b3e43832a7354eb19aeca4493d83f9197c6c0,rapport,2026,https://www.brvm.org/sites/default/files/20260318_-_etats_financiers_syscohada_-_exercice_2025_-_saph_ci.pdf,6b3f7cc0_20260318_-_etats_financiers_syscohada_-_exercice_2025_-_saph_ci.pdf,684916,2026-07-08T18:07:02.634152+00:00,rapports-2026
4359188d1bb06ac285b395eccb376827261a653fa3455b11c534b9724e50b3c9,rapport,2025,https://www.brvm.org/sites/default/files/20251103_-_rapport_dactivites_-_3eme_trimestre_2025_-_saph_ci.pdf,655163df_20251103_-_rapport_dactivites_-_3eme_trimestre_2025_-_saph_ci.pdf,555350,2026-07-08T18:07:13.166851+00:00,rapports-2025
15dbcda486bfe4402810a8351ecb8893fa6143ab34c091030c24f9b9a0b58a83,rapport,2025,https://www.brvm.org/sites/default/files/20251003_-_attestation_des_commissaires_aux_comptes_et_rapport_dactivites_-_1er_semestre_2025_-_saph_ci.pdf,70852156_20251003_-_attestation_des_commissaires_aux_comptes_et_rapport_dactivites_-_1er_semestre_2025_-_saph_ci.pdf,479958,2026-07-08T18:07:23.708696+00:00,rapports-2025
352da0694d498b1fcb1a566ff5d59a4ad7edd0c72744a181a38710c3f5b3fe44,rapport,2025,https://www.brvm.org/sites/default/files/20250425_-_rapport_dactivites_-_1er_trimestre_2025_-_saph_ci.pdf,66877150_20250425_-_rapport_dactivites_-_1er_trimestre_2025_-_saph_ci.pdf,150982,2026-07-08T18:07:34.069676+00:00,rapports-2025
dcdee1d9ad70c49d35933a165f8148708e7342a190499d36d7c9db4980034992,rapport,2025,https://www.brvm.org/sites/default/files/20250319_-_etats_financiers_certifies_par_les_cacs_-_exercice_2024_-_saph_ci.pdf,0f168459_20250319_-_etats_financiers_certifies_par_les_cacs_-_exercice_2024_-_saph_ci.pdf,722882,2026-07-08T18:07:44.603570+00:00,rapports-2025
4042144133bb43db9b20fe420c28a04e4d8b953bfb42ad65461ff13d567ffb50,rapport,2024,https://www.brvm.org/sites/default/files/20241031_-_rapport_dactivites_-_3eme_trimestre_2024_-_saph_ci.pdf,893a5fc2_20241031_-_rapport_dactivites_-_3eme_trimestre_2024_-_saph_ci.pdf,232892,2026-07-08T18:07:55.048099+00:00,rapports-2024
1d25c765be3235b7b27486971cef5a920e7fc2ff870d1236e20dd41722fbfa28,rapport,2024,https://www.brvm.org/sites/default/files/20241029_-_attestation_des_cacs_et_rapport_dactivites_-_1er_semestre_2024_-_saph_ci.pdf,f05cbf35_20241029_-_attestation_des_cacs_et_rapport_dactivites_-_1er_semestre_2024_-_saph_ci.pdf,1060376,2026-07-08T18:08:05.689535+00:00,rapports-2024
b1ae9286e288516b4f18e52809d04f06c18908579cc14da6fd5537b27b118433,rapport,2024,https://www.brvm.org/sites/default/files/20240718_-_etats_financiers_certifies_et_approuves_par_les_cac_-_exercice_2023_-_syscohada_-_saph_ci.pdf,eeabee5d_20240718_-_etats_financiers_certifies_et_approuves_par_les_cac_-_exercice_2023_-_syscohada_-_saph_ci.pdf,255404,2026-07-08T18:08:16.138083+00:00,rapports-2024
82dfe4dea061e68f11b4e18201d42cef875488e2dc90f2be05e7b1f92037ed35,rapport,2024,https://www.brvm.org/sites/default/files/20240718_-_rapport_annuel_-_exercice_2023_-_saph_ci_vf.pdf,18769103_20240718_-_rapport_annuel_-_exercice_2023_-_saph_ci_vf.pdf,20645301,2026-07-08T18:08:27.753694+00:00,rapports-2024
12ac964a2adc873ed6ba2429a32dcf90f3fbf44a6d5d88d759eb0e3a6e144380,rapport,2024,https://www.brvm.org/sites/default/files/20240718_-_rapport_des_cac_sur_les_etats_financiers_annuels_-_syscohada_-_saph_ci.pdf,e8e0c2ec_20240718_-_rapport_des_cac_sur_les_etats_financiers_annuels_-_syscohada_-_saph_ci.pdf,191594,2026-07-08T18:08:38.199531+00:00,rapports-2024
cb1e62e8ef94884f4e08f499b03c38c036e98623e47254c0b1c0e4c2b70ca89b,rapport,2024,https://www.brvm.org/sites/default/files/20240718_-_rapport_des_cac_sur_lexistence_et_la_tenue_conforme_du_registre_des_titres_nominatifs_-_saph_ci.pdf,1ba77f07_20240718_-_rapport_des_cac_sur_lexistence_et_la_tenue_conforme_du_registre_des_titres_nominatifs_-_saph_ci.pdf,71985,2026-07-08T18:08:48.475635+00:00,rapports-2024
84793fd951e92c764a5ce6a906e47f6b4c617493fa7cfacbfe5366e90c33ea5b,rapport,2024,https://www.brvm.org/sites/default/files/20240718_-_rapport_special_des_cac_sur_les_conventions_reglementees_-_exercice_2023_-_saph_ci.pdf,c7752632_20240718_-_rapport_special_des_cac_sur_les_conventions_reglementees_-_exercice_2023_-_saph_ci.pdf,709068,2026-07-08T18:08:59.013051+00:00,rapports-2024
75932ac96191a5a37acb6a935d8d39afe3977abf27b5558b4d9da5193803209f,rapport,2024,https://www.brvm.org/sites/default/files/20240718_-_rapport_des_cac_sur_les_remunerations_exceptionnelles_-_exercice_2023_-_saph_ci_1.pdf,fb519ddc_20240718_-_rapport_des_cac_sur_les_remunerations_exceptionnelles_-_exercice_2023_-_saph_ci_1.pdf,51493,2026-07-08T18:09:09.285678+00:00,rapports-2024
3ed4849ad793efd6fa5f7ddf4ea1be816b1f83ac4c2a0af4ce526957639de18a,rapport,2024,https://www.brvm.org/sites/default/files/20240502_-_rapport_dactivites_-_1er_trimestre_2024_-_saph_ci.pdf,26e9f5fd_20240502_-_rapport_dactivites_-_1er_trimestre_2024_-_saph_ci.pdf,257813,2026-07-08T18:09:19.736066+00:00,rapports-2024
a59d0746c593cf8f24e550fa3c8ac106053c20f2de53dc302cf2515b8fac8dbd,rapport,2024,https://www.brvm.org/sites/default/files/20240411_-_etats_financiers_-_exercice_2023_-_ifrs_-_saph_ci.pdf,7c29c1e7_20240411_-_etats_financiers_-_exercice_2023_-_ifrs_-_saph_ci.pdf,489561,2026-07-08T18:09:30.281897+00:00,rapports-2024
83377f564fb2bb5f31998bda3be15021bc588b0ac710fa67cc82d073a0b892b0,rapport,2024,https://www.brvm.org/sites/default/files/20240411_-_etats_financiers_-_exercice_2023_-_syscohada_-_saph_ci.pdf,a902be62_20240411_-_etats_financiers_-_exercice_2023_-_syscohada_-_saph_ci.pdf,257830,2026-07-08T18:09:40.734522+00:00,rapports-2024
de77fadae0ce81d39f5272c663992a12f87ce969e9f8a2d562cf26e3e5ad0460,rapport,2023,https://www.brvm.org/sites/default/files/20231102_-_rapport_dactivites_et_attestation_des_cac_-_1er_semestre_2023_-_saph_ci.pdf,55c6636b_20231102_-_rapport_dactivites_et_attestation_des_cac_-_1er_semestre_2023_-_saph_ci.pdf,1600100,2026-07-08T18:09:51.687394+00:00,rapports-2023
17c26d8e5b926e3acefedf15c1e4375b305be651c915dca7a4a27cf2604d762d,rapport,2023,https://www.brvm.org/sites/default/files/20231102_-_rapport_dactivites_-_3eme_trimestre_2023_-_saph_ci.pdf,73ac3583_20231102_-_rapport_dactivites_-_3eme_trimestre_2023_-_saph_ci.pdf,257894,2026-07-08T18:10:02.132618+00:00,rapports-2023
f93b017bb7e6f7d35a64073fdf07a36ca90b0cd8c64ac473247e31c3784e219d,rapport,2023,https://www.brvm.org/sites/default/files/20230802_-_etats_financiers_certifies_et_approuves_-_exercice_2022_-_saph_ci.pdf,91e68f5c_20230802_-_etats_financiers_certifies_et_approuves_-_exercice_2022_-_saph_ci.pdf,288944,2026-07-08T18:10:12.580151+00:00,rapports-2023
b462e7b0ec2ad1693feaca6b1f887a897854f523a51ae960226f011cd53ed8f0,rapport,2026,https://www.brvm.org/sites/default/files/20260427_-_etats_financiers_ifrs_-_exercice_2025_-_servair_abidjan_ci.pdf,a0cf8ecb_20260427_-_etats_financiers_ifrs_-_exercice_2025_-_servair_abidjan_ci.pdf,136490,2026-07-08T18:10:45.250132+00:00,rapports-2026
e23e292ddf038441d0cfb6ac648c169202e9545bb40a0ed21d95c559ae79db71,rapport,2026,https://www.brvm.org/sites/default/files/20260427_-_etats_financiers_syscohada_-_exercice_2025_-_servair_abidjan_ci.pdf,9709d35f_20260427_-_etats_financiers_syscohada_-_exercice_2025_-_servair_abidjan_ci.pdf,948241,2026-07-08T18:10:55.872658+00:00,rapports-2026
884befac3e6b3b89a7124336d958931296efdbf45195b289c6faa8431eb717ed,rapport,2026,https://www.brvm.org/sites/default/files/20260427_-_rapport_dactivites_-_1er_trimestre_2026_-_servair_abidjan_ci.pdf,f1797a57_20260427_-_rapport_dactivites_-_1er_trimestre_2026_-_servair_abidjan_ci.pdf,743857,2026-07-08T18:11:06.408473+00:00,rapports-2026
a866ec215043eedcf5ca342b1c9cfd21cef5b8f3d43d6fd20ab63bc0a18fa414,rapport,2025,https://www.brvm.org/sites/default/files/20251013_-_rapport_dactivites_-_3eme_trimestre_2025_-_servair_abidjan_ci.pdf,26c03344_20251013_-_rapport_dactivites_-_3eme_trimestre_2025_-_servair_abidjan_ci.pdf,318591,2026-07-08T18:11:16.853748+00:00,rapports-2025
d510b3f34a4906563395fd9b59135c43b01cb5c7b521865085a4a8bcf78b1bd9,rapport,2025,https://www.brvm.org/sites/default/files/20251013_-_attestation_des_commissaires_aux_comptes_sur_le_rapport_dactivites_-_1er_semestre_2025_-_servair_abidjan_ci.pdf,d1e12f97_20251013_-_attestation_des_commissaires_aux_comptes_sur_le_rapport_dactivites_-_1er_semestre_2025_-_servair_abidjan_ci.pdf,378198,2026-07-08T18:11:27.314254+00:00,rapports-2025
e38ed3057859d65ada8fdef810e3799d418a69c3d9370106bd507683a44029d0,rapport,2025,https://www.brvm.org/sites/default/files/20251013_-_rapport_dactivites_-_1er_semestre_2025_-_servair_abidjan_ci.pdf,8118f93d_20251013_-_rapport_dactivites_-_1er_semestre_2025_-_servair_abidjan_ci.pdf,730187,2026-07-08T18:11:37.854138+00:00,rapports-2025
90f3becd82db6def81d3cc3151fc99bb0f5ed9173dd933b936f2cecc6d56864c,rapport,2025,https://www.brvm.org/sites/default/files/20250430_-_etats_financiers_-_norme_ifrs_-_exercice_2024_-_servair_abidjan_ci.pdf,30ba26c2_20250430_-_etats_financiers_-_norme_ifrs_-_exercice_2024_-_servair_abidjan_ci.pdf,930815,2026-07-08T18:11:48.479913+00:00,rapports-2025
6ad3a0ea3ed17d540b68efb560fa839eae62d5fe93dcca9ac72070888f3d2cfc,rapport,2025,https://www.brvm.org/sites/default/files/20250430_-_etats_financiers_-_norme_syscohada_-_exercice_2024_-_servair_abidjan_ci.pdf,87386494_20250430_-_etats_financiers_-_norme_syscohada_-_exercice_2024_-_servair_abidjan_ci.pdf,540350,2026-07-08T18:11:59.012011+00:00,rapports-2025
f1c811b14886925d526893d26b48d3fa59fec94e8a2424db3340e3832985ccab,rapport,2025,https://www.brvm.org/sites/default/files/20250430_-_rapport_dactivites_-_1er_trimestre_2025_-_servair_abidjan_ci.pdf,908ffc62_20250430_-_rapport_dactivites_-_1er_trimestre_2025_-_servair_abidjan_ci.pdf,154786,2026-07-08T18:12:09.369809+00:00,rapports-2025
48368a951881cc676bb746e990c36114ee9527958404850c217577e171895c02,rapport,2024,https://www.brvm.org/sites/default/files/20241104_-_attestation_des_cacs_sur_le_rapport_dactivites_-_1er_semestre_2024_-_servair_abidjan_ci.pdf,6acfee4f_20241104_-_attestation_des_cacs_sur_le_rapport_dactivites_-_1er_semestre_2024_-_servair_abidjan_ci.pdf,314110,2026-07-08T18:12:19.828512+00:00,rapports-2024
ef00d3bccec9df9ca73342c3b75292b6ab48f984b7ac9f8d98b21ae8df9640cd,rapport,2024,https://www.brvm.org/sites/default/files/20241031_-_rapport_dactivites_-_3eme_trimestre_2024_-_servair_abidjan_ci.pdf,d2d75c5f_20241031_-_rapport_dactivites_-_3eme_trimestre_2024_-_servair_abidjan_ci.pdf,300134,2026-07-08T18:12:30.291796+00:00,rapports-2024
d2f20ef78b0bf4e971046772399c2ca46b672ae3027963be3de29d5bf39908e4,rapport,2024,https://www.brvm.org/sites/default/files/20241031_-_rapport_dactivites_atteste_par_les_cacs_-_1er_semestre_2024_-_servair_abidjan_ci.pdf,d5d54362_20241031_-_rapport_dactivites_atteste_par_les_cacs_-_1er_semestre_2024_-_servair_abidjan_ci.pdf,371608,2026-07-08T18:12:40.740777+00:00,rapports-2024
092b94a9670bdce08864f97a54ad37595e55a74cde2f94d92ac11684b35e4f08,rapport,2024,https://www.brvm.org/sites/default/files/20240819_-_etats_financiers_approuves_-_exercice_2023_-_servair_abidjan_ci.pdf,c8a8277a_20240819_-_etats_financiers_approuves_-_exercice_2023_-_servair_abidjan_ci.pdf,775238,2026-07-08T18:12:51.275072+00:00,rapports-2024
ef6464a4a3f23b469bfa4ad95432b73dbb3d8434f07c6624a7aef802bad95b78,rapport,2024,https://www.brvm.org/sites/default/files/20240425_-_etats_financiers_provisoires_-_exercice_2023_-_servair_abidjan_ci.pdf,1def3574_20240425_-_etats_financiers_provisoires_-_exercice_2023_-_servair_abidjan_ci.pdf,526421,2026-07-08T18:13:01.807392+00:00,rapports-2024
39ebdf489f907a92cdcd35d99e1a03d85aa629d20c9c49c76dc89b47e33d334e,rapport,2024,https://www.brvm.org/sites/default/files/20240425_-_rapport_dactivites_-_1er_trimestre_2024_-_servair_abidjan_ci.pdf,a53ee786_20240425_-_rapport_dactivites_-_1er_trimestre_2024_-_servair_abidjan_ci.pdf,68576,2026-07-08T18:13:12.091938+00:00,rapports-2024
6f2ad463868493b0866bea1941f3e2b3a94f267bba1568e3396e50fce39dddd7,rapport,2024,https://www.brvm.org/sites/default/files/20240103_-_rapport_dactivites_et_attestation_des_cac_-_1er_semestre_2022_-_servair_abidjan_ci.pdf,d96e5446_20240103_-_rapport_dactivites_et_attestation_des_cac_-_1er_semestre_2022_-_servair_abidjan_ci.pdf,433211,2026-07-08T18:13:22.541329+00:00,rapports-2024
4f73d7dcc1026397352b5b4e1f10072df7a76175c77d93e2c166d162be3d79ca,rapport,2024,https://www.brvm.org/sites/default/files/20240103_-_rapport_dactivites_-_3eme_trimestre_2023_-_servair_abidjan_ci.pdf,8402c7f7_20240103_-_rapport_dactivites_-_3eme_trimestre_2023_-_servair_abidjan_ci.pdf,83273,2026-07-08T18:13:32.918475+00:00,rapports-2024
765ba27ecfecba755f53a15c888e6ec27189c6360e08d5f842c420d5002a425a,rapport,2023,https://www.brvm.org/sites/default/files/20231102_-_rapport_dactivites_et_attestation_des_cac_-_1er_semestre_2023_-_servair_abidjan_ci.pdf,efb6c597_20231102_-_rapport_dactivites_et_attestation_des_cac_-_1er_semestre_2023_-_servair_abidjan_ci.pdf,674945,2026-07-08T18:13:43.474425+00:00,rapports-2023
d21bce45f15fe0db1d444638fd04697f8e17487b2b345234ffd03dadb05ab94a,rapport,2023,https://www.brvm.org/sites/default/files/20231102_-_rapport_dactivites_-_1er_semestre_2023_-_servair_abidjan_ci.pdf,e9e98f0d_20231102_-_rapport_dactivites_-_1er_semestre_2023_-_servair_abidjan_ci.pdf,351648,2026-07-08T18:13:53.942263+00:00,rapports-2023
baeb81c51c9242b3b13368d513824a6467ce102a2688aa79cdad90725d16cae4,rapport,2023,https://www.brvm.org/sites/default/files/20230721_-_rapport_dactivites_-_1er_semestre_2023_-_servair_abidjan_ci_annule_et_remplace_le_precedent.pdf,e98bf52a_20230721_-_rapport_dactivites_-_1er_semestre_2023_-_servair_abidjan_ci_annule_et_remplace_le_precedent.pdf,82265,2026-07-08T18:14:04.214115+00:00,rapports-2023
b96b1af2c075330ba461382a8e4dd07a78813a2c73708d91a40a66b9f398c2eb,rapport,2026,https://www.brvm.org/sites/default/files/20260413_-_etats_financiers_-_exercice_2025_-_setao_ci.pdf,03408bba_20260413_-_etats_financiers_-_exercice_2025_-_setao_ci.pdf,660057,2026-07-08T18:14:25.939084+00:00,rapports-2026
5d3ef6f64b23a90110497b4f6e1e308c2234af637234a2fd4ab65625661b4c95,rapport,2025,https://www.brvm.org/sites/default/files/20251031_-_rapport_dactivites_-_3eme_trimestre_2025_-_setao_ci.pdf,cbbf65ec_20251031_-_rapport_dactivites_-_3eme_trimestre_2025_-_setao_ci.pdf,268842,2026-07-08T18:14:36.391303+00:00,rapports-2025
6769d8f2e62163a46e6433c58d73a1600d0cda61dd218272ed5831625fad0e3d,rapport,2025,https://www.brvm.org/sites/default/files/20251031_-_rapport_dactivites_-_1er_semestre_2025_-_setao_ci.pdf,a3bed0b7_20251031_-_rapport_dactivites_-_1er_semestre_2025_-_setao_ci.pdf,268707,2026-07-08T18:14:46.836464+00:00,rapports-2025
e4497e6d1d251bb20fb8d41d2d04a464b46f6d6b65628c2d6423bf8f227163cc,rapport,2025,https://www.brvm.org/sites/default/files/20250410_-_etats_financiers_provisoires_-_exercice_2024_-_setao_ci.pdf,6034a58e_20250410_-_etats_financiers_provisoires_-_exercice_2024_-_setao_ci.pdf,203663,2026-07-08T18:14:57.199161+00:00,rapports-2025
c1b2b44dc4b953087f3594670cd1779a57eef14355151d0f64532cea68c23a19,rapport,2024,https://www.brvm.org/sites/default/files/20241028_-_attestation_des_cacs_sur_le_rapport_dactivites_-_1er_semestre_2024_-_setao_ci.pdf,46a39b57_20241028_-_attestation_des_cacs_sur_le_rapport_dactivites_-_1er_semestre_2024_-_setao_ci.pdf,94148,2026-07-08T18:15:07.484514+00:00,rapports-2024
d990f6f5f32e7717dac719c46f29b66c5002b861e1d5eb73d7486d53846092a9,rapport,2024,https://www.brvm.org/sites/default/files/20241028_-_rapport_dactivites_-_1er_semestre_2024_-_setao_ci.pdf,53bf154b_20241028_-_rapport_dactivites_-_1er_semestre_2024_-_setao_ci.pdf,175429,2026-07-08T18:15:17.863156+00:00,rapports-2024
69da5b7ef8acf9e3f210f16a5adad2b5ab0f7e4a1b2a63378a9a59d979f7fab2,rapport,2024,https://www.brvm.org/sites/default/files/20241028_-_rapport_dactivites_-_3eme_trimestre_2024_-_setao_ci.pdf,e95bb903_20241028_-_rapport_dactivites_-_3eme_trimestre_2024_-_setao_ci.pdf,175593,2026-07-08T18:15:28.237858+00:00,rapports-2024
66a34848abc4a5453637f5ccf8eb13d9bd8a1b1a56f66f1bb07605e51aa09c9d,rapport,2024,https://www.brvm.org/sites/default/files/20240412_-_resultats_financiers_provisoires_-_exercice_2023_-_setao_ci.pdf,d4af7c32_20240412_-_resultats_financiers_provisoires_-_exercice_2023_-_setao_ci.pdf,145005,2026-07-08T18:15:38.596623+00:00,rapports-2024
fef3ff6cd98bb6fb8ba9cc35ea9ab39d7d1b3b6097d5c85207c522f18df937d0,rapport,2023,https://www.brvm.org/sites/default/files/20231026_-_rapport_dactivites_-_3eme_trimestre_2023_-_setao_ci.pdf,080263c0_20231026_-_rapport_dactivites_-_3eme_trimestre_2023_-_setao_ci.pdf,95992,2026-07-08T18:15:48.921638+00:00,rapports-2023
d9a4ae375a46ae85f2d35771cbb97a03cd4075dd5c73ba35bc2f170f47cb7f73,rapport,2023,https://www.brvm.org/sites/default/files/20231026_-_attestation_des_cac_sur_le_rapport_dactivites_du_1er_semestre_2023_-_setao_ci.pdf,786beff7_20231026_-_attestation_des_cac_sur_le_rapport_dactivites_du_1er_semestre_2023_-_setao_ci.pdf,536739,2026-07-08T18:15:59.470616+00:00,rapports-2023
2db12972be835d0ce7d3a8dc8819fb22ce750ec4b263cc177e0e64fe022dd572,rapport,2023,https://www.brvm.org/sites/default/files/20231026_-_rapport_dactivites_-_1er_semestre_2023_-_setao_ci.pdf,32b70485_20231026_-_rapport_dactivites_-_1er_semestre_2023_-_setao_ci.pdf,96657,2026-07-08T18:16:09.770640+00:00,rapports-2023
3005ac1ca8bd50378ed29e3bd9d2eef2d9e963d0e193573b95ef8dc60faebd8c,rapport,2023,https://www.brvm.org/sites/default/files/20230426_-_etats_financiers_exercice_2022_-_setao_ci.pdf,64bd563a_20230426_-_etats_financiers_exercice_2022_-_setao_ci.pdf,142853,2026-07-08T18:16:20.129533+00:00,rapports-2023
20a26a86b0e910ab76926696b2f2db7d8cfaafabdec28027cdab79f988fb410b,rapport,2022,https://www.brvm.org/sites/default/files/20221024_-_rapport_dactivite_-_1er_semestre_2022_-_setao_ci.pdf,0b14dcad_20221024_-_rapport_dactivite_-_1er_semestre_2022_-_setao_ci.pdf,108623,2026-07-08T18:16:30.488103+00:00,rapports-2022
230b3ab532f61f97939e9f53da4e34739053f3516f01e78c62b5067fbca8c485,rapport,2022,https://www.brvm.org/sites/default/files/20221024_-_rapport_dactivite_-_3eme_trimestre_2022_-_setao_ci_0.pdf,346822a3_20221024_-_rapport_dactivite_-_3eme_trimestre_2022_-_setao_ci_0.pdf,107939,2026-07-08T18:16:40.846333+00:00,rapports-2022
5bc2f5524e4f780a6e55c02eb718ea0a8fac35b86f008d79f06fec23d13a8533,rapport,2022,https://www.brvm.org/sites/default/files/20221024_-_attestation_des_commissaires_aux_comptes_-_1er_semestre_2022_-_setao_ci.pdf,cf089c04_20221024_-_attestation_des_commissaires_aux_comptes_-_1er_semestre_2022_-_setao_ci.pdf,624069,2026-07-08T18:16:51.399177+00:00,rapports-2022
52819544288e6b4798eca3c09f65476abfad596ceefd567709bb7ac6fc3ef3ac,rapport,2022,https://www.brvm.org/sites/default/files/20220426_-_etats_financiers_exercice_2021_-_setao_ci.pdf,9aadf513_20220426_-_etats_financiers_exercice_2021_-_setao_ci.pdf,142857,2026-07-08T18:17:01.756976+00:00,rapports-2022
06e68f989ef7014f9e5576f8770540cc9e3f7061792a03c806e8189373a38aad,rapport,2021,https://www.brvm.org/sites/default/files/20211109_-_rapport_dactivite_du_1er_semestre_2021_-_setao_ci.pdf,6753faa7_20211109_-_rapport_dactivite_du_1er_semestre_2021_-_setao_ci.pdf,119554,2026-07-08T18:17:12.130198+00:00,rapports-2021
3547614b39d1143cca607bbd2cf38115654c7de14d61052ac463585a57193ada,rapport,2021,https://www.brvm.org/sites/default/files/20211109_-_attestation_des_commissaires_aux_comptes_-_1er_semestre_2021_-_setao_ci.pdf,0bf1daf6_20211109_-_attestation_des_commissaires_aux_comptes_-_1er_semestre_2021_-_setao_ci.pdf,785671,2026-07-08T18:17:22.674829+00:00,rapports-2021
cae40e8a89631ffd46917b1c80dcae03da34a2dfef6ddb93c08fcc0386cf6dec,rapport,2021,https://www.brvm.org/sites/default/files/20211109_-_rapport_dactivite_au_3eme_trimestre_2021_-_setao_ci.pdf,384ecb1e_20211109_-_rapport_dactivite_au_3eme_trimestre_2021_-_setao_ci.pdf,94840,2026-07-08T18:17:33.045909+00:00,rapports-2021
fb0f2835c40193aac7a206754aed04927dea8d6f7981e1834dd9a56464071ee7,rapport,2021,https://www.brvm.org/sites/default/files/20210429_-_etats_financiers_-_exercice_2020_-_setao_ci.pdf,b99eea60_20210429_-_etats_financiers_-_exercice_2020_-_setao_ci.pdf,142823,2026-07-08T18:17:43.404622+00:00,rapports-2021
42a11bade862e2c93d834c092be03133d469bef4db45ca4aa970f630f61edc3c,rapport,2026,https://www.brvm.org/sites/default/files/20260430_-_rapport_dactivites_-_1er_trimestre_2026_-_societe_generale_ci.pdf,1ebde435_20260430_-_rapport_dactivites_-_1er_trimestre_2026_-_societe_generale_ci.pdf,206359,2026-07-08T18:18:16.291425+00:00,rapports-2026
b0ae476e489b6abec03724c43efb3b08287bddc12137ccf79aa01fea789b2fa1,rapport,2026,https://www.brvm.org/sites/default/files/20260421_-_rapport_dactivites_annuel_et_etats_financiers_-_exercice_2025_-_societe_generale_ci_annule_et_remplace_le_precedent.pdf,ba085f64_20260421_-_rapport_dactivites_annuel_et_etats_financiers_-_exercice_2025_-_societe_generale_ci_annule_et_remplace_le_precedent.pdf,867616,2026-07-08T18:18:26.910245+00:00,rapports-2026
edcd61319f7c835d6eec8efd8f2e71c98b844c3af53ab0ad8915d250918700e7,rapport,2026,https://www.brvm.org/sites/default/files/20260416_-_rapport_dactivites_annuel_et_etats_financiers_-_exercice_2025_-_societe_generale_ci.pdf,167c6964_20260416_-_rapport_dactivites_annuel_et_etats_financiers_-_exercice_2025_-_societe_generale_ci.pdf,3092756,2026-07-08T18:18:37.710608+00:00,rapports-2026
d4040c2f661760695cb62b245cc8b53dfcd5e11c38070ff2b3d2a9486b41f24d,rapport,2025,https://www.brvm.org/sites/default/files/20251029_-_rapport_dactivites_-_3eme_trimestre_2025_-_societe_generale_ci.pdf,c72a2da3_20251029_-_rapport_dactivites_-_3eme_trimestre_2025_-_societe_generale_ci.pdf,136049,2026-07-08T18:18:48.068723+00:00,rapports-2025
ed80e3ac597109ee682b861a78e94c26cc9b624ba6e2248ea2bb431b3e9f10b4,rapport,2025,https://www.brvm.org/sites/default/files/20250828_-_rapport_dactivites_-_1er_semestre_2025_-_societe_generale_ci.pdf,7dc98dfa_20250828_-_rapport_dactivites_-_1er_semestre_2025_-_societe_generale_ci.pdf,1436938,2026-07-08T18:18:58.692449+00:00,rapports-2025
f81632e7cdcca8c49978e264e3b63ce2ae3fca061c445aee824dfc3ddd23d04e,rapport,2025,https://www.brvm.org/sites/default/files/20250423_-_rapport_dactivites_-_1er_trimestre_2025_-_societe_generale_ci.pdf,9e9f5235_20250423_-_rapport_dactivites_-_1er_trimestre_2025_-_societe_generale_ci.pdf,57127,2026-07-08T18:19:08.964710+00:00,rapports-2025
9ab540d15ea407cb4ef9c4c5c8078590f71df97141b4af86e82fd64bee923735,rapport,2025,https://www.brvm.org/sites/default/files/20250207_-_rapport_dactivites_annuel_-_exercice_2024_-_societe_generale_ci.pdf,a1a0f024_20250207_-_rapport_dactivites_annuel_-_exercice_2024_-_societe_generale_ci.pdf,1578757,2026-07-08T18:19:19.589394+00:00,rapports-2025
84a9a097befbf1ae824ada65fdc9bf67527e3ed41765840c59139e580c157272,rapport,2024,https://www.brvm.org/sites/default/files/20241030_-_rapport_dactivites_-_3eme_trimestre_2024_-_societe_generale_ci.pdf,dd6030ad_20241030_-_rapport_dactivites_-_3eme_trimestre_2024_-_societe_generale_ci.pdf,992911,2026-07-08T18:19:30.208492+00:00,rapports-2024
36fb362d70a454947a1ccb5c73b5c16d02bbb3aecdbf5fdba91056d6df19b461,rapport,2024,https://www.brvm.org/sites/default/files/20240905_-_rapport_dactivites_du_premier_semestre_2024_-_societe_generale_ci.pdf,4efe6faf_20240905_-_rapport_dactivites_du_premier_semestre_2024_-_societe_generale_ci.pdf,601346,2026-07-08T18:19:40.745626+00:00,rapports-2024
c7a1902e0132daab3a83025e08cb35a76a425ff7b4ae6c7ba66bbbe3c0e93204,rapport,2024,https://www.brvm.org/sites/default/files/20240430_-_rapport_dactivites_-_1er_trimestre_2024_-_societe_generale_ci.pdf,65be9431_20240430_-_rapport_dactivites_-_1er_trimestre_2024_-_societe_generale_ci.pdf,79227,2026-07-08T18:19:51.020903+00:00,rapports-2024
1846d3a886c6a2f1aeeb14282880dcb55e954527bb8aa36fb16b121e6a743e67,rapport,2024,https://www.brvm.org/sites/default/files/20240209_-_rapport_dactivites_annuel_-_exercice_2023_-_societe_generale_ci.pdf,b437ab3e_20240209_-_rapport_dactivites_annuel_-_exercice_2023_-_societe_generale_ci.pdf,1311944,2026-07-08T18:20:01.641692+00:00,rapports-2024
86c47c344511cf664786dd335f1dc8b0fa806de7a13c5d7e5709701da5c6702e,rapport,2023,https://www.brvm.org/sites/default/files/20231031_-_rapport_dactivites_-_3eme_trimestre_2023_-_societe_generale_ci.pdf,0559e4ed_20231031_-_rapport_dactivites_-_3eme_trimestre_2023_-_societe_generale_ci.pdf,92465,2026-07-08T18:20:11.913701+00:00,rapports-2023
4e8102fd6cce633078f4c78cdb215b616ed6bdfaa538cedbe7dd54de3e673a28,rapport,2023,https://www.brvm.org/sites/default/files/20230906_-_rapport_dactivites_-_1er_semestre_2023_-_societe_generale_ci.pdf,c70b91eb_20230906_-_rapport_dactivites_-_1er_semestre_2023_-_societe_generale_ci.pdf,801615,2026-07-08T18:20:22.447288+00:00,rapports-2023
9ef41b3e8345a49cc0a5ad833a970dfacb9ffe90a744d12b3e22ad938bc94694,rapport,2023,https://www.brvm.org/sites/default/files/20230428_-_rapport_dactivite_annuel_2022_-_sgci.pdf,0289c62a_20230428_-_rapport_dactivite_annuel_2022_-_sgci.pdf,1354169,2026-07-08T18:20:33.070393+00:00,rapports-2023
883907f5966b8b993103d9f8f9947ac9380adc39ece019a2bb2821b1036bddc7,rapport,2023,https://www.brvm.org/sites/default/files/20230428_-_rapport_dactivite_-_1er_trimestre_2023_-_sgci.pdf,f7d96e07_20230428_-_rapport_dactivite_-_1er_trimestre_2023_-_sgci.pdf,80228,2026-07-08T18:20:43.362330+00:00,rapports-2023
96bd6d9293d20016f58d1164308f40d65c4e63bfe0f741c60b2a6197c4a1f09d,rapport,2022,https://www.brvm.org/sites/default/files/rapport_dactivite_sgci_2022.pdf,000c2902_rapport_dactivite_sgci_2022.pdf,1713881,2026-07-08T18:20:54.068475+00:00,rapports-2022
9d297befd66b5713286a202094e2382bce6d7158d593b40353729eff648a917a,rapport,2022,https://www.brvm.org/sites/default/files/20221031_-_rapport_dactivite_-_3eme_trimestre_2022_-_sgci.pdf,f7670449_20221031_-_rapport_dactivite_-_3eme_trimestre_2022_-_sgci.pdf,560778,2026-07-08T18:21:04.623890+00:00,rapports-2022
1cea0819f70538ef0218a4968b69e5784bb7789286f205d1846478ba630ee4ca,rapport,2022,https://www.brvm.org/sites/default/files/20220826_-_rapport_dactivite_-_1er_semestre_2022_-_societe_generale_ci.pdf,05e7ff5a_20220826_-_rapport_dactivite_-_1er_semestre_2022_-_societe_generale_ci.pdf,3453023,2026-07-08T18:21:15.447931+00:00,rapports-2022
6f65d8632b22d283ff85ab7e069e34f3e9f6180ca649562d9d4e2d832b359ef2,rapport,2022,https://www.brvm.org/sites/default/files/20220630_-_etats_financiers_certifies_exercice_2021_-_societe_generale_ci_0.pdf,ad863f18_20220630_-_etats_financiers_certifies_exercice_2021_-_societe_generale_ci_0.pdf,285210,2026-07-08T18:21:25.922047+00:00,rapports-2022
6c4c977409c5bd7d930a4560ac7c2fbe14054139c05b8ce4e0d5b0fb43ea2f8e,rapport,2022,https://www.brvm.org/sites/default/files/20220429_-_rapport_dactivite_-_1er_trimestre_2022_-_sgci_ci.pdf,381fd4e5_20220429_-_rapport_dactivite_-_1er_trimestre_2022_-_sgci_ci.pdf,224105,2026-07-08T18:21:36.387688+00:00,rapports-2022
6e4b87def237dc37900edf6dd4a98e8ba7bbe55aa8f73cd6abf09af69900f4d5,rapport,2026,https://www.brvm.org/sites/default/files/20260506_-_rapport_dactivites_-_1er_trimestre_2026_-_sib_ci.pdf,b6fd6983_20260506_-_rapport_dactivites_-_1er_trimestre_2026_-_sib_ci.pdf,4249524,2026-07-08T18:21:58.335916+00:00,rapports-2026
877fa7697106112ec65f6740bdf413604ea8cec67666344b54371e14aabc762e,rapport,2026,https://www.brvm.org/sites/default/files/20260421_-_rapport_dactivites_annuel_et_etats_financiers_-_exercice_2025_-_sib_ci.pdf,c495b19a_20260421_-_rapport_dactivites_annuel_et_etats_financiers_-_exercice_2025_-_sib_ci.pdf,2581903,2026-07-08T18:22:09.131113+00:00,rapports-2026
dc7ebeebf7641dd77dad4a25a1f72e93e1439129ba94b0d882985b23e50e0de9,rapport,2025,https://www.brvm.org/sites/default/files/20251030_-_rapport_dactivites_-_3eme_trimestre_2025_-_sib_ci.pdf,a87cb2d4_20251030_-_rapport_dactivites_-_3eme_trimestre_2025_-_sib_ci.pdf,546449,2026-07-08T18:22:19.664775+00:00,rapports-2025
3dd100454a2d4c5cc3ed8103c83a1adabf4f88be83e668b67ce20891b1b909b4,rapport,2025,https://www.brvm.org/sites/default/files/20250909_-_rapport_dactivites_-_1er_semestre_2025_-_sib_ci.pdf,41f03d0e_20250909_-_rapport_dactivites_-_1er_semestre_2025_-_sib_ci.pdf,2937961,2026-07-08T18:22:30.461539+00:00,rapports-2025
287109ead16df64fc2d1a320241b72cdbf213bee33e33c67301d7089f768dcd9,rapport,2025,https://www.brvm.org/sites/default/files/20250428_-_rapport_dactivites_-_1er_trimestre_2025_-_sib_ci.pdf,ba2cdc2f_20250428_-_rapport_dactivites_-_1er_trimestre_2025_-_sib_ci.pdf,575655,2026-07-08T18:22:40.994030+00:00,rapports-2025
de3a4ed3f6466a76badaad870a2e0268f49952ede4ed86fa2bc957affa30d934,rapport,2025,https://www.brvm.org/sites/default/files/20250305_-_rapport_dactivites_annuel_-_exercice_2024_-_sib_ci.pdf,e7400d52_20250305_-_rapport_dactivites_annuel_-_exercice_2024_-_sib_ci.pdf,2019205,2026-07-08T18:22:51.703158+00:00,rapports-2025
dc358aa549d3ce976b0f213421ccb539d3a6547e63a1170bd0e3ec59c262d1ff,rapport,2024,https://www.brvm.org/sites/default/files/20241031_-_rapport_dactivites_-_3eme_trimestre_2024_-_sib_ci.pdf,17aa2700_20241031_-_rapport_dactivites_-_3eme_trimestre_2024_-_sib_ci.pdf,651992,2026-07-08T18:23:02.321702+00:00,rapports-2024
d8eb3e3ed7d340be542ea11fc05cf1eb1cc9a6bcb142e104a14021b90491a4a1,rapport,2024,https://www.brvm.org/sites/default/files/20240930_-_attestation_des_cacs_sur_le_rapport_dactivites_-_1er_semestre_2024_-_sib_ci.pdf,b950cdbb_20240930_-_attestation_des_cacs_sur_le_rapport_dactivites_-_1er_semestre_2024_-_sib_ci.pdf,2714940,2026-07-08T18:23:13.116661+00:00,rapports-2024
8079aa49f82d8c228b01fddbd80e291d84198b03eb6b978cbdc0a1b3a3f99a31,rapport,2024,https://www.brvm.org/sites/default/files/20240930_-_rapport_dactivites_-_1er_semestre_2024_-_sib_ci.pdf,aca10f7a_20240930_-_rapport_dactivites_-_1er_semestre_2024_-_sib_ci.pdf,1377758,2026-07-08T18:23:23.822353+00:00,rapports-2024
d580dfc5c8a663400fb90f508130127de61bc6931f289aff25c7cc223fea1a7d,rapport,2024,https://www.brvm.org/sites/default/files/20240605_-_rapport_dactivites_-_1er_trimestre_2024_-_sib_ci.pdf,c04654cc_20240605_-_rapport_dactivites_-_1er_trimestre_2024_-_sib_ci.pdf,116675,2026-07-08T18:23:34.183982+00:00,rapports-2024
db49907b3a61cd78a316056ea2a82d32b9f2d6996dbfbf49c51880119c527062,rapport,2024,https://www.brvm.org/sites/default/files/20240411_-_rapport_dactivites_annuel_-_exercice_2023_-_sib_ci.pdf,e9cbf924_20240411_-_rapport_dactivites_annuel_-_exercice_2023_-_sib_ci.pdf,179422,2026-07-08T18:23:44.544826+00:00,rapports-2024
0a67d7d7d4fbf3dba213a537c195c3993e6ac7a05737589f7246ff216e2e44fc,rapport,2023,https://www.brvm.org/sites/default/files/20231107_-_rapport_dactivites_-_3eme_trimestre_2023_-_sib_ci.pdf,37114d6e_20231107_-_rapport_dactivites_-_3eme_trimestre_2023_-_sib_ci.pdf,1510335,2026-07-08T18:23:55.234224+00:00,rapports-2023
ac02724acf157172651d6e537e520c208d21d4a52ed2a05a0c7bcf58c00a01b3,rapport,2023,https://www.brvm.org/sites/default/files/20230921_-_attestation_des_cac_sur_le_rapport_dactivites_du_1er_semestre_2023_-_sib_ci.pdf,8fe1def4_20230921_-_attestation_des_cac_sur_le_rapport_dactivites_du_1er_semestre_2023_-_sib_ci.pdf,180577,2026-07-08T18:24:05.592349+00:00,rapports-2023
8a771e5327efd3f5c845c1fcc47db697f15b0f2febe4f909c4dce8f1ba16a0ec,rapport,2023,https://www.brvm.org/sites/default/files/20230921_-_rapport_dactivites_du_1er_semestre_2023_-_sib_ci.pdf,42c49942_20230921_-_rapport_dactivites_du_1er_semestre_2023_-_sib_ci.pdf,2473372,2026-07-08T18:24:16.305223+00:00,rapports-2023
2a460dfb181aa10d7d0a449564066b1b319c9660ccfa8c3e3da4aad75412d47d,rapport,2023,https://www.brvm.org/sites/default/files/20230607_-_rapport_dactivite_-_1er_trimestre_2023_-_sib_ci.pdf,c65a4bfc_20230607_-_rapport_dactivite_-_1er_trimestre_2023_-_sib_ci.pdf,1117890,2026-07-08T18:24:26.928598+00:00,rapports-2023
c630891bb2d43e9e5e61c41e70179d59e124511f5f17552aea6bddb7c79a6680,rapport,2022,https://www.brvm.org/sites/default/files/rapport_dactivite_sib_2022.pdf,0158d916_rapport_dactivite_sib_2022.pdf,4062869,2026-07-08T18:24:37.919200+00:00,rapports-2022
3ca3df7d4a1ddbc0e6013904697566161ea51a2d9a8a31d856e3d80a84376839,rapport,2022,https://www.brvm.org/sites/default/files/20221214_-_rapport_dactivite_-_3eme_trimestre_2022_-_sib_ci_0.pdf,62a394f7_20221214_-_rapport_dactivite_-_3eme_trimestre_2022_-_sib_ci_0.pdf,551309,2026-07-08T18:24:48.452612+00:00,rapports-2022
b96ab01184f501d6f726250132108e742d8b5ede7ca862ce088b5aa29d7c88ec,rapport,2022,https://www.brvm.org/sites/default/files/20221018_-_rapport_dactivite_-_1er_semestre_2022_-_sib_ci.pdf,0267c8ef_20221018_-_rapport_dactivite_-_1er_semestre_2022_-_sib_ci.pdf,6481666,2026-07-08T18:24:59.429568+00:00,rapports-2022
b96ab01184f501d6f726250132108e742d8b5ede7ca862ce088b5aa29d7c88ec,rapport,2022,https://www.brvm.org/sites/default/files/20220914_-_rapport_dactivite_-_1er_semestre_2022_-_sib_ci.pdf,4edf4882_20220914_-_rapport_dactivite_-_1er_semestre_2022_-_sib_ci.pdf,6481666,2026-07-08T18:25:10.410170+00:00,rapports-2022
471544b82dcf83fb0343698274b1545e3ffa4ab9f4950dfa501ab1acdbd39831,rapport,2022,https://www.brvm.org/sites/default/files/20220429_-_rapport_dactivite_-_1er_trimestre_2022_-_sib_ci.pdf,7e319d67_20220429_-_rapport_dactivite_-_1er_trimestre_2022_-_sib_ci.pdf,450619,2026-07-08T18:25:20.959560+00:00,rapports-2022
c075b4642cc1ab58437a122845759a934ebd8b8ecf655469f4f3edb6a8ca2ae2,rapport,2026,https://www.brvm.org/sites/default/files/20260420_-_rapport_dactivites_-_1er_trimestre_2026_-_sicable_ci.pdf,7fef1561_20260420_-_rapport_dactivites_-_1er_trimestre_2026_-_sicable_ci.pdf,308305,2026-07-08T18:25:42.619573+00:00,rapports-2026
a96ed5bf4ba28beb4358f32164ba64013cf41431c8988bf31dc9914aa348d4c3,rapport,2026,https://www.brvm.org/sites/default/files/20260311_-_etats_financiers_ifrs_-_exercice_2025_-_sicable_ci.pdf,e8b07171_20260311_-_etats_financiers_ifrs_-_exercice_2025_-_sicable_ci.pdf,105064,2026-07-08T18:25:52.985352+00:00,rapports-2026
af9f08a95b6283c229d4e9629785b3f4c28d860e55e3bac32c1557e9aef5760a,rapport,2026,https://www.brvm.org/sites/default/files/20260310_-_etats_financiers_syscohada_-_exercice_2025_-_sicable_ci.pdf,c0f12c5f_20260310_-_etats_financiers_syscohada_-_exercice_2025_-_sicable_ci.pdf,87396,2026-07-08T18:26:03.257716+00:00,rapports-2026
2d301242e95159ee8b21e4260770d517195f2e0779413ebd28441b5786cf471c,rapport,2025,https://www.brvm.org/sites/default/files/20251030_-_rapport_dactivites_-_1er_semestre_2025_-_sicable_ci.pdf,5fac096c_20251030_-_rapport_dactivites_-_1er_semestre_2025_-_sicable_ci.pdf,197336,2026-07-08T18:26:13.618817+00:00,rapports-2025
16d2a217602bd4d222154d3f13fee0cb9891feabce04212edf3f0e2060e1b1e4,rapport,2025,https://www.brvm.org/sites/default/files/20251030_-_rapport_dactivites_-_3eme_trimestre_2025_-_sicable_ci.pdf,a5e93aab_20251030_-_rapport_dactivites_-_3eme_trimestre_2025_-_sicable_ci.pdf,195459,2026-07-08T18:26:24.007349+00:00,rapports-2025
18f5d62457f126f94a4b94eb04a82d4b97b0f60172d8c12b555d01b44933d347,rapport,2025,https://www.brvm.org/sites/default/files/20250903_-_etats_financiers_-_exercice_2024_-_sicable_ci.pdf,b9e45a7b_20250903_-_etats_financiers_-_exercice_2024_-_sicable_ci.pdf,96677,2026-07-08T18:26:34.281537+00:00,rapports-2025
fcf0e07a1ea03b78f692c100159ad96a1397d32f8074debe97cabe1a1e4d95c0,rapport,2025,https://www.brvm.org/sites/default/files/20250903_-_rapport_des_commissaires_aux_comptes_-_exercice_2024_-_sicable_ci.pdf,2eef0ebc_20250903_-_rapport_des_commissaires_aux_comptes_-_exercice_2024_-_sicable_ci.pdf,292245,2026-07-08T18:26:44.726459+00:00,rapports-2025
99dae7e6141923dde80775b36a09ef42bf72b2949eff26f47e1ec974574fd840,rapport,2025,https://www.brvm.org/sites/default/files/20250515_-_rapport_dactivites_-_1er_trimestre_2025_-_sicable_ci.pdf,857592cf_20250515_-_rapport_dactivites_-_1er_trimestre_2025_-_sicable_ci.pdf,335682,2026-07-08T18:26:55.196714+00:00,rapports-2025
247a7381dfcef1faef7e13432d2358c0942788c5dd621d42da525a8f483927e6,rapport,2025,https://www.brvm.org/sites/default/files/20250314_-_rapport_dactivites_annuel_-_exercice_2024_-_sicable_ci.pdf,7c0acaf6_20250314_-_rapport_dactivites_annuel_-_exercice_2024_-_sicable_ci.pdf,1329297,2026-07-08T18:27:05.819278+00:00,rapports-2025
9de07d975423d473a3107636136580ca65edf499e91c1bdcc65d5131659c0e45,rapport,2025,https://www.brvm.org/sites/default/files/20250314_-_rapport_des_cacs_sur_les_etats_financiers_-_exercice_2024_-_sicable_ci.pdf,ad8fb5d9_20250314_-_rapport_des_cacs_sur_les_etats_financiers_-_exercice_2024_-_sicable_ci.pdf,282161,2026-07-08T18:27:16.263519+00:00,rapports-2025
194e595a9ad334f30f93e3a7282cc6d9937986285b2ade4028235888a4669ad7,rapport,2025,https://www.brvm.org/sites/default/files/20250314_-_rapport_special_des_cacs_sur_les_conventions_reglementees_-_exercice_2024_-_sicable_ci.pdf,da911515_20250314_-_rapport_special_des_cacs_sur_les_conventions_reglementees_-_exercice_2024_-_sicable_ci.pdf,32134,2026-07-08T18:27:26.450319+00:00,rapports-2025
07014163a20b318ae885a2ddfd9d759fc8587b0e9789833940699190babc5777,rapport,2025,https://www.brvm.org/sites/default/files/20250313_-_etats_financiers_verifies_par_les_cacs_-_exercice_2024_-_sicable_ci.pdf,2d011a40_20250313_-_etats_financiers_verifies_par_les_cacs_-_exercice_2024_-_sicable_ci.pdf,54404,2026-07-08T18:27:36.724890+00:00,rapports-2025
2dcb35b4289a9f51214a1b2d82f21af23926c91088df03db9fe16ef2a9a91743,rapport,2024,https://www.brvm.org/sites/default/files/20241106_-_attestation_des_cacs_sur_le_rapport_dactivites_-_1er_semestre_2024_-_sicable_ci.pdf,9b43ef4a_20241106_-_attestation_des_cacs_sur_le_rapport_dactivites_-_1er_semestre_2024_-_sicable_ci.pdf,19861,2026-07-08T18:27:47.137807+00:00,rapports-2024
1d23837bd7ad705190672cba2c37101d9edde5f6cf4dab9d79e8324e4388d02c,rapport,2024,https://www.brvm.org/sites/default/files/20241030_-_rapport_dactivites_-_1er_semestre_2024_-_sicable_ci.pdf,2d5804a9_20241030_-_rapport_dactivites_-_1er_semestre_2024_-_sicable_ci.pdf,90907,2026-07-08T18:27:57.430175+00:00,rapports-2024
fcde7c40f916aa03f694eee8efd7e06a648ec066a05bb5dfd39cb47b564dc6e8,rapport,2024,https://www.brvm.org/sites/default/files/20241030_-_rapport_dactivites_-_3eme_trimestre_2024_-_sicable_ci.pdf,89c14a17_20241030_-_rapport_dactivites_-_3eme_trimestre_2024_-_sicable_ci.pdf,112593,2026-07-08T18:28:07.806233+00:00,rapports-2024
6990d834a4b07b3a8497de31da55a9b6215b5470f2b4cee9f6d00d0625ef5ecf,rapport,2024,https://www.brvm.org/sites/default/files/20240426_-_rapport_dactivites_-_1er_trimestre_2024_-_sicable_ci.pdf,c03f1849_20240426_-_rapport_dactivites_-_1er_trimestre_2024_-_sicable_ci.pdf,151282,2026-07-08T18:28:18.164647+00:00,rapports-2024
037c96d40786d1d90a433cf804ee5b13ec0d35971ddc30cc18c020218b07064b,rapport,2024,https://www.brvm.org/sites/default/files/20240319_-_rapport_annuel_-_exercice_2023_-_sicable_ci.pdf,02277b94_20240319_-_rapport_annuel_-_exercice_2023_-_sicable_ci.pdf,612669,2026-07-08T18:28:28.720265+00:00,rapports-2024
213c1ad01c630beb406d5c2f70efd383f13cfc88b696e6fd9d896865169cb115,rapport,2023,https://www.brvm.org/sites/default/files/20231030_-_rapport_dactivites_et_attestation_des_cac_-_1er_semestre_2023_-_sicable_ci.pdf,d0faf6eb_20231030_-_rapport_dactivites_et_attestation_des_cac_-_1er_semestre_2023_-_sicable_ci.pdf,28341,2026-07-08T18:28:38.919514+00:00,rapports-2023
e3a9b2d570d4ee032f35257c5d952ded1b45c9749d6fd0a73b9edc1935859ea0,rapport,2023,https://www.brvm.org/sites/default/files/20231030_-_rapport_dactivites_-_1er_semestre_2023_-_sicable_ci.pdf,c68f5233_20231030_-_rapport_dactivites_-_1er_semestre_2023_-_sicable_ci.pdf,103420,2026-07-08T18:28:49.356239+00:00,rapports-2023
5d1115f57972fb99e31ad073d7b44fa8dfc9084373d39d0602981fadc10be66d,rapport,2023,https://www.brvm.org/sites/default/files/20231030_-_rapport_dactivites_-_3eme_trimestre_2023_-_sicable_ci.pdf,40ea21f9_20231030_-_rapport_dactivites_-_3eme_trimestre_2023_-_sicable_ci.pdf,150611,2026-07-08T18:28:59.714466+00:00,rapports-2023
a729d4238141e3a12fc902744dd96453af8d6680bf2634b77e4ad3f50584d891,rapport,2026,https://www.brvm.org/sites/default/files/20260612_-_rapport_dactivites_annuel_et_etats_financiers_-_exercice_2025_-_sicor_ci.pdf,c367e08c_20260612_-_rapport_dactivites_annuel_et_etats_financiers_-_exercice_2025_-_sicor_ci.pdf,6771534,2026-07-08T18:29:21.712994+00:00,rapports-2026
430216d93c15a2ba8c63a53766b2e81d8cafc2842ed7a6b564ed2703088df642,rapport,2024,https://www.brvm.org/sites/default/files/20241205_-_rapport_annuel_-_exercice_2022_-_sicor_ci.pdf,868ac573_20241205_-_rapport_annuel_-_exercice_2022_-_sicor_ci.pdf,805704,2026-07-08T18:29:32.331705+00:00,rapports-2024
a386e3f2a3d5023ecb23b2a581b2520273a1f410b79d7cf15666b427ff37f0f8,rapport,2024,https://www.brvm.org/sites/default/files/20241205_-_rapport_annuel_-_exercice_2023_-_sicor_ci.pdf,4ffdc215_20241205_-_rapport_annuel_-_exercice_2023_-_sicor_ci.pdf,857716,2026-07-08T18:29:42.949715+00:00,rapports-2024
f24b9bbe7d9b03d43b40e4af528ddd72c08c29d82c78857029709b175d13c271,rapport,2023,https://www.brvm.org/sites/default/files/20230706_-_etats_financiers_-_exercice_2021_-_sicor.pdf,ff378bca_20230706_-_etats_financiers_-_exercice_2021_-_sicor.pdf,2506838,2026-07-08T18:29:53.744185+00:00,rapports-2023
ea464cd0e232571a2bbfe585d8a0404130df5bab4a5666b2458ae4fdd1cbc856,rapport,2023,https://www.brvm.org/sites/default/files/20230706_-_etats_financiers_-_exercice_2020_-_sicor.pdf,680dd3ce_20230706_-_etats_financiers_-_exercice_2020_-_sicor.pdf,2541223,2026-07-08T18:30:04.546418+00:00,rapports-2023
f83924273a92451a24370a164d3ef7c124520757e6297960c6965c207edb3846,rapport,2021,https://www.brvm.org/sites/default/files/20211122_-_etats_financiers_exercice_2019_-_sicor_ci.pdf,1f304b96_20211122_-_etats_financiers_exercice_2019_-_sicor_ci.pdf,4654843,2026-07-08T18:30:15.437973+00:00,rapports-2021
39130aeef84200ccdaf3b789214fcfa434d21e035aca3eabf18f2e517434a7ba,rapport,2019,https://www.brvm.org/sites/default/files/20191031_-_rapport_dactivites_au_1er_semestre_2019_-_sicor_ci.pdf,a1c3ca02_20191031_-_rapport_dactivites_au_1er_semestre_2019_-_sicor_ci.pdf,488714,2026-07-08T18:30:25.970691+00:00,rapports-2019
fde0ce0acadd3a5a8c0c4a6f225520913a968ef6509b0d54aabd619bcee70f68,rapport,2018,https://www.brvm.org/sites/default/files/rapport_annuel_2018_sicor.pdf,320b93fd_rapport_annuel_2018_sicor.pdf,3763359,2026-07-08T18:30:36.774612+00:00,rapports-2018
f94ae63414e6b7547d068bcb38710caa6df5cd2551ba4a36bf12dbedc4924c9e,rapport,2019,https://www.brvm.org/sites/default/files/20190611_-_etats_financiers_exercice_2018_-_sicor_ci.pdf,74085703_20190611_-_etats_financiers_exercice_2018_-_sicor_ci.pdf,253677,2026-07-08T18:30:47.220237+00:00,rapports-2019
8571c8df5ecb4d209646c6cd8b8291ef059aac09cb161743320d797e3e646c74,rapport,2017,https://www.brvm.org/sites/default/files/sicor_-_etats_financiers_2017.pdf,d14d9d45_sicor_-_etats_financiers_2017.pdf,64141,2026-07-08T18:30:57.491668+00:00,rapports-2017
14b6fe429b3688fe9f19a60e7ca8183c840d2608877a0e584d284379450735bc,rapport,2017,https://www.brvm.org/sites/default/files/20170905-_etats_financiers_exercice_2015-_sicor_ci.pdf,6eae4a4a_20170905-_etats_financiers_exercice_2015-_sicor_ci.pdf,126696,2026-07-08T18:31:07.849687+00:00,rapports-2017
64eaabf2616d0d82949ae90457761da9727a1b3f01dfa40152f7cb78dafe01ea,rapport,2017,https://www.brvm.org/sites/default/files/20170905-_etats_financiers_exercice_2016-_sicor_ci_0.pdf,4b0a80f0_20170905-_etats_financiers_exercice_2016-_sicor_ci_0.pdf,141014,2026-07-08T18:31:18.208250+00:00,rapports-2017
494c4f9f8b6d251064bfc64158e15cad57577e73c226ecbcbcc35442fb3ad07f,rapport,2017,https://www.brvm.org/sites/default/files/20170816-_etats_financiers_exercice_2016-_sicor_ci.pdf,e1c46df4_20170816-_etats_financiers_exercice_2016-_sicor_ci.pdf,31887,2026-07-08T18:31:28.395921+00:00,rapports-2017
9a5a69162a56a8b950ed0cbb4587355f3282a62b11e882c80f6d4aa3366f6095,rapport,2017,https://www.brvm.org/sites/default/files/20170816-_etats_financiers_exercice_2015-_sicor_ci.pdf,5933d71f_20170816-_etats_financiers_exercice_2015-_sicor_ci.pdf,35301,2026-07-08T18:31:38.582422+00:00,rapports-2017
1737174379f3bad146ce065ea5946a38caa329d3aa1cbf97e80722c6c4d1d27c,rapport,2014,https://www.brvm.org/sites/default/files/20140701_-_efa_-_sicor_ci_-_exercice_2013.pdf,6d92e7be_20140701_-_efa_-_sicor_ci_-_exercice_2013.pdf,21756,2026-07-08T18:31:48.768982+00:00,rapports-2014
b704f9cd68eb4c0a9988eae14b8a1afe2e810ef7ceb3e22f40a718b21122b356,rapport,2014,https://www.brvm.org/sites/default/files/20140527_-_ra_-_sicor_ci_-_exercice_2011.pdf,50e3a175_20140527_-_ra_-_sicor_ci_-_exercice_2011.pdf,15235154,2026-07-08T18:32:00.036666+00:00,rapports-2014
e39099f1c8dd967c2b3a98f842da369a739220ea6dee1193c9917fe3e839fe27,rapport,2014,https://www.brvm.org/sites/default/files/20140527_-_rg_-_sicor_ci_-_exercice_2012.pdf,cca0adba_20140527_-_rg_-_sicor_ci_-_exercice_2012.pdf,8725529,2026-07-08T18:32:11.119060+00:00,rapports-2014
b171ac32f2a9056509920f9117077cc1e997dd02ae5f8fdf8c57863a37d00e3d,rapport,2014,https://www.brvm.org/sites/default/files/20140407_-_efp_-_sicor_ci_-_exercice_2012.pdf,5f66e348_20140407_-_efp_-_sicor_ci_-_exercice_2012.pdf,180395,2026-07-08T18:32:21.478410+00:00,rapports-2014
7f03cdf78e7de5aaed4a46697ef9902f24538b4a38216775ef78679d7e655d3a,rapport,2014,https://www.brvm.org/sites/default/files/20140331_-_efp_-_sicor_ci_-_exercice_2011.pdf,5c2c818f_20140331_-_efp_-_sicor_ci_-_exercice_2011.pdf,112364,2026-07-08T18:32:31.837046+00:00,rapports-2014
a5628acda358d6c80a199eb28ea884306514636a2a4a6f9dc2d0620eb89a8030,rapport,2012,https://www.brvm.org/sites/default/files/20120207_-_rg_-_sicor_ci_-_exercice_2010.pdf,c8cd54dc_20120207_-_rg_-_sicor_ci_-_exercice_2010.pdf,3002117,2026-07-08T18:32:42.636607+00:00,rapports-2012
df0248b0d087995af7b6fc0cf82aa228263d84f22ebe18923916fde6752f7be8,rapport,2026,https://www.brvm.org/sites/default/files/20260625_-_etats_financiers_-_exercice_2025_-_sitab_ci_annule_et_remplace_le_precedent.pdf,fa281416_20260625_-_etats_financiers_-_exercice_2025_-_sitab_ci_annule_et_remplace_le_precedent.pdf,102995,2026-07-08T18:33:15.943221+00:00,rapports-2026
da2897f7336375b4154e745654ee9a6c75f13bc4cf1eebf3a82e022dbe65ad47,rapport,2026,https://www.brvm.org/sites/default/files/20260430_-_etats_financiers_syscohada_-_exercice_2025_-_sitab_ci.pdf,c0191c9b_20260430_-_etats_financiers_syscohada_-_exercice_2025_-_sitab_ci.pdf,136067,2026-07-08T18:33:26.306697+00:00,rapports-2026
f1e5ad0887292f0d46a35f2f959d0194142bf4b02219a5cfc27a23af0a01fb9d,rapport,2026,https://www.brvm.org/sites/default/files/20260430_-_rapport_dactivites_-_1er_trimestre_2026_-_sitab_ci_0.pdf,2368dafe_20260430_-_rapport_dactivites_-_1er_trimestre_2026_-_sitab_ci_0.pdf,421995,2026-07-08T18:33:36.757423+00:00,rapports-2026
8292058c7ce24566f6e739a57db0a77354c3150b0594f6fd0e1514979f77dde8,rapport,2026,https://www.brvm.org/sites/default/files/20260130_-_rapport_dactivites_-_4eme_trimestre_2025_-_sitab_ci.pdf,cd4c3c22_20260130_-_rapport_dactivites_-_4eme_trimestre_2025_-_sitab_ci.pdf,462023,2026-07-08T18:33:47.290700+00:00,rapports-2026
2faf77194931f74e4034d3b99848ef8271eee170c13f6b1ab8907d0603aa7793,rapport,2025,https://www.brvm.org/sites/default/files/20251029_-_rapport_dactivites_-_1er_semestre_2025_-_sitab_ci.pdf,a6f3bb51_20251029_-_rapport_dactivites_-_1er_semestre_2025_-_sitab_ci.pdf,208844,2026-07-08T18:33:57.650801+00:00,rapports-2025
5be6cb4ebe2135f823a71dc5c38c9a5af4e58c19b84856a06b32b973927f0591,rapport,2025,https://www.brvm.org/sites/default/files/20251029_-_rapport_dactivites_-_3eme_trimestre_2025_-_sitab_ci.pdf,2d5935b4_20251029_-_rapport_dactivites_-_3eme_trimestre_2025_-_sitab_ci.pdf,199254,2026-07-08T18:34:08.010686+00:00,rapports-2025
6d42f23f0d8cda899297f05fcfef97d70765c8e46fb8c6fb3d2457d971160636,rapport,2025,https://www.brvm.org/sites/default/files/20250721_-_etats_financiers_individuels_syscohada_-_sitab_ci_annule_remplace_le_precedent.pdf,c94e7213_20250721_-_etats_financiers_individuels_syscohada_-_sitab_ci_annule_remplace_le_precedent.pdf,132389,2026-07-08T18:34:18.369803+00:00,rapports-2025
aa86be9333433fcdbf372805dd8e2363c19e63da82dad213c58e8d6f4a64b425,rapport,2025,https://www.brvm.org/sites/default/files/20250707_-_etats_financiers_individuels_syscohada_-_sitab_ci_annule_remplace_le_precedent.pdf,dfd0b2da_20250707_-_etats_financiers_individuels_syscohada_-_sitab_ci_annule_remplace_le_precedent.pdf,131905,2026-07-08T18:34:28.729231+00:00,rapports-2025
9c08004a263ec74622e5c16b79d12c9f43c964eec341db3ef6ed07f7d58a4a82,rapport,2025,https://www.brvm.org/sites/default/files/20250507_-_rapport_dactivites_-_1er_trimestre_2025_-_sitab_ci_0.pdf,db11bf25_20250507_-_rapport_dactivites_-_1er_trimestre_2025_-_sitab_ci_0.pdf,454080,2026-07-08T18:34:39.263911+00:00,rapports-2025
a415dd20f58435f34e3fe9184097af51353ac3592d68401d83627c57f623fe61,rapport,2025,https://www.brvm.org/sites/default/files/20250507_-_etats_financiers_-_exercice_2024_-_sitab_ci.pdf,1ed797bb_20250507_-_etats_financiers_-_exercice_2024_-_sitab_ci.pdf,130386,2026-07-08T18:34:49.623129+00:00,rapports-2025
d8b98ea90e7f3265aba58c463fe734ccd5f346375384c8da7ffd6bc67e266805,rapport,2024,https://www.brvm.org/sites/default/files/20241031_-_rapport_dactivites_-_1er_semestre_2024_-_sitab_ci.pdf,c5ba9909_20241031_-_rapport_dactivites_-_1er_semestre_2024_-_sitab_ci.pdf,203657,2026-07-08T18:34:59.982951+00:00,rapports-2024
a1c6365ed9cc6645032f0416f7a8fec56cf79816135a02b5e39ca18dbdd668a0,rapport,2024,https://www.brvm.org/sites/default/files/20240605_-_etats_financiers_verifie_par_les_cac_-_exercice_2023_-_sitab_ci.pdf,0aaab670_20240605_-_etats_financiers_verifie_par_les_cac_-_exercice_2023_-_sitab_ci.pdf,130782,2026-07-08T18:35:10.344700+00:00,rapports-2024
8820e8e0d4d04d5d355ec25d18d5851be9592638028da31b6261195b22cdeca6,rapport,2024,https://www.brvm.org/sites/default/files/20240430_-_etats_financiers_provisoire_projets_daffectation_non_verifies_par_les_cac_-_exercice_2023_-_sitab_ci.pdf,456f3dbd_20240430_-_etats_financiers_provisoire_projets_daffectation_non_verifies_par_les_cac_-_exercice_2023_-_sitab_ci.pdf,130277,2026-07-08T18:35:20.704544+00:00,rapports-2024
570e23cbe8757651cfae2e4b2b28d4b1d58d26bd94ae8bf010d463d7a9daca1e,rapport,2024,https://www.brvm.org/sites/default/files/20240430_-_rapport_dactivites_-_1er_trimestre_2024_-_sitab_ci.pdf,59055d32_20240430_-_rapport_dactivites_-_1er_trimestre_2024_-_sitab_ci.pdf,408485,2026-07-08T18:35:31.151938+00:00,rapports-2024
4511992900aea2598ac182cf604e5d5096ce9384130fb6727b4b3dd7281fc69c,rapport,2024,https://www.brvm.org/sites/default/files/20240131_-_rapport_dactivites_-_4eme_trimestre_2023_-_sitab_ci.pdf,20c4bb19_20240131_-_rapport_dactivites_-_4eme_trimestre_2023_-_sitab_ci.pdf,408654,2026-07-08T18:35:41.704152+00:00,rapports-2024
378004daffa5243083c6c30d6ccfd49809ca10fbbbdc59e5e2fb166b7184a315,rapport,2023,https://www.brvm.org/sites/default/files/20231127_-_rapport_dactivites_-_3eme_trimestre_2023_-_sitab_ci_0.pdf,90cccaa1_20231127_-_rapport_dactivites_-_3eme_trimestre_2023_-_sitab_ci_0.pdf,472885,2026-07-08T18:35:52.236986+00:00,rapports-2023
1201fd685c5f2dc13b89863a0a11b60d046791d38f319867154c114f9435f259,rapport,2023,https://www.brvm.org/sites/default/files/20231027_-_rapport_dactivites_-_1er_semestre_2023_-_sitab_ci.pdf,3e0cad2a_20231027_-_rapport_dactivites_-_1er_semestre_2023_-_sitab_ci.pdf,454317,2026-07-08T18:36:02.855275+00:00,rapports-2023
ff80a5ce94a44424c3fc717ea24450835a0e256b6092c0392f6a1dbbc95f2b86,rapport,2023,https://www.brvm.org/sites/default/files/20230814_-_attestation_dexecution_de_la_mission_de_commissariat_aux_comptes_-_etats_financiers_exercice_2022_-_sitab_ci.pdf,d98a54fc_20230814_-_attestation_dexecution_de_la_mission_de_commissariat_aux_comptes_-_etats_financiers_exercice_2022_-_sitab_ci.pdf,273640,2026-07-08T18:36:13.302600+00:00,rapports-2023
80d20de3b08a399d4c690e8bc88aa5fca2b969676a156f4729fee953b82aee96,rapport,2023,https://www.brvm.org/sites/default/files/20230814_-_etats_financiers_certifies_et_approuves_-_exercice_2022_-_sitab_ci.pdf,c9c4b45f_20230814_-_etats_financiers_certifies_et_approuves_-_exercice_2022_-_sitab_ci.pdf,271763,2026-07-08T18:36:23.748318+00:00,rapports-2023
f11289beab8328bc9ff555e94c7de11c769f61f8efd89530c84fddf231abedbc,rapport,2023,https://www.brvm.org/sites/default/files/20230713_-_etats_financiers_consolides_-_exercice_2022_-_sitab_ci.pdf,d9dbba08_20230713_-_etats_financiers_consolides_-_exercice_2022_-_sitab_ci.pdf,285566,2026-07-08T18:36:34.195817+00:00,rapports-2023
9c60affc9b01b082b9a2f8bfff02eba11e077fa00750154ac113a8f88ccb3b0b,rapport,2026,https://www.brvm.org/sites/default/files/20260512_-_etats_financiers_et_projet_daffectation_du_resultat_-_exercice_2025_-_smb_ci.pdf,4b480dc1_20260512_-_etats_financiers_et_projet_daffectation_du_resultat_-_exercice_2025_-_smb_ci.pdf,443011,2026-07-08T19:15:28.929242+00:00,rapports-2026
522dd700237d5c022894df620e571a52680bb5443b4717ca688d3409f8e6454a,rapport,2025,https://www.brvm.org/sites/default/files/20251029_-_rapport_dactivites_-_1er_semestre_2025_-_smb_ci.pdf,f8800537_20251029_-_rapport_dactivites_-_1er_semestre_2025_-_smb_ci.pdf,337076,2026-07-08T19:15:39.656253+00:00,rapports-2025
7e0b8341dae7059f73ced2184a2ee3e8de2f17dbcc89567061f4d9fcc8eb92c3,rapport,2025,https://www.brvm.org/sites/default/files/20251029_-_rapport_dactivites_-_3eme_trimestre_2025_-_smb_ci.pdf,dea4b74b_20251029_-_rapport_dactivites_-_3eme_trimestre_2025_-_smb_ci.pdf,315970,2026-07-08T19:15:50.382200+00:00,rapports-2025
53bf8fa890a062bdb8fc47d53bdf8a0582ba907daaa0bb656876cfc92411b3a0,rapport,2025,https://www.brvm.org/sites/default/files/20250903_-_etats_financiers_-_exercice_2024_-_smb_ci.pdf,76044793_20250903_-_etats_financiers_-_exercice_2024_-_smb_ci.pdf,212150,2026-07-08T19:16:00.965483+00:00,rapports-2025
924427ff34ae6e420ed00c4870aa944adb5838d9b92e3e887f68bba57dbda468,rapport,2025,https://www.brvm.org/sites/default/files/20250903_-_rapport_des_commissaires_aux_comptes_-_exercice_2024_-_smb_ci.pdf,0c2f35a9_20250903_-_rapport_des_commissaires_aux_comptes_-_exercice_2024_-_smb_ci.pdf,5233692,2026-07-08T19:16:12.850590+00:00,rapports-2025
fdb1c43fa6e94fed21f9f78268a1dc0ef1f97f26ac1ece066b9f88d686166ac5,rapport,2025,https://www.brvm.org/sites/default/files/20250430_-_etats_financiers_-_exercice_2024_-_smb_ci.pdf,5545a0e2_20250430_-_etats_financiers_-_exercice_2024_-_smb_ci.pdf,313289,2026-07-08T19:16:23.578200+00:00,rapports-2025
e5661ff89660649f9b66fb9fefef7ea2d6874e8ea037dc3c0ab0d869597845ed,rapport,2025,https://www.brvm.org/sites/default/files/20250429_-_rapport_dactivites_-_1er_trimestre_2025_-_smb_ci.pdf,fe058c7b_20250429_-_rapport_dactivites_-_1er_trimestre_2025_-_smb_ci.pdf,121174,2026-07-08T19:16:34.174152+00:00,rapports-2025
65eb4ba2172a340b562e9db2f842d3541cdc3c62de31b3aebded7198ce2e72f7,rapport,2024,https://www.brvm.org/sites/default/files/20241031_-_attestation_des_cacs_sur_le_rapport_dactivites_-_1er_semestre_2024_-_smb_ci.pdf,a08eb7f8_20241031_-_attestation_des_cacs_sur_le_rapport_dactivites_-_1er_semestre_2024_-_smb_ci.pdf,196140,2026-07-08T19:16:44.785180+00:00,rapports-2024
4e57d5e9962c632d318f99ef572da4011d119f65fd87e379d9e4ceeae0315fd5,rapport,2024,https://www.brvm.org/sites/default/files/20241030_-_rapport_dactivites_-_1er_semestre_2024_-_smb_ci.pdf,06f37674_20241030_-_rapport_dactivites_-_1er_semestre_2024_-_smb_ci.pdf,93857,2026-07-08T19:16:55.403343+00:00,rapports-2024
5b8b311ae540c8623618608923b1f0d8d2c23c59a14c6ed5bdac7ddf1e7222de,rapport,2024,https://www.brvm.org/sites/default/files/20241030_-_rapport_dactivites_-_3eme_trimestre_2024_-_smb_ci.pdf,d818748e_20241030_-_rapport_dactivites_-_3eme_trimestre_2024_-_smb_ci.pdf,79596,2026-07-08T19:17:05.850234+00:00,rapports-2024
ba24518c745bc692cd9a280230cfc87c2624754b4ee011313fd9b1dc0b2d28e5,rapport,2024,https://www.brvm.org/sites/default/files/20240513_-_etats_financiers_de_synthese_-_exercice_2023_-_smb_ci.pdf,136c98fa_20240513_-_etats_financiers_de_synthese_-_exercice_2023_-_smb_ci.pdf,161494,2026-07-08T19:17:16.432513+00:00,rapports-2024
258279eada643f053b69db7b9b3b68689ca37c1223749e02c5f69622de932734,rapport,2024,https://www.brvm.org/sites/default/files/20240513_-_rapport_dactivites_-_1er_trimestre_2024_-_smb_ci.pdf,488e00dd_20240513_-_rapport_dactivites_-_1er_trimestre_2024_-_smb_ci.pdf,102951,2026-07-08T19:17:27.017236+00:00,rapports-2024
4101371690615c385ae28cedce1e14b59d605a34e44d6b799612e81e2577527a,rapport,2023,https://www.brvm.org/sites/default/files/20231030_-_attestation_des_cac_sur_le_rapport_dactivites_du_1er_semestre_2023_-_smb_ci.pdf,ce114121_20231030_-_attestation_des_cac_sur_le_rapport_dactivites_du_1er_semestre_2023_-_smb_ci.pdf,86798,2026-07-08T19:17:37.504612+00:00,rapports-2023
b195cb5891a8c362f5a6d3716f880426a471a16b40baa2357baa9b6d35e57bd0,rapport,2023,https://www.brvm.org/sites/default/files/20231030_-_rapport_dactivites_-_1er_semestre_2023_-_smb_ci.pdf,62252e50_20231030_-_rapport_dactivites_-_1er_semestre_2023_-_smb_ci.pdf,629006,2026-07-08T19:17:48.377851+00:00,rapports-2023
7d7a2dc540bdbe7b615ad6884609aac28825df80287d2ecab4d70f73906be009,rapport,2023,https://www.brvm.org/sites/default/files/20231030_-_rapport_dactivites_-_3eme_trimestre_2023_-_smb_ci.pdf,8caba009_20231030_-_rapport_dactivites_-_3eme_trimestre_2023_-_smb_ci.pdf,625530,2026-07-08T19:17:59.266302+00:00,rapports-2023
aa2a7b8b0c5fc732a13c952eb6662927a6a7c7b92b5e88f025a32697394c760e,rapport,2023,https://www.brvm.org/sites/default/files/20230816_-_etats_financiers_certifies_et_approuves_-_exercice_2022_-_smb_ci.pdf,ba233610_20230816_-_etats_financiers_certifies_et_approuves_-_exercice_2022_-_smb_ci.pdf,44162,2026-07-08T19:18:09.706156+00:00,rapports-2023
306ed8d3c8eb94921967faa012c778afdbedc753c0964038a75e15ed08dc9de0,rapport,2023,https://www.brvm.org/sites/default/files/20230707_-_rapport_annuel_2022_-_smb_ci.pdf,1f90fbc5_20230707_-_rapport_annuel_2022_-_smb_ci.pdf,1511983,2026-07-08T19:18:20.724881+00:00,rapports-2023
c4d7d943e4f71c83e7b33797a92a4d17c64b842988ac3ca0cbdfc97bc547fc2c,rapport,2022,https://www.brvm.org/sites/default/files/20221102_-_rapport_dactivite_-_3eme_trimestre_2022_-_smb_ci.pdf,3ab462c4_20221102_-_rapport_dactivite_-_3eme_trimestre_2022_-_smb_ci.pdf,162291,2026-07-08T19:18:31.377223+00:00,rapports-2022
d501446b9c07be1631eeffeec28326dcab8a28b5f08f2b985eb43517ee522e8a,rapport,2022,https://www.brvm.org/sites/default/files/20221003_-_rapport_dactivite_du_1er_semestre_2022_-_smb_ci.pdf,24e2e268_20221003_-_rapport_dactivite_du_1er_semestre_2022_-_smb_ci.pdf,190768,2026-07-08T19:18:42.001768+00:00,rapports-2022
1314f92158a9f3970e2d228042f68b7ab713ff7fb7470cefcc70446593e94bbd,rapport,2022,https://www.brvm.org/sites/default/files/20221003_-_attestation_cac_sur_le_rapport_dactivites_1er_semestre_2022_-_smb_ci.pdf,69af3769_20221003_-_attestation_cac_sur_le_rapport_dactivites_1er_semestre_2022_-_smb_ci.pdf,81379,2026-07-08T19:18:52.454907+00:00,rapports-2022
b0e8906f2d7fc0a67afaf413198bbaf53aedb584cfbd085cb27217c2a1cdfdac,rapport,2026,https://www.brvm.org/sites/default/files/20260427_-_etats_financiers_-_exercice_2025_-_sodeci.pdf,492c3d27_20260427_-_etats_financiers_-_exercice_2025_-_sodeci.pdf,1368703,2026-07-08T19:19:26.169665+00:00,rapports-2026
0a7fedbbe0751fa220a81535e0bc93029e885755fe82e275d4a0e0b6013428a1,rapport,2026,https://www.brvm.org/sites/default/files/20260427_-_rapport_dactivites_-_1er_trimestre_2026_-_sodeci.pdf,aa3cabbf_20260427_-_rapport_dactivites_-_1er_trimestre_2026_-_sodeci.pdf,993345,2026-07-08T19:19:37.191445+00:00,rapports-2026
5aa423a519b6692a3c3e581fe3df1173d22ca90751058da084ac83ecb8e6f2b5,rapport,2025,https://www.brvm.org/sites/default/files/20251031_-_rapport_dactivites_-_1er_semestre_2025_-_sode_ci.pdf,0308a4ce_20251031_-_rapport_dactivites_-_1er_semestre_2025_-_sode_ci.pdf,115233,2026-07-08T19:19:47.779926+00:00,rapports-2025
9b40ccacecff9e7d4ab819e6e18a2635cc696fef3aff6e73633345b96b924ee9,rapport,2025,https://www.brvm.org/sites/default/files/20250430_-_etats_financiers_-_exercice_2024_-_sode_ci.pdf,fec37bef_20250430_-_etats_financiers_-_exercice_2024_-_sode_ci.pdf,1827700,2026-07-08T19:19:58.945405+00:00,rapports-2025
03a3639ab4e8043372eb4267185067923c0ddcfc38fddd67632947460f491940,rapport,2025,https://www.brvm.org/sites/default/files/20250430_-_rapport_dactivites_-_1er_trimestre_2025_-_sode_ci.pdf,da3b7272_20250430_-_rapport_dactivites_-_1er_trimestre_2025_-_sode_ci.pdf,550802,2026-07-08T19:20:09.851489+00:00,rapports-2025
2d64a0e088a0d8d6e3a84492a0e81a68f117bc97664ddf24918071c08b1a885a,rapport,2024,https://www.brvm.org/sites/default/files/20241031_-_rapport_dactivites_-_1er_semestre_2024_-_sode_ci.pdf,bfc677b4_20241031_-_rapport_dactivites_-_1er_semestre_2024_-_sode_ci.pdf,277579,2026-07-08T19:20:20.580512+00:00,rapports-2024
cab2bf357a8a892a4874f5533d707eb4b56982741cc3b86851452db87b862b6a,rapport,2024,https://www.brvm.org/sites/default/files/20240430_-_etats_financiers_individuel_et_consolide_-_exercice_2023_-_sodeci.pdf,471a2cf5_20240430_-_etats_financiers_individuel_et_consolide_-_exercice_2023_-_sodeci.pdf,5811044,2026-07-08T19:20:32.168521+00:00,rapports-2024
867b91960b5a908a7c7d10da8d2a8618d866c7d208d393a269635eed025926ad,rapport,2023,https://www.brvm.org/sites/default/files/20231108_-_rapport_dactivites_-_3eme_trimestre_2023_-_sode_ci.pdf,a5430cb2_20231108_-_rapport_dactivites_-_3eme_trimestre_2023_-_sode_ci.pdf,906580,2026-07-08T19:20:43.200772+00:00,rapports-2023
c486b99011d0fe00ddc559306ca17a61f8a3d2cda3da82628b55ae43420e1387,rapport,2023,https://www.brvm.org/sites/default/files/20231024_-_rapport_dactivites_-_1er_semestre_2023_-_sode_ci.pdf,4f643071_20231024_-_rapport_dactivites_-_1er_semestre_2023_-_sode_ci.pdf,891689,2026-07-08T19:20:54.211635+00:00,rapports-2023
1fa026c89efabab6809347c2e0efef16ddab94353b1fce3bf5c1624b10109563,rapport,2023,https://www.brvm.org/sites/default/files/20230428_-_etats_financiers_ifrs_exercice_2022_-_sodeci.pdf,633120ec_20230428_-_etats_financiers_ifrs_exercice_2022_-_sodeci.pdf,174728,2026-07-08T19:21:04.794102+00:00,rapports-2023
0776bbc68f16e1a919852e9305974d68d4e41bfbf216cd13020283452c55c4f1,rapport,2023,https://www.brvm.org/sites/default/files/20230427_-_rapport_dactivite_-_1er_trimestre_2023_-_sodeci.pdf,3fa8d0b8_20230427_-_rapport_dactivite_-_1er_trimestre_2023_-_sodeci.pdf,822951,2026-07-08T19:21:15.750946+00:00,rapports-2023
4fd1d78f90bb6300c8786169c7b1a03d283292939a0f32671fb099737e1284a8,rapport,2023,https://www.brvm.org/sites/default/files/20230331_-_etats_financiers_exercice_2022_-_sodeci.pdf,ab529be4_20230331_-_etats_financiers_exercice_2022_-_sodeci.pdf,3058680,2026-07-08T19:21:27.052800+00:00,rapports-2023
8a6410356ce4a0c97cda9ffcbe4266f92f2fb39b5fa920079c30057f3c169e55,rapport,2022,https://www.brvm.org/sites/default/files/20221031_-_rapport_dactivite_-_1er_semestre_2022_-_sodeci.pdf,17bf3392_20221031_-_rapport_dactivite_-_1er_semestre_2022_-_sodeci.pdf,1012682,2026-07-08T19:21:38.066751+00:00,rapports-2022
40f2e2d2de8ce8dc517dbbf6cefa31821787acd7f19531154d52096c7a31384b,rapport,2022,https://www.brvm.org/sites/default/files/20221031_-_rapport_dactivite_-_3eme_trimestre_2022_-_sodeci.pdf,68d81741_20221031_-_rapport_dactivite_-_3eme_trimestre_2022_-_sodeci.pdf,725932,2026-07-08T19:21:48.955890+00:00,rapports-2022
b443d487474f58298f287624f7ed386e15b234c6741933065e82e29a8fd7f210,rapport,2022,https://www.brvm.org/sites/default/files/20220429_-_rapport_dactivite_-_1er_trimestre_2022_-_sodeci.pdf,199e332d_20220429_-_rapport_dactivite_-_1er_trimestre_2022_-_sodeci.pdf,540376,2026-07-08T19:21:59.872778+00:00,rapports-2022
f1cbd28a9634e695b9bbb8f30112bcc927fe6418f3fc1e3f41cd29726f3987f1,rapport,2022,https://www.brvm.org/sites/default/files/20220426_-_etats_financiers_individuels_syscohada_exercice_2021_-_sodeci.pdf,ec1f6985_20220426_-_etats_financiers_individuels_syscohada_exercice_2021_-_sodeci.pdf,2529629,2026-07-08T19:22:11.036266+00:00,rapports-2022
41cdf8ecf3951d2e851ab8d42ff1d19b1651d344dd76a9461f5cb91646074862,rapport,2022,https://www.brvm.org/sites/default/files/20220426_-_etats_financiers_individuels_-_consolides_ifrs_exercice_2021_-_sodeci.pdf,ff5156d9_20220426_-_etats_financiers_individuels_-_consolides_ifrs_exercice_2021_-_sodeci.pdf,2807223,2026-07-08T19:22:22.336665+00:00,rapports-2022
0dc303369bc6db1634379ae8b273994f1814e833c5a6b17a12d0c7d0df2d72b0,rapport,2021,https://www.brvm.org/sites/default/files/20211028_-_rapport_dactivite_du_1er_semestre_2021_-_sodeci.pdf,eb62ff89_20211028_-_rapport_dactivite_du_1er_semestre_2021_-_sodeci.pdf,1377564,2026-07-08T19:22:33.563605+00:00,rapports-2021
2c340b885165b8cbf2e6209044a3208de219fad88b9e8d2541ce26f4b1191e3c,rapport,2021,https://www.brvm.org/sites/default/files/20211028_-_rapport_dactivite_au_3eme_trimestre_2021_-_sodeci.pdf,4f0a1bc9_20211028_-_rapport_dactivite_au_3eme_trimestre_2021_-_sodeci.pdf,768169,2026-07-08T19:22:44.588693+00:00,rapports-2021
808511f379f777ecf325d76b2d64c7973bbf284f9ac58cf47b71faf13399d108,rapport,2021,https://www.brvm.org/sites/default/files/20210607_-_rapport_dactivites_au_1er_trimestre_2021_-_sodeci.pdf,d58e3537_20210607_-_rapport_dactivites_au_1er_trimestre_2021_-_sodeci.pdf,1406496,2026-07-08T19:22:55.619368+00:00,rapports-2021
b5d5902b98055b4b54503f5299080c72376f8211697c336af2d2b848be377487,rapport,2026,https://www.brvm.org/sites/default/files/20260422_-_etats_financiers_syscohada_-_exercice_2025_-_sogb_ci.pdf,b84ea812_20260422_-_etats_financiers_syscohada_-_exercice_2025_-_sogb_ci.pdf,625748,2026-07-08T19:23:18.037956+00:00,rapports-2026
1cb556d3bbffd6439132feae7b23f7700778f6a538592021579632a4d997ba31,rapport,2025,https://www.brvm.org/sites/default/files/20251030_-_rapport_dactivites_-_3eme_trimestre_2025_-_sogb_ci.pdf,63131377_20251030_-_rapport_dactivites_-_3eme_trimestre_2025_-_sogb_ci.pdf,165173,2026-07-08T19:23:28.622172+00:00,rapports-2025
87eefe3d87e79f6f854768c619b0f32468c6ffbb8b5a52730e2955b6a8f99f53,rapport,2025,https://www.brvm.org/sites/default/files/20251028_-_rapport_dactivites_-_1er_semestre_2025_-_sogb_ci.pdf,a2922f6e_20251028_-_rapport_dactivites_-_1er_semestre_2025_-_sogb_ci.pdf,398687,2026-07-08T19:23:39.348775+00:00,rapports-2025
698a73fb4a3ad80b3bde4ac21cef4cff5629d804fac70c735bdf254e134f03f4,rapport,2025,https://www.brvm.org/sites/default/files/20250616_-_etats_financiers_-_exercice_2024_-_sogb_ci.pdf,03622fee_20250616_-_etats_financiers_-_exercice_2024_-_sogb_ci.pdf,623616,2026-07-08T19:23:50.219046+00:00,rapports-2025
b44c121b04dca08a3dd1e1c064733c76665a43160337e155c22e6f2d779efdcf,rapport,2025,https://www.brvm.org/sites/default/files/20250430_-_etats_financiers_-_exercice_2024_-_sogb_ci.pdf,7d3caa0a_20250430_-_etats_financiers_-_exercice_2024_-_sogb_ci.pdf,624668,2026-07-08T19:24:01.089273+00:00,rapports-2025
7e205ee0fa9352964d5af4d8e0ad4ecc633cee9143886791a9430bd1c7ee6838,rapport,2025,https://www.brvm.org/sites/default/files/202504024_-_rapport_dactivites_-_1er_trimestre_2025_-_sogb_ci.pdf,2e19eed5_202504024_-_rapport_dactivites_-_1er_trimestre_2025_-_sogb_ci.pdf,561069,2026-07-08T19:24:11.958766+00:00,rapports-2025
b5a1f1c75dbe8a96fca695f4e7704d2c785fbe151a8d73587a61f78b49e9ab93,rapport,2024,https://www.brvm.org/sites/default/files/20241204_-_rapport_dactivites_-_3eme_trimestre_2024_-_sogb_ci.pdf,32079424_20241204_-_rapport_dactivites_-_3eme_trimestre_2024_-_sogb_ci.pdf,460422,2026-07-08T19:24:22.827078+00:00,rapports-2024
214081fd74642d1f3b70e34e0134d03fbf3f416bd23dca788adc4c1ba9684734,rapport,2024,https://www.brvm.org/sites/default/files/20241025_-_attestation_des_cacs_sur_le_rapport_dactivites_-_1er_semestre_2024_-_sogb_ci.pdf,21f4337a_20241025_-_attestation_des_cacs_sur_le_rapport_dactivites_-_1er_semestre_2024_-_sogb_ci.pdf,431957,2026-07-08T19:24:33.560843+00:00,rapports-2024
5c09cd994e4ac88c057391baeaa7c3a791fa9473a80a428507247696bd570fd6,rapport,2024,https://www.brvm.org/sites/default/files/20240429_-_etats_financiers_-_exercice_2023_-_sogb_ci.pdf,11410a99_20240429_-_etats_financiers_-_exercice_2023_-_sogb_ci.pdf,468464,2026-07-08T19:24:44.431074+00:00,rapports-2024
ff47e559970762106f3b3631adc647b58bf248123165732fba37eea906b65e72,rapport,2023,https://www.brvm.org/sites/default/files/20231030_-_rapport_dactivites_et_attestation_des_cac_-_1er_semestre_2023_-_sogb_ci.pdf,d89dc251_20231030_-_rapport_dactivites_et_attestation_des_cac_-_1er_semestre_2023_-_sogb_ci.pdf,233715,2026-07-08T19:24:55.169976+00:00,rapports-2023
8cc05af4324cf10973f9c7b73f0f032f6ea9ccb4d15128cc4357b2067b3d6f09,rapport,2023,https://www.brvm.org/sites/default/files/20231030_-_rapport_dactivites_-_1er_semestre_2023_-_sogb_ci.pdf,6f0eb345_20231030_-_rapport_dactivites_-_1er_semestre_2023_-_sogb_ci.pdf,341475,2026-07-08T19:25:05.917583+00:00,rapports-2023
aa53b6e7bfa6ae0c8bde1e2fecf4d0c162b8ea914e8fe05cfbcc1cd60346dc60,rapport,2023,https://www.brvm.org/sites/default/files/20231026_-_rapport_dactivites_-_3eme_trimestre_2023_-_sogb_ci.pdf,7e048971_20231026_-_rapport_dactivites_-_3eme_trimestre_2023_-_sogb_ci.pdf,579669,2026-07-08T19:25:16.808151+00:00,rapports-2023
4d27d38785895b2aa40a53d2ec7c75a02ddc99f354596010628db35291cadbda,rapport,2023,https://www.brvm.org/sites/default/files/20230509_-_rapport_dactivite_-_1er_trimestre_2023_-_sogb_ci.pdf,cb30f5ee_20230509_-_rapport_dactivite_-_1er_trimestre_2023_-_sogb_ci.pdf,582503,2026-07-08T19:25:27.704219+00:00,rapports-2023
142283f917c008058e58f47bbe2123ffea72b8212d181f221e5dc2cf37291aed,rapport,2023,https://www.brvm.org/sites/default/files/20230424_-_etats_financiers_exercice_2022_-_sogb_ci.pdf,071f8a23_20230424_-_etats_financiers_exercice_2022_-_sogb_ci.pdf,139445,2026-07-08T19:25:38.286411+00:00,rapports-2023
8b6f100542760eff3273f5f1c80ce7b92229dcf825f8842030141a52a05d8fad,rapport,2022,https://www.brvm.org/sites/default/files/20221103_-_rapport_dactivite_-_3eme_trimestre_2022_-_sogb_ci.pdf,c46091d8_20221103_-_rapport_dactivite_-_3eme_trimestre_2022_-_sogb_ci.pdf,588236,2026-07-08T19:25:49.169421+00:00,rapports-2022
d6eba3129db4f006b1597ae8b7725c92d08895f03a1c162091d7bb255da26a36,rapport,2022,https://www.brvm.org/sites/default/files/20220928_-_rapport_dactivite_du_1er_semestre_2022_-_sogb_ci.pdf,6b599409_20220928_-_rapport_dactivite_du_1er_semestre_2022_-_sogb_ci.pdf,269871,2026-07-08T19:25:59.911738+00:00,rapports-2022
813bd8bcd6985c41a6fc321818320a0f1a86dc03c0b8b5f33d133c7010ee4017,rapport,2022,https://www.brvm.org/sites/default/files/20220928_-_attestation_cac_sur_le_rapport_dactivites_1er_semestre_2022_-_sogb_ci.pdf,bfdc735b_20220928_-_attestation_cac_sur_le_rapport_dactivites_1er_semestre_2022_-_sogb_ci.pdf,1087543,2026-07-08T19:26:10.924762+00:00,rapports-2022
48b1e18aa98ce1dc0460f242d5b65caa79cf4d5f70206fafacb68c6ad00079ae,rapport,2022,https://www.brvm.org/sites/default/files/20220530_-_rapport_dactivite_-_1er_trimestre_exercice_2022_-_sogb.pdf,98b7e362_20220530_-_rapport_dactivite_-_1er_trimestre_exercice_2022_-_sogb.pdf,584474,2026-07-08T19:26:21.806784+00:00,rapports-2022
ef45f0d5751c0ad05794ddab8642794962592c171e478d6848bd686a0939393a,rapport,2022,https://www.brvm.org/sites/default/files/20220429_-_etats_financiers_exercice_2021_-_sogb_ci.pdf,faffff28_20220429_-_etats_financiers_exercice_2021_-_sogb_ci.pdf,463476,2026-07-08T19:26:32.675114+00:00,rapports-2022
bb8fb872ca5891d137f95ae31b5c855018befa67de6de04ff2e559c3adf2a37a,rapport,2021,https://www.brvm.org/sites/default/files/20211025_-_rapport_dactivite_au_3eme_trimestre_2021_-_sogb_ci.pdf,14617634_20211025_-_rapport_dactivite_au_3eme_trimestre_2021_-_sogb_ci.pdf,586164,2026-07-08T19:26:43.565194+00:00,rapports-2021
f264816485f8e3dcb258dfb10b815691dce8a17b12a6d168edc8e0602d35ee32,rapport,2026,https://www.brvm.org/sites/default/files/20260519_-_etats_financiers_-_exercice_2025_-_solibra_ci.pdf,b380e6c1_20260519_-_etats_financiers_-_exercice_2025_-_solibra_ci.pdf,153792,2026-07-08T19:27:05.921585+00:00,rapports-2026
c9ce233f41381d258ed1092a16ea5da4e77d38019d5e941a844c4b96ad1643b0,rapport,2026,https://www.brvm.org/sites/default/files/20260430_-_rapport_dactivites_-_1er_trimestre_2026_-_solibra_ci.pdf,27c4c496_20260430_-_rapport_dactivites_-_1er_trimestre_2026_-_solibra_ci.pdf,380209,2026-07-08T19:27:16.661319+00:00,rapports-2026
d9be528838dfa8fb58f57bafd77ce8066365763bae5f11674aa0788d0087bdac,rapport,2025,https://www.brvm.org/sites/default/files/20251028_-_rapport_dactivites_-_1er_semestre_2025_-_solibra_ci.pdf,bf2986d5_20251028_-_rapport_dactivites_-_1er_semestre_2025_-_solibra_ci.pdf,33392,2026-07-08T19:27:26.961078+00:00,rapports-2025
cba6fd5288bc003b552ede5410c6743716800b526201b9eb4c147485b17602f3,rapport,2025,https://www.brvm.org/sites/default/files/20250509_-_erratum_-_avis_de_convocation_-_assemblee_generale_ordinaire_-_solibra_ci_1.pdf,e1f241cc_20250509_-_erratum_-_avis_de_convocation_-_assemblee_generale_ordinaire_-_solibra_ci_1.pdf,155186,2026-07-08T19:27:37.543198+00:00,rapports-2025
3c9b07649374a35a5e9bc45173accbfb24ea7872a4dfbd5cdb8802e019bbb411,rapport,2025,https://www.brvm.org/sites/default/files/20250502_-_etats_financiers_-_exercice_2024_-_solibra_ci.pdf,9b64f993_20250502_-_etats_financiers_-_exercice_2024_-_solibra_ci.pdf,21839,2026-07-08T19:27:47.840363+00:00,rapports-2025
509d0321dea27eafe2203c67830d5be4d546eb2de4df0a5af7e363e799c053d0,rapport,2024,https://www.brvm.org/sites/default/files/20241025_-_rapport_dactivites_-_1er_semestre_2024_-_solibra_ci.pdf,d3fd9ad2_20241025_-_rapport_dactivites_-_1er_semestre_2024_-_solibra_ci.pdf,530056,2026-07-08T19:27:58.709462+00:00,rapports-2024
5fe202f9077c2b0a30ad3b0721175afc69f73ea307e0d34d2beda4231dd8a45d,rapport,2024,https://www.brvm.org/sites/default/files/20240513_-_etats_financiers_de_synthese_-_exercice_2023_-_solibra_ci.pdf,c4edd3a8_20240513_-_etats_financiers_de_synthese_-_exercice_2023_-_solibra_ci.pdf,32831,2026-07-08T19:28:09.010794+00:00,rapports-2024
bd2871aaf97c342f7c502995e300d16cba3919f8dfca776a18dc0f0f67d30eae,rapport,2023,https://www.brvm.org/sites/default/files/20231027_-_rapport_dactivites_-_1er_semestre_2023_-_solibra_ci.pdf,39001894_20231027_-_rapport_dactivites_-_1er_semestre_2023_-_solibra_ci.pdf,509541,2026-07-08T19:28:19.906514+00:00,rapports-2023
1ac35f5546c4ae71505ef19b87790325cc03427d96ed2ececbc45f13887cf1f5,rapport,2023,https://www.brvm.org/sites/default/files/20230512_-_etats_financiers_exercice_2022_-_solibra_ci.pdf,18550e5a_20230512_-_etats_financiers_exercice_2022_-_solibra_ci.pdf,32981,2026-07-08T19:28:30.206551+00:00,rapports-2023
05c891617afef5277dcf1dab1c8caea9bc125f58c28e29224cbbd56ff2b757cb,rapport,2022,https://www.brvm.org/sites/default/files/20221028_-_rapport_dactivite_-_1er_semestre_2022_-_solibra_ci.pdf,576c6949_20221028_-_rapport_dactivite_-_1er_semestre_2022_-_solibra_ci.pdf,581183,2026-07-08T19:28:41.079325+00:00,rapports-2022
27c368366926b7c52f165dc485e2fbe7a22f6907bb7da09b132584256df34e3c,rapport,2022,https://www.brvm.org/sites/default/files/20220603_-_etats_financiers_exercice_2021_-_solibra.pdf,61abb5b4_20220603_-_etats_financiers_exercice_2021_-_solibra.pdf,10838,2026-07-08T19:28:51.253361+00:00,rapports-2022
14328d8320c795d44487c30137338921210570f2566ab308b541eb63d475dc84,rapport,2021,https://www.brvm.org/sites/default/files/20211022_-_rapport_dactivite_au_1er_semestre_2021_-_solibra_ci.pdf,c4c5af00_20211022_-_rapport_dactivite_au_1er_semestre_2021_-_solibra_ci.pdf,285079,2026-07-08T19:29:01.978924+00:00,rapports-2021
0c093ecf15f9bee229f2c01c1e6adf4546b58041c056ac180580456f35c4fa17,rapport,2021,https://www.brvm.org/sites/default/files/20210504_-_etats_financiers_-_exercice_2020_-_solibra_ci.pdf,56f11b31_20210504_-_etats_financiers_-_exercice_2020_-_solibra_ci.pdf,32769,2026-07-08T19:29:12.277742+00:00,rapports-2021
b244c5a878c1100f63b01e237ed0eea12c2f61c93f3b402e14aaf28f6c36d4a4,rapport,2020,https://www.brvm.org/sites/default/files/20201028_-_rapport_dactivites_du_1er_semestre_2020_-_solibra_ci.pdf,216b1fb0_20201028_-_rapport_dactivites_du_1er_semestre_2020_-_solibra_ci.pdf,489986,2026-07-08T19:29:23.166905+00:00,rapports-2020
c3eefce467ff4098bb17d2cba0bc1d17213dfec783a6038633411be03ffea6b4,rapport,2020,https://www.brvm.org/sites/default/files/20201007_-_rapport_dactivite_du_premier_semestre_2020_-_solibra_ci.pdf,b8217c5d_20201007_-_rapport_dactivite_du_premier_semestre_2020_-_solibra_ci.pdf,490460,2026-07-08T19:29:34.057485+00:00,rapports-2020
924fa626d395e69d9247c630945e65d9035511807f12e243fa416253aedeeac3,rapport,2020,https://www.brvm.org/sites/default/files/20200911_-_solibra_etats_2019_publication_ago_septembre_2020_002.pdf,55d9a99a_20200911_-_solibra_etats_2019_publication_ago_septembre_2020_002.pdf,10580,2026-07-08T19:29:44.211828+00:00,rapports-2020
c912d365c5c9b09b1cda5eefa387f2aff1a17e24bdcd1f6ab97ddbae2f472fda,rapport,2019,https://www.brvm.org/sites/default/files/20191030_-_rapport_dactivites_au_1er_semestre_2019_-_solibra_ci.pdf,168fbfb4_20191030_-_rapport_dactivites_au_1er_semestre_2019_-_solibra_ci.pdf,470968,2026-07-08T19:29:55.096582+00:00,rapports-2019
4db875720f79032b6ab22fc17f58194fe50f5dac50d1efb14386ddb75fc8ac6b,rapport,2019,https://www.brvm.org/sites/default/files/20191030_-_attestation_des_cac_sur_le_rapport_dactivite_semestriel_du_1er_semestre_-_solibra_ci.pdf,1be6e79b_20191030_-_attestation_des_cac_sur_le_rapport_dactivite_semestriel_du_1er_semestre_-_solibra_ci.pdf,704516,2026-07-08T19:30:05.988560+00:00,rapports-2019
752332b359af32ab113f06606e6428898cbf34ad8f1f6002c573c2d5ee20f1e3,rapport,2018,https://www.brvm.org/sites/default/files/rapport_annuel_2018_solibra.pdf,3d737b0a_rapport_annuel_2018_solibra.pdf,2240078,2026-07-08T19:30:17.211781+00:00,rapports-2018
8996711b83e9d09661ff6ac7e665855f0520d4a9d688f55e04dec0c347f28ed9,rapport,2019,https://www.brvm.org/sites/default/files/20190405_-_etats_financiers_exercice_2018_-_solibra_ci.pdf,6b681bb1_20190405_-_etats_financiers_exercice_2018_-_solibra_ci.pdf,10599,2026-07-08T19:30:27.367253+00:00,rapports-2019
6f209b96b9c83b6e2f139e5fbc180972d63c85ec1bd26afc2e6ed7bf6da58384,rapport,2026,https://www.brvm.org/sites/default/files/20260417_-_rapport_dactivites_-_1er_trimestre_2026_-_sonatel_sn.pdf,a2518545_20260417_-_rapport_dactivites_-_1er_trimestre_2026_-_sonatel_sn.pdf,740607,2026-07-08T19:30:49.763375+00:00,rapports-2026
7adcc2719664c8a1c2294e991fb568b1f23b9fffe0ca7afdb98496cf863306ca,rapport,2026,https://www.brvm.org/sites/default/files/20260216_-_etats_financiers_2025_et_attestation_des_cac_-_sonatel_sn.pdf,e718cb3b_20260216_-_etats_financiers_2025_et_attestation_des_cac_-_sonatel_sn.pdf,1385999,2026-07-08T19:31:00.780514+00:00,rapports-2026
d43adb6aa9963f13b3ab394922fc4c032008eaee00c5280a7ebc6cbf1ddeb49c,rapport,2025,https://www.brvm.org/sites/default/files/20251031_-_rapport_dactivites_-_3eme_trimestre_2025_-_sonatel_sn.pdf,fc2437d2_20251031_-_rapport_dactivites_-_3eme_trimestre_2025_-_sonatel_sn.pdf,871777,2026-07-08T19:31:11.791284+00:00,rapports-2025
e041066235d57776d429fafde7a48786f5dde7f14dcc86c22b3aabed59c66726,rapport,2025,https://www.brvm.org/sites/default/files/20250725_-_rapport_dactivites_-_1er_semestre_2025_-_sonatel_sn.pdf,8055080a_20250725_-_rapport_dactivites_-_1er_semestre_2025_-_sonatel_sn.pdf,1740354,2026-07-08T19:31:22.949197+00:00,rapports-2025
6c9882209aca29c43dfb7677e021a5831ebd6b6c406602ddacbbd2665bfb3628,rapport,2025,https://www.brvm.org/sites/default/files/20250418_-_rapport_dactivites_-_1er_trimestre_2025_-_sonatel_sn.pdf,55b89430_20250418_-_rapport_dactivites_-_1er_trimestre_2025_-_sonatel_sn.pdf,1160053,2026-07-08T19:31:33.967309+00:00,rapports-2025
2c21f90f234c9d4c8e4fddd8fce4bfdad5a31470264ec0ce67a4f7730bfa3586,rapport,2025,https://www.brvm.org/sites/default/files/20250418_-_rapport_dactivites_annuel_-_exercice_2024_-_sonatel_sn.pdf,0340d72e_20250418_-_rapport_dactivites_annuel_-_exercice_2024_-_sonatel_sn.pdf,2762509,2026-07-08T19:31:45.266288+00:00,rapports-2025
105c1756580297199e82fb2dbfd8942644049e1e90dd6df51d2a37dd855e794e,rapport,2025,https://www.brvm.org/sites/default/files/20250221_-_etats_financiers_-_exercice_2024_-_sonatel_sn.pdf,74429b0b_20250221_-_etats_financiers_-_exercice_2024_-_sonatel_sn.pdf,2352503,2026-07-08T19:31:56.431582+00:00,rapports-2025
b19a0f33ab1841257f3e5318f82d8c9352ad44f0c94e727770d5816a89cad931,rapport,2024,https://www.brvm.org/sites/default/files/20241025_-_rapport_dactivites_-_3eme_trimestre_2024_-_sonatel_sn.pdf,7201f265_20241025_-_rapport_dactivites_-_3eme_trimestre_2024_-_sonatel_sn.pdf,543814,2026-07-08T19:32:07.301625+00:00,rapports-2024
aa8eb615e0b01feb217088f3bd712cae21ee2cceb0fda09577109dc452b6592c,rapport,2024,https://www.brvm.org/sites/default/files/20240726_-_rapport_dactivites_-_1er_semestre_2024_-_sonatel_sn.pdf,cfc7b2c9_20240726_-_rapport_dactivites_-_1er_semestre_2024_-_sonatel_sn.pdf,1111648,2026-07-08T19:32:18.314299+00:00,rapports-2024
bf707e368f4180ef44861dbe4dd82037b473c64ad003a86c1d7cd155817f89bf,rapport,2024,https://www.brvm.org/sites/default/files/20240718_-_rapport_rse_-_exercice_2023_-_sonatel_sn.pdf,629e16c0_20240718_-_rapport_rse_-_exercice_2023_-_sonatel_sn.pdf,3790172,2026-07-08T19:32:29.621239+00:00,rapports-2024
bd11563e9bf97c58fb2d0d3eaf34171e378c42cf60cd43d8d8d1a2cf374f20be,rapport,2024,https://www.brvm.org/sites/default/files/20240426_-_rapport_dactivites_-_1er_trimestre_2024_-_sonatel_sn.pdf,8ed27269_20240426_-_rapport_dactivites_-_1er_trimestre_2024_-_sonatel_sn.pdf,604891,2026-07-08T19:32:40.499130+00:00,rapports-2024
b687360df23964d97c5e912fa96598dbee06cb55ce62f284290633869dca656e,rapport,2024,https://www.brvm.org/sites/default/files/20240222_-_etats_financiers_-_exercice_2023_-_sonatel_sn.pdf,a5b600e9_20240222_-_etats_financiers_-_exercice_2023_-_sonatel_sn.pdf,1411165,2026-07-08T19:32:51.514510+00:00,rapports-2024
94558f30e8bf57b39dc10e4225878837a3a6255de76d5515d476a515938c10ce,rapport,2024,https://www.brvm.org/sites/default/files/20240222_-_resultats_consolides_-_exercice_2023_-_sonatel_sn_0.pdf,b11e4964_20240222_-_resultats_consolides_-_exercice_2023_-_sonatel_sn_0.pdf,156658,2026-07-08T19:33:02.096807+00:00,rapports-2024
b889dd7a225d7bf5469759d376c0c33856a02fb76dd249af1f5c2bf423f87c4a,rapport,2023,https://www.brvm.org/sites/default/files/20231031_-_rapport_dactivites_-_3eme_trimestre_2023_-_sonatel_sn.pdf,4d033e26_20231031_-_rapport_dactivites_-_3eme_trimestre_2023_-_sonatel_sn.pdf,937147,2026-07-08T19:33:13.123833+00:00,rapports-2023
31a7f49fc616773a8f9779f65c2ab43b93754a575e7741ee98de09dd5b078a68,rapport,2023,https://www.brvm.org/sites/default/files/20230721_-_rapport_dactivites_-_1er_semestre_2023_-_sonatel_sn.pdf,909a7d69_20230721_-_rapport_dactivites_-_1er_semestre_2023_-_sonatel_sn.pdf,1885145,2026-07-08T19:33:24.280937+00:00,rapports-2023
cc18f904beb77d2596e799c60281988293c176add9cdcf31a2c556375534969e,rapport,2023,https://www.brvm.org/sites/default/files/comfi_groupe_sonatel_t1_2023_brvm_vf_fr.pdf,aac60119_comfi_groupe_sonatel_t1_2023_brvm_vf_fr.pdf,395482,2026-07-08T19:33:35.012096+00:00,rapports-2023
c63007d2c0b0be25f46753ffaa7340b9bb13e78ed61cc682ca70efba62774349,rapport,2022,https://www.brvm.org/sites/default/files/comfi_groupe_sonatel_resultats_financiers_2022_fr_v_finale_brvm.pdf,daab4fec_comfi_groupe_sonatel_resultats_financiers_2022_fr_v_finale_brvm.pdf,732455,2026-07-08T19:33:45.882810+00:00,rapports-2022
a28fddcbc8a4ea90c49a3ecd94ecb0d435304c5255400088eee2c9fc8ab34959,rapport,2022,https://www.brvm.org/sites/default/files/20221028_-_rapport_dactivite_-_3eme_trimestre_2022_-_onatel_bf.pdf,9a75f366_20221028_-_rapport_dactivite_-_3eme_trimestre_2022_-_onatel_bf.pdf,1252440,2026-07-08T19:33:56.918733+00:00,rapports-2022
e77afd03c9cd6ea4a65af32fa32215195447e5e72afaa6d023187e9db3037d18,rapport,2022,https://www.brvm.org/sites/default/files/20221028_-_rapport_dactivite_-_3eme_trimestre_2022_-_sonatel_sn.pdf,99414a95_20221028_-_rapport_dactivite_-_3eme_trimestre_2022_-_sonatel_sn.pdf,375000,2026-07-08T19:34:07.667742+00:00,rapports-2022
3ee5182b248a0aa8fa6966570460d14813aa6f609cb9eab0491e50286e87e004,rapport,2022,https://www.brvm.org/sites/default/files/20220725_-_resultats_financiers_-_1er_semestre_2022_-_sonatel_sn_annule_et_remplace_le_precedent.pdf,2b0bd38e_20220725_-_resultats_financiers_-_1er_semestre_2022_-_sonatel_sn_annule_et_remplace_le_precedent.pdf,8910996,2026-07-08T19:34:19.414415+00:00,rapports-2022
4c9645d3df1e64a72ba94abe5f369a2fcbbd16de32fa9dea05a15aa5828a3805,rapport,2026,https://www.brvm.org/sites/default/files/20260518_-_etats_financiers_-_exercice_2025_-_sucrivoire_ci_annule_et_remplace_le_precedent.pdf,177c2cee_20260518_-_etats_financiers_-_exercice_2025_-_sucrivoire_ci_annule_et_remplace_le_precedent.pdf,439641,2026-07-08T19:34:43.428633+00:00,rapports-2026
41f7ae8e047b389905c12d768a0a8c9fb28ac8d6db61919432c4a556499b8cfd,rapport,2026,https://www.brvm.org/sites/default/files/20260430_-_etats_financiers_ifrs_-_exercice_2025_-_sucrivoire_ci_0.pdf,d512227a_20260430_-_etats_financiers_ifrs_-_exercice_2025_-_sucrivoire_ci_0.pdf,429074,2026-07-08T19:34:54.156266+00:00,rapports-2026
7205e9d88e378ceb8068b23624f96897ce347081370912c982f6bbb27f709a08,rapport,2026,https://www.brvm.org/sites/default/files/20260430_-_etats_financiers_syscohada_-_exercice_2025_-_sucrivoire_ci.pdf,3c1125fc_20260430_-_etats_financiers_syscohada_-_exercice_2025_-_sucrivoire_ci.pdf,212157,2026-07-08T19:35:04.782187+00:00,rapports-2026
ac01611f378b95de57e138a3aabf0764cb76d3ed4da91685cc69759a5c9dccef,rapport,2025,https://www.brvm.org/sites/default/files/20251103_-_rapport_dactivites_-_1er_semestre_2025_-_sucrivoire_ci.pdf,2ba7bbaf_20251103_-_rapport_dactivites_-_1er_semestre_2025_-_sucrivoire_ci.pdf,1031118,2026-07-08T19:35:15.798468+00:00,rapports-2025
a3b97cdb5c04acc73e7d00d8fca6dd65c57cd1d26180c57fc3eac9f0716818e6,rapport,2025,https://www.brvm.org/sites/default/files/20250616_-_rapport_dactivites_-_1er_trimestre_2025_-_sucrivoire_ci.pdf,72506bcc_20250616_-_rapport_dactivites_-_1er_trimestre_2025_-_sucrivoire_ci.pdf,666604,2026-07-08T19:35:26.668325+00:00,rapports-2025
379617f6e58c1e6714da401c426d6cbf157d434d172492279475633dcd766307,rapport,2025,https://www.brvm.org/sites/default/files/20250509_-_etats_financiers_-_normes_syscohada_-_exercice_2024_-_sucrivoire_ci.pdf,3944a65d_20250509_-_etats_financiers_-_normes_syscohada_-_exercice_2024_-_sucrivoire_ci.pdf,129746,2026-07-08T19:35:37.250923+00:00,rapports-2025
f70ea119021f4aa4195dd63976fd4a2e2fd3755b50118165949fb54beb53af2c,rapport,2025,https://www.brvm.org/sites/default/files/20250212_-_rapport_dactivites_annuel_-_exercice_2024_-_sucrivoire_ci.pdf,6718f280_20250212_-_rapport_dactivites_annuel_-_exercice_2024_-_sucrivoire_ci.pdf,710330,2026-07-08T19:35:48.121384+00:00,rapports-2025
c0a62ca02339e5adeab09e4d359077dbc108db40d4b78173b494ed41daddc89a,rapport,2024,https://www.brvm.org/sites/default/files/20241218_-_rapport_dactivites_-_3eme_trimestre_2024_-_sucrivoire_ci.pdf,55f8a59d_20241218_-_rapport_dactivites_-_3eme_trimestre_2024_-_sucrivoire_ci.pdf,187759,2026-07-08T19:35:58.718521+00:00,rapports-2024
cb22d77f7e4f4a183cfe5ecae330d19e5283d18b9485c348d6ef686e0408c8bd,rapport,2024,https://www.brvm.org/sites/default/files/20241028_-_attestation_des_cacs_sur_le_rapport_dactivites_-_1er_semestre_2024_-_sucrivoire_ci.pdf,5b5c922d_20241028_-_attestation_des_cacs_sur_le_rapport_dactivites_-_1er_semestre_2024_-_sucrivoire_ci.pdf,1033245,2026-07-08T19:36:09.730660+00:00,rapports-2024
919ce9bc64be173564ffcdccd6c5206901c99bda2fbb7c51e1aa3fa119b09c71,rapport,2024,https://www.brvm.org/sites/default/files/20241028_-_rapport_dactivites_-_1er_semestre_2024_-_sucrivoire_ci.pdf,0cfbae51_20241028_-_rapport_dactivites_-_1er_semestre_2024_-_sucrivoire_ci.pdf,936642,2026-07-08T19:36:20.742204+00:00,rapports-2024
29538cde42aa5defe0c583e6873da1b9b1b8b5c04aca732e3c675f36d5758c03,rapport,2024,https://www.brvm.org/sites/default/files/20240510_-_etats_financiers_-_exercice_2023_-_sucrivoire_ci.pdf,fc2222e5_20240510_-_etats_financiers_-_exercice_2023_-_sucrivoire_ci.pdf,365722,2026-07-08T19:36:31.468895+00:00,rapports-2024
7f7aa9f5aa33f5c6e6ab30424903ad574c7e9e0393221f858e1e4620860ecf40,rapport,2024,https://www.brvm.org/sites/default/files/20240510_-_etats_financiers_ifrs_-_exercice_2023_-_sucrivoire_ci.pdf,f9d44f52_20240510_-_etats_financiers_ifrs_-_exercice_2023_-_sucrivoire_ci.pdf,1169046,2026-07-08T19:36:42.485066+00:00,rapports-2024
cc66e558b95c8c7964d3d8345903d82724bf3535a8890a5920b88aa4a59c83fd,rapport,2024,https://www.brvm.org/sites/default/files/20240510_-_rapport_dactivites_-_1er_trimestre_2024_-_sucrivoire_ci.pdf,e5bfa797_20240510_-_rapport_dactivites_-_1er_trimestre_2024_-_sucrivoire_ci.pdf,471547,2026-07-08T19:36:53.353702+00:00,rapports-2024
601c2fbc168ada787e453a4295c06891545ccebe10db0d6b30b1671b7d6b2a15,rapport,2023,https://www.brvm.org/sites/default/files/20231211_-_attestation_des_cac_sur_le_rapport_dactivites_du_1er_semestre_2023_-_sucrivoire_ci.pdf,533feda4_20231211_-_attestation_des_cac_sur_le_rapport_dactivites_du_1er_semestre_2023_-_sucrivoire_ci.pdf,181000,2026-07-08T19:37:03.938784+00:00,rapports-2023
21691237f88c5f5b4b5b41b2cea61f6e92fc91a50498044ded6326bf9dc37548,rapport,2023,https://www.brvm.org/sites/default/files/20231211_-_rapport_dactivites_-_1er_semestre_2023_-_sucrivoire_ci.pdf,bddfb841_20231211_-_rapport_dactivites_-_1er_semestre_2023_-_sucrivoire_ci.pdf,729464,2026-07-08T19:37:14.809048+00:00,rapports-2023
7d3c67a010c7f47df6aa2869bf4a86d80c3bc9a5739a19160761f2e6195cc175,rapport,2023,https://www.brvm.org/sites/default/files/20231211_-_rapport_dactivites_-_3eme_trimestre_2023_-_sucrivoire_ci.pdf,6d4c5b78_20231211_-_rapport_dactivites_-_3eme_trimestre_2023_-_sucrivoire_ci.pdf,1010402,2026-07-08T19:37:25.822074+00:00,rapports-2023
3394c51a3b858400387ae3c356410b0df3ad4262e8d338835b8459fe7a8b57cb,rapport,2023,https://www.brvm.org/sites/default/files/20230612_-_etats_financiers_ifrs_exercice_2022_-_sucrivoire_ci_0.pdf,bf8c702b_20230612_-_etats_financiers_ifrs_exercice_2022_-_sucrivoire_ci_0.pdf,280311,2026-07-08T19:37:36.549773+00:00,rapports-2023
006a0480eea2a15fe4664a44d24a209c1818b184d8da98c83b20f409bb0e2aae,rapport,2023,https://www.brvm.org/sites/default/files/20230612_-_etats_financiers_syscohada_exercice_2022_-_sucrivoire_ci.pdf,03fd63c8_20230612_-_etats_financiers_syscohada_exercice_2022_-_sucrivoire_ci.pdf,169844,2026-07-08T19:37:47.132980+00:00,rapports-2023
67e8f2e17c09ebda98d513c41a0f792de2b83dab24bfb223bf7cc0cc4ec8e452,rapport,2023,https://www.brvm.org/sites/default/files/20230502_-_rapport_dactivite_-_1er_trimestre_2023_-_sucrivoire_ci.pdf,2e470908_20230502_-_rapport_dactivite_-_1er_trimestre_2023_-_sucrivoire_ci.pdf,206549,2026-07-08T19:37:57.724712+00:00,rapports-2023
58ec05c482e5c99d82f4ecadd73f23b8a235a4219610e7eed71327697b87e78a,rapport,2023,https://www.brvm.org/sites/default/files/20230428_-_etats_financiers_exercice_2022_-_sucrivoire_ci.pdf,8310d519_20230428_-_etats_financiers_exercice_2022_-_sucrivoire_ci.pdf,2841560,2026-07-08T19:38:09.023423+00:00,rapports-2023
40e6b3ff3219dfd1c694a6f505745dfcdda1c57331e6ce47b02a3459d3dc2405,rapport,2026,https://www.brvm.org/sites/default/files/20260601_-_etats_financiers_approuves_-_exercice_2025_-_totalenergies_marketing_ci.pdf,f76113ea_20260601_-_etats_financiers_approuves_-_exercice_2025_-_totalenergies_marketing_ci.pdf,549217,2026-07-08T19:39:40.651831+00:00,rapports-2026
e9942a735e20c1a6d98a634adfca83af8f27476ee472629021869eab90d09782,rapport,2026,https://www.brvm.org/sites/default/files/20260422_-_rapport_dactivites_-_1er_trimestre_2026_-_totalenergies_marketing_ci.pdf,415dd8ca_20260422_-_rapport_dactivites_-_1er_trimestre_2026_-_totalenergies_marketing_ci.pdf,276383,2026-07-08T19:39:51.376814+00:00,rapports-2026
5c63eeb892410877f72cff218312a49bdaf9534ff6562bcfecfa73204e3fa834,rapport,2026,https://www.brvm.org/sites/default/files/20260331_-_etats_financiers_syscohada_-_exercice_2025_-_totalenergies_marketing_ci.pdf,1295e042_20260331_-_etats_financiers_syscohada_-_exercice_2025_-_totalenergies_marketing_ci.pdf,318420,2026-07-08T19:40:02.108897+00:00,rapports-2026
e82027b541a359116d8e589b3dc193da71dbd6aa3322098754a3b55570df6d57,rapport,2025,https://www.brvm.org/sites/default/files/20251016_-_attestation_des_commissaires_aux_comptes_sur_le_rapport_dactivites_-_1er_semestre_2025_-_totalenergies_marketing_ci.pdf,329f35e2_20251016_-_attestation_des_commissaires_aux_comptes_sur_le_rapport_dactivites_-_1er_semestre_2025_-_totalenergies_marketing_ci.pdf,528319,2026-07-08T19:40:12.977360+00:00,rapports-2025
bd4dfc95ccc66ab2a7c6ed2ca5d92404cdab0206a69f610eca3135fa77199454,rapport,2025,https://www.brvm.org/sites/default/files/20251016_-_rapport_dactivites_-_1er_semestre_2025_-_totalenergies_marketing_ci.pdf,9033f61d_20251016_-_rapport_dactivites_-_1er_semestre_2025_-_totalenergies_marketing_ci.pdf,191287,2026-07-08T19:40:23.560743+00:00,rapports-2025
a96d5c23f0574dae50759d3694e7b172ae1549665d9c5d7bbf2c7d50b33a8685,rapport,2025,https://www.brvm.org/sites/default/files/20251016_-_rapport_dactivites_-_3eme_trimestre_2025_-_totalenergies_marketing_ci.pdf,87114e48_20251016_-_rapport_dactivites_-_3eme_trimestre_2025_-_totalenergies_marketing_ci.pdf,236309,2026-07-08T19:40:34.288748+00:00,rapports-2025
0a268d176ac218bd541c72525444e07441898a824027734cfef27038a294ceda,rapport,2025,https://www.brvm.org/sites/default/files/20250430_-_rapport_dactivites_-_1er_trimestre_2025_-_totalenergies_marketing_ci_1.pdf,5767cf7a_20250430_-_rapport_dactivites_-_1er_trimestre_2025_-_totalenergies_marketing_ci_1.pdf,160290,2026-07-08T19:40:44.872276+00:00,rapports-2025
f8253e13210d0ce50f2504f5b6f5337f4493a5ea408a9246c8b320f9c189db59,rapport,2025,https://www.brvm.org/sites/default/files/20250430_-_etats_financiers_-_exercice_2024_-_totalenergies_marketing_ci.pdf,694b0d83_20250430_-_etats_financiers_-_exercice_2024_-_totalenergies_marketing_ci.pdf,155685,2026-07-08T19:40:55.455175+00:00,rapports-2025
85b9997f042ca09d020938e3e8404b6e235ef4013e1ca854771d0f11ed2e75a0,rapport,2024,https://www.brvm.org/sites/default/files/20241028_-_attestation_des_cacs_sur_le_rapport_dactivites_-_1er_semestre_2024_-_totalenergies_marketing_ci.pdf,d6076b69_20241028_-_attestation_des_cacs_sur_le_rapport_dactivites_-_1er_semestre_2024_-_totalenergies_marketing_ci.pdf,92388,2026-07-08T19:41:05.896692+00:00,rapports-2024
e89ef1a8d083a63c98d139bb98140629cea5ffcd15b2e61a6e01a9b1ed951c34,rapport,2024,https://www.brvm.org/sites/default/files/20241028_-_rapport_dactivites_-_1er_semestre_2024_et_du_3e_trimestre_-_totalenergies_marketing_ci.pdf,49a58be3_20241028_-_rapport_dactivites_-_1er_semestre_2024_et_du_3e_trimestre_-_totalenergies_marketing_ci.pdf,169178,2026-07-08T19:41:16.479981+00:00,rapports-2024
e89ef1a8d083a63c98d139bb98140629cea5ffcd15b2e61a6e01a9b1ed951c34,rapport,2024,https://www.brvm.org/sites/default/files/20241028_-_rapport_dactivites_-_1er_semestre_2024_et_du_3e_trimestre_-_totalenergies_marketing_ci_0.pdf,b7a83818_20241028_-_rapport_dactivites_-_1er_semestre_2024_et_du_3e_trimestre_-_totalenergies_marketing_ci_0.pdf,169178,2026-07-08T19:41:27.063170+00:00,rapports-2024
e89ef1a8d083a63c98d139bb98140629cea5ffcd15b2e61a6e01a9b1ed951c34,rapport,2024,https://www.brvm.org/sites/default/files/20241028_-_rapport_dactivites_-_1er_semestre_2024_et_du_3e_trimestre_-_totalenergies_marketing_ci_1.pdf,73a8b815_20241028_-_rapport_dactivites_-_1er_semestre_2024_et_du_3e_trimestre_-_totalenergies_marketing_ci_1.pdf,169178,2026-07-08T19:41:37.646019+00:00,rapports-2024
e2c811b40fbd143c454c64d62d8a160da65bd5a30a69a148a2197573d0fbaf5b,rapport,2024,https://www.brvm.org/sites/default/files/20240910_-_etats_financiers_definitifs_2023_-_totalenergies_marketing_ci.pdf,42880330_20240910_-_etats_financiers_definitifs_2023_-_totalenergies_marketing_ci.pdf,164552,2026-07-08T19:41:48.228821+00:00,rapports-2024
b1efa1e1686e5524dd51f1471ddfdddce577ab794c31c05a843ce0a667ed12e1,rapport,2024,https://www.brvm.org/sites/default/files/20240429_-_etats_financiers_provisoires_2023_rapport_dactivite_1er_trimestre_2024_-_totalenergies_marketing_ci_1.pdf,278f8f1a_20240429_-_etats_financiers_provisoires_2023_rapport_dactivite_1er_trimestre_2024_-_totalenergies_marketing_ci_1.pdf,358033,2026-07-08T19:41:58.955166+00:00,rapports-2024
f71c1e122dfe30eca0de6ddc2044ef40e281073530d1dc95adb61fdd55a88ec4,rapport,2023,https://www.brvm.org/sites/default/files/20231030_-_rapport_dactivites_-_1er_semestre_2023_-_totalenergies_marketing_ci.pdf,eb31a0ab_20231030_-_rapport_dactivites_-_1er_semestre_2023_-_totalenergies_marketing_ci.pdf,259644,2026-07-08T19:42:09.681491+00:00,rapports-2023
0b8c08cef9f9adc2bb81d5f8ab34174a811bf84a964f32ba131014f150d914ac,rapport,2023,https://www.brvm.org/sites/default/files/20230630_-_etats_financiers_certifies_et_approuves_exercice_2022_-_totalenergies_marketing_ci.pdf,57a6354b_20230630_-_etats_financiers_certifies_et_approuves_exercice_2022_-_totalenergies_marketing_ci.pdf,167570,2026-07-08T19:42:20.266029+00:00,rapports-2023
80d09ed8167af71ffcb97da9fd13f994d1069ada06fc00b2903674a997fb76bb,rapport,2023,https://www.brvm.org/sites/default/files/20230427_-_etats_financiers_exercice_2022_-_totalenergies_marketing_ci.pdf,8c452eec_20230427_-_etats_financiers_exercice_2022_-_totalenergies_marketing_ci.pdf,375443,2026-07-08T19:42:30.996074+00:00,rapports-2023
382ad3997779adf4f142abf5f29e33112adff159ffc388b087dd714ce863ffe5,rapport,2023,https://www.brvm.org/sites/default/files/20230427_-_rapport_dactivite_-_1er_trimestre_2023_-_totalenergies_marketing_ci.pdf,5d15f2b7_20230427_-_rapport_dactivite_-_1er_trimestre_2023_-_totalenergies_marketing_ci.pdf,663444,2026-07-08T19:42:41.883624+00:00,rapports-2023
f95d7f5047883d0f2c9bdab92bcabf8573c9adad5f5e3d09b0ffe1bd12c9fae4,rapport,2022,https://www.brvm.org/sites/default/files/20221102_-_attestation_des_commissaires_aux_comptes_-_1er_semestre_2022_-_total_ci.pdf,a0599364_20221102_-_attestation_des_commissaires_aux_comptes_-_1er_semestre_2022_-_total_ci.pdf,365237,2026-07-08T19:42:52.734250+00:00,rapports-2022
a3c4483bf114e9865e1b625f658c2f9c31c73a5cf23d8fec38fd08b760149bd2,rapport,2022,https://www.brvm.org/sites/default/files/20221102_-_rapport_dactivite_-_3eme_trimestre_2022_-_total_ci.pdf,5748b6a8_20221102_-_rapport_dactivite_-_3eme_trimestre_2022_-_total_ci.pdf,169293,2026-07-08T19:43:03.319594+00:00,rapports-2022
22cfbb09abd9b9136f7deebe5b81310b1272f4d31de99a37d03b5c69b7464dc9,rapport,2026,https://www.brvm.org/sites/default/files/20260430_-_etats_financiers_ifrs_-_exercice_2025_-_totalenergies_marketing_sn.pdf,93827ef3_20260430_-_etats_financiers_ifrs_-_exercice_2025_-_totalenergies_marketing_sn.pdf,1107038,2026-07-08T19:43:26.461367+00:00,rapports-2026
37ea478caa43f4cbf645eec7e6e38c4d37118a016c7ab1375d3d70616938d292,rapport,2026,https://www.brvm.org/sites/default/files/20260430_-_etats_financiers_syscohada_-_exercice_2025_-_totalenergies_marketing_sn.pdf,2b8d03a8_20260430_-_etats_financiers_syscohada_-_exercice_2025_-_totalenergies_marketing_sn.pdf,1220004,2026-07-08T19:43:37.484600+00:00,rapports-2026
6f4274477fc7bc9a46cb32f19e11b77295148acdc5b5a83301925187ae2feae7,rapport,2026,https://www.brvm.org/sites/default/files/20260430_-_rapport_dactivites_-_1er_trimestre_2026_-_totalenergies_marketing_sn.pdf,b5414638_20260430_-_rapport_dactivites_-_1er_trimestre_2026_-_totalenergies_marketing_sn.pdf,865212,2026-07-08T19:43:48.496431+00:00,rapports-2026
6551d7606785060af846d54fcbbac18ac406834548f9b6b36276728129579232,rapport,2025,https://www.brvm.org/sites/default/files/20251031_-_rapport_dactivites_-_3eme_trimestre_2025_-_totalenergies_marketing_sn.pdf,045c8abc_20251031_-_rapport_dactivites_-_3eme_trimestre_2025_-_totalenergies_marketing_sn.pdf,258798,2026-07-08T19:43:59.222293+00:00,rapports-2025
8d1c6fc77ca58b058660a748708653184068f8a03f331ebe2b77220647b00a67,rapport,2025,https://www.brvm.org/sites/default/files/20251031_-_rapport_dactivites_-_1er_semestre_2025_-_totalenergies_marketing_sn.pdf,2c2c74f4_20251031_-_rapport_dactivites_-_1er_semestre_2025_-_totalenergies_marketing_sn.pdf,266377,2026-07-08T19:44:09.948248+00:00,rapports-2025
5901f07f3a3445a154196334dc3dceff092f85c7b8374bf3fc77e5bee8ede655,rapport,2025,https://www.brvm.org/sites/default/files/20250610_-_rapport_annuel_-_exercice_2024_-_totalenergies_marketing_sn.pdf,736ecad5_20250610_-_rapport_annuel_-_exercice_2024_-_totalenergies_marketing_sn.pdf,16027594,2026-07-08T19:44:21.993673+00:00,rapports-2025
7a421c6da5a67c2629c310c24ea31cd311fc9afcb3b31356577fcce5b06b5f01,rapport,2025,https://www.brvm.org/sites/default/files/20250502_-_etats_financiers_-_norme_ifrs_-_exercice_2024_-_totalenergies_marketing_sn.pdf,49ceaaa9_20250502_-_etats_financiers_-_norme_ifrs_-_exercice_2024_-_totalenergies_marketing_sn.pdf,1117676,2026-07-08T19:44:33.013470+00:00,rapports-2025
6e80be0f451df16f59e854732e8e3ce087927cf5dae29e14bc785ae3cc9f4251,rapport,2025,https://www.brvm.org/sites/default/files/20250502_-_etats_financiers_-_norme_syscohada_-_exercice_2024_-_totalenergies_marketing_sn.pdf,5f3fdb42_20250502_-_etats_financiers_-_norme_syscohada_-_exercice_2024_-_totalenergies_marketing_sn.pdf,1126563,2026-07-08T19:44:44.029901+00:00,rapports-2025
4d80295c5e090aa177f764f7ad291798a059b218137662d8142bbc0acd649849,rapport,2025,https://www.brvm.org/sites/default/files/20250502_-_rapport_dactivites_-_1er_trimestre_2025_-_totalenergies_marketing_sn.pdf,2ac9413b_20250502_-_rapport_dactivites_-_1er_trimestre_2025_-_totalenergies_marketing_sn.pdf,531239,2026-07-08T19:44:54.899605+00:00,rapports-2025
e8654040c00f9126fff315214d13959023681f84baf45f306c9a114ae2f6610c,rapport,2024,https://www.brvm.org/sites/default/files/20241104_-_attestation_des_cacs_sur_le_rapport_dactivites_-_1er_semestre_2024_-_totalenergies_marketing_sn.pdf,890483ed_20241104_-_attestation_des_cacs_sur_le_rapport_dactivites_-_1er_semestre_2024_-_totalenergies_marketing_sn.pdf,1397306,2026-07-08T19:45:06.062701+00:00,rapports-2024
e4c102ac8587442d0d0f7118fca2b43e14e0af288facbf305ecc006f82d1c70b,rapport,2024,https://www.brvm.org/sites/default/files/20241031_-_rapport_dactivites_-_3eme_trimestre_2024_-_totalenergies_marketing_sn.pdf,ed4749c7_20241031_-_rapport_dactivites_-_3eme_trimestre_2024_-_totalenergies_marketing_sn.pdf,609387,2026-07-08T19:45:16.935128+00:00,rapports-2024
b3eb30b8280b687e0dacc912a81d91ca67fee94400ffbe68144f60762a15c679,rapport,2024,https://www.brvm.org/sites/default/files/20241031_-_rapport_dactivites_atteste_par_les_cacs_-_1er_semestre_2024_-_totalenergies_marketing_sn.pdf,e26e2807_20241031_-_rapport_dactivites_atteste_par_les_cacs_-_1er_semestre_2024_-_totalenergies_marketing_sn.pdf,862647,2026-07-08T19:45:27.968584+00:00,rapports-2024
3eb7a77e7eda949aa75c09ab18621475b7f201c1ee23b0c4bee472ca65d7ec36,rapport,2024,https://www.brvm.org/sites/default/files/20240430_-_rapport_dactivites_-_1er_trimestre_2024_-_totalenergies_marketing_senegal.pdf,01bf31e8_20240430_-_rapport_dactivites_-_1er_trimestre_2024_-_totalenergies_marketing_senegal.pdf,107422,2026-07-08T19:45:38.551350+00:00,rapports-2024
1d306935785dab7e52b60ee9694c1d9e4958c41f5aaf1362fa6811fc4c4fa50b,rapport,2024,https://www.brvm.org/sites/default/files/20240430_-_etats_financiers_consolides_ifrs_-_exercice_2023_-_totalenergies_marketing_senegal.pdf,ebfab268_20240430_-_etats_financiers_consolides_ifrs_-_exercice_2023_-_totalenergies_marketing_senegal.pdf,223416,2026-07-08T19:45:49.306653+00:00,rapports-2024
6f433386cad31b2dd2e295893a32645889ba847bf69ade9c5901558777029fc6,rapport,2024,https://www.brvm.org/sites/default/files/20240430_-_etats_financiers_-_exercice_2023_-_totalenergies_marketing_senegal.pdf,a10304a3_20240430_-_etats_financiers_-_exercice_2023_-_totalenergies_marketing_senegal.pdf,310131,2026-07-08T19:46:00.038743+00:00,rapports-2024
576c75ba6fc14b9ca53e9070429a44a4010cca36ea942bbc5c3baa153ee30b15,rapport,2023,https://www.brvm.org/sites/default/files/20231106_-_attestation_des_cac_sur_le_rapport_dactivites_du_1er_semestre_2023_-_totalenergies_marketing_senegal.pdf,d53511c2_20231106_-_attestation_des_cac_sur_le_rapport_dactivites_du_1er_semestre_2023_-_totalenergies_marketing_senegal.pdf,874420,2026-07-08T19:46:11.507477+00:00,rapports-2023
9b50beff23f55e43c18afb835f608675237e9ad8c9ba9ea8127a6371684fcf3a,rapport,2026,https://www.brvm.org/sites/default/files/20260615_-_rapport_dactivites_annuel_-_exercice_2025_-_totalenergies_marketing_sn.pdf,b11a318b_20260615_-_rapport_dactivites_annuel_-_exercice_2025_-_totalenergies_marketing_sn.pdf,9097388,2026-07-08T21:07:48.641167+00:00,rapports-2026
7a35346586f2a8e9ccc5833437ee2d22cb8cad1054791807a3766061e7457f3a,rapport,2026,https://www.brvm.org/sites/default/files/20260430_-_etats_financiers_-_exercice_2025_-_tractafric_motors_ci.pdf,8f0de31a_20260430_-_etats_financiers_-_exercice_2025_-_tractafric_motors_ci.pdf,1298750,2026-07-08T21:09:28.551493+00:00,rapports-2026
c689ed50769337c30a56e1fabde0df2d361d7cba5e4bfa5f3f9323231b0e5ec3,rapport,2025,https://www.brvm.org/sites/default/files/20251030_-_rapport_dactivites_-_1er_semestre_2025_-_tractafric_motors_ci.pdf,0559f8fe_20251030_-_rapport_dactivites_-_1er_semestre_2025_-_tractafric_motors_ci.pdf,814707,2026-07-08T21:09:39.188497+00:00,rapports-2025
c5175f838afaaed295c775428415a24dbc969604910914a7c176621204645a2e,rapport,2025,https://www.brvm.org/sites/default/files/20251030_-_etats_financiers_-_1er_semestre_2025_-_tractafric_motors_ci.pdf,e6ac7a64_20251030_-_etats_financiers_-_1er_semestre_2025_-_tractafric_motors_ci.pdf,1015364,2026-07-08T21:09:49.819128+00:00,rapports-2025
53247bd5800dccde3d233f4c88df4f6b47c834f8086e6265d8d3b5a70f211e43,rapport,2025,https://www.brvm.org/sites/default/files/20251030_-_etats_financiers_-_3eme_trimestre_2025_-_tractafric_motors_ci.pdf,182c5e1c_20251030_-_etats_financiers_-_3eme_trimestre_2025_-_tractafric_motors_ci.pdf,972070,2026-07-08T21:10:00.448188+00:00,rapports-2025
f759ef6f867a5f9ab261836b1f54dfdc7c7ba1ed825460a9431ccefb83d3b555,rapport,2025,https://www.brvm.org/sites/default/files/20251001_-_rapport_dactivites_-_1er_trimestre_2025_-_tractafric_motors_ci.pdf,a5704d42_20251001_-_rapport_dactivites_-_1er_trimestre_2025_-_tractafric_motors_ci.pdf,543231,2026-07-08T21:10:10.987640+00:00,rapports-2025
a8166b7149b5333948eaa8bf8562435605c7f0141614b9a12a5da26ed7902759,rapport,2025,https://www.brvm.org/sites/default/files/20250613_-_etats_financiers_-_normes_ifrs_-_exercice_2024_-_tractafric_motors_ci.pdf,41c8923a_20250613_-_etats_financiers_-_normes_ifrs_-_exercice_2024_-_tractafric_motors_ci.pdf,686931,2026-07-08T21:10:21.528677+00:00,rapports-2025
e654d6b0c512661674e046b1f58d5308409d8d81ed0436485087bbd604c27d9d,rapport,2025,https://www.brvm.org/sites/default/files/20250613_-_etats_financiers_-_exercices_2018-2023_-_tractafric_motors_ci.pdf,367f06a6_20250613_-_etats_financiers_-_exercices_2018-2023_-_tractafric_motors_ci.pdf,684730,2026-07-08T21:10:32.068848+00:00,rapports-2025
521a9634dc4003d716a2f41e058bf0f43392cca539c395ee57947031ed51e2e2,rapport,2025,https://www.brvm.org/sites/default/files/20250430_-_etats_financiers_-_exercice_2024_-_tractafric_motors_ci.pdf,210edd2f_20250430_-_etats_financiers_-_exercice_2024_-_tractafric_motors_ci.pdf,286119,2026-07-08T21:10:42.520582+00:00,rapports-2025
8d39be3d4f888a1c702c04efe21fca943a98c74a65cb1e2655b5faa993897612,rapport,2024,https://www.brvm.org/sites/default/files/20241031_-_etats_financiers_-_1er_semestre_2024_-_tractafric_motors_ci.pdf,a07a8cac_20241031_-_etats_financiers_-_1er_semestre_2024_-_tractafric_motors_ci.pdf,145953,2026-07-08T21:10:52.882842+00:00,rapports-2024
f324aeda102643fa8279ce98b6e15e8997da89ef9a3cf441a9ea95c0b978fa66,rapport,2024,https://www.brvm.org/sites/default/files/20240904_-_rapport_dactivites_-_1er_trimestre_2024_-_tractafric_motors_ci.pdf,af8de066_20240904_-_rapport_dactivites_-_1er_trimestre_2024_-_tractafric_motors_ci.pdf,539353,2026-07-08T21:11:03.422097+00:00,rapports-2024
54996ba5f9bb4be18b42129011aa68d44a30b3ad0f5b393e90f62c966a54b5b2,rapport,2024,https://www.brvm.org/sites/default/files/20240530_-_etats_financiers_-_exercice_2023_-_tractafric_motors_ci_annule_et_remplace_le_precedent.pdf,2adefc2f_20240530_-_etats_financiers_-_exercice_2023_-_tractafric_motors_ci_annule_et_remplace_le_precedent.pdf,176741,2026-07-08T21:11:13.784607+00:00,rapports-2024
c55474bd2906c60db0200f60ac415482db5c55baf34a68a4b27c5ce96f84b7dc,rapport,2024,https://www.brvm.org/sites/default/files/20240529_-_etats_financiers_-_exercice_2023_-_tractafric_motors_ci.pdf,7322521d_20240529_-_etats_financiers_-_exercice_2023_-_tractafric_motors_ci.pdf,850439,2026-07-08T21:11:24.414154+00:00,rapports-2024
62a449b3465e3c7bf676b42102990658e6b27ecb4e51f54652b64988964ee036,rapport,2024,https://www.brvm.org/sites/default/files/20240417_-_rapport_dactivites_-_3eme_trimestre_2023_-_tractafric_motors_ci.pdf,a11116a0_20240417_-_rapport_dactivites_-_3eme_trimestre_2023_-_tractafric_motors_ci.pdf,532226,2026-07-08T21:11:34.953050+00:00,rapports-2024
641b7175f53b4f1ac42444b9a3ac2c865441ca86fb2c40a3bc360d8a468e1dc3,rapport,2023,https://www.brvm.org/sites/default/files/20231102_-_attestation_des_cac_sur_le_rapport_dactivites_du_1er_semestre_2023_-_tractafric_motors_ci.pdf,fe9e2d79_20231102_-_attestation_des_cac_sur_le_rapport_dactivites_du_1er_semestre_2023_-_tractafric_motors_ci.pdf,114390,2026-07-08T21:11:45.334349+00:00,rapports-2023
1c6d354363938821d0a0af07b8e6700250bacb372b4995690ea7a44bec57dd43,rapport,2023,https://www.brvm.org/sites/default/files/20231102_-_compte_de_resultats_-_1er_semestre_2023_-_tractafric_motors_ci.pdf,75b8a5a9_20231102_-_compte_de_resultats_-_1er_semestre_2023_-_tractafric_motors_ci.pdf,203992,2026-07-08T21:11:55.697711+00:00,rapports-2023
5b1c6f2e5e8fa28a33c9c4475db50a33ac87f6278600a1525c7fb7127e140e05,rapport,2023,https://www.brvm.org/sites/default/files/20231102_-_rapport_dactivites_-_1er_semestre_2023_-_tractafric_motors_ci.pdf,e3581917_20231102_-_rapport_dactivites_-_1er_semestre_2023_-_tractafric_motors_ci.pdf,552867,2026-07-08T21:12:06.236060+00:00,rapports-2023
0542dae86a42af3cc96fbf23461966ee0d5d2d41f40ac0cd7a4ada88d42c15bd,rapport,2023,https://www.brvm.org/sites/default/files/20231024_-_rapport_dactivites_-_1er_semestre_2023_-_tractafric_motors_ci.pdf,43880e57_20231024_-_rapport_dactivites_-_1er_semestre_2023_-_tractafric_motors_ci.pdf,563221,2026-07-08T21:12:16.787599+00:00,rapports-2023
febc6bdcf38e0fc2678e4a045dd1a351d078a1ddb06a58b78e479518662da269,rapport,2023,https://www.brvm.org/sites/default/files/20230803_-_etats_financiers_certifies_et_approuves_-_exercice_2022_-_tractafric_motors_ci.pdf,d391f0a4_20230803_-_etats_financiers_certifies_et_approuves_-_exercice_2022_-_tractafric_motors_ci.pdf,204307,2026-07-08T21:12:27.150364+00:00,rapports-2023
92aaa374e32d8a15e48799b1fe0c2872d0c1ed77bd68fa90c80125981e6de70e,rapport,2023,https://www.brvm.org/sites/default/files/20230615_-_tractafric_motors_ci_-_rapport_dactivites_t1_2023.pdf,45be42d7_20230615_-_tractafric_motors_ci_-_rapport_dactivites_t1_2023.pdf,531682,2026-07-08T21:12:37.701567+00:00,rapports-2023
749d3c38021e8e8bb557d6584a2b8ad4dd53b46995625cb4257bdd7fb452dfe0,rapport,2023,https://www.brvm.org/sites/default/files/20230608_-_etats_financiers_exercice_2022_-_tractafric_motors_ci.pdf,4a20615d_20230608_-_etats_financiers_exercice_2022_-_tractafric_motors_ci.pdf,582064,2026-07-08T21:12:48.242222+00:00,rapports-2023
8bca6f316b11972eb3e9f7de98563074d4d1be69c9a42788b0463b174bc9a0bc,rapport,divers,https://www.brvm.org/sites/default/files/20091016_-_ra_-_trituraf_ci_-_exercice_2004.pdf,080b112e_20091016_-_ra_-_trituraf_ci_-_exercice_2004.pdf,11000341,2026-07-08T21:13:22.420622+00:00,rapports-divers
9a2b0e7f3190789ab40cf58469ea0882a223def4fb6a606ead971e46f0080c2d,rapport,divers,https://www.brvm.org/sites/default/files/20090925_-_ra_-_trituraf_ci_-_exercice_2003.pdf,b0899d1e_20090925_-_ra_-_trituraf_ci_-_exercice_2003.pdf,11504665,2026-07-08T21:13:33.716139+00:00,rapports-divers
ad951a22a73a086e85e17cab237fa0288f6d2c126f991b1dc9f9a7dae11ea2a8,rapport,divers,https://www.brvm.org/sites/default/files/20090925_-_ra_-_trituraf_ci_-_exercice_2002.pdf,39cd6a08_20090925_-_ra_-_trituraf_ci_-_exercice_2002.pdf,12561707,2026-07-08T21:13:44.984663+00:00,rapports-divers
8489c101fe8ce3dfc6ff04c2b5836e1924490f7b7b87df04e2cd1ffd94d53f84,rapport,divers,https://www.brvm.org/sites/default/files/20090918_-_efp_-_trituraf_ci_-_exercice_2004.pdf,2d900732_20090918_-_efp_-_trituraf_ci_-_exercice_2004.pdf,49279,2026-07-08T21:13:55.261403+00:00,rapports-divers
7dc7a5424de359dbdc4c0a1b5f62f618fbd91013110851b2deab402035a2a314,rapport,divers,https://www.brvm.org/sites/default/files/20090530_-_ra_-_trituraf_ci_-_exercice_1998.pdf,4ae5528b_20090530_-_ra_-_trituraf_ci_-_exercice_1998.pdf,1380865,2026-07-08T21:14:05.979646+00:00,rapports-divers
4752882d212eebdd0dd3d29bbaa1d8fcbf501d9977449add625757112767793d,rapport,divers,https://www.brvm.org/sites/default/files/20090530_-_ra_-_trituraf_ci_-_exercice_1999.pdf,95c12c91_20090530_-_ra_-_trituraf_ci_-_exercice_1999.pdf,2458963,2026-07-08T21:14:16.782433+00:00,rapports-divers
3380d62599705c23407501b9a6895d5902689b354599317f9c88232c8e245645,rapport,divers,https://www.brvm.org/sites/default/files/20090530_-_ra_-_trituraf_ci_-_exercice_2000.pdf,4ae2a046_20090530_-_ra_-_trituraf_ci_-_exercice_2000.pdf,2807417,2026-07-08T21:14:27.646982+00:00,rapports-divers
997cc51c474374327e464a66880a9c9b0ac349ed0afdbbeb70721f6c00bc849d,rapport,divers,https://www.brvm.org/sites/default/files/20090530_-_ra_-_trituraf_ci_-_exercice_2001.pdf,a6b47d65_20090530_-_ra_-_trituraf_ci_-_exercice_2001.pdf,1616015,2026-07-08T21:14:38.413781+00:00,rapports-divers
3ff3b60738a5f3f67eaa91acb1474c670847ec8e37690b5456b89c68a32c109e,rapport,2024,https://www.brvm.org/sites/default/files/20240904_-_etats_financiers_-_exercice_2023_-_unilever_ci.pdf,4cfb5605_20240904_-_etats_financiers_-_exercice_2023_-_unilever_ci.pdf,369491,2026-07-08T21:15:11.121982+00:00,rapports-2024
36e6f516c88c313d077c5a93d1ff85f58a945ad122a4ed00695eb8bd815b4754,rapport,2023,https://www.brvm.org/sites/default/files/20230503_-_etats_financiers_exercice_2022_-_unilever_ci.pdf,8147851b_20230503_-_etats_financiers_exercice_2022_-_unilever_ci.pdf,490206,2026-07-08T21:15:21.696108+00:00,rapports-2023
9dcfd4e49666c3e8e83892e1e4ac22e5220445e28f1443d33e7d534d7a1b0ecf,rapport,2023,https://www.brvm.org/sites/default/files/20230503_-_rapport_dactivite_provisoire_exercice_2022_-_unilever_ci.pdf,a6005813_20230503_-_rapport_dactivite_provisoire_exercice_2022_-_unilever_ci.pdf,156705,2026-07-08T21:15:32.083463+00:00,rapports-2023
380f872419fb53da11dc9d314e102bbf07c31bffd9d27b8a15b93c7e6206d156,rapport,2023,https://www.brvm.org/sites/default/files/20230503_-_rapport_dactivite_-_1er_trimestre_2023_-_unilever_ci.pdf,5c5a90be_20230503_-_rapport_dactivite_-_1er_trimestre_2023_-_unilever_ci.pdf,973953,2026-07-08T21:15:42.754202+00:00,rapports-2023
a8870926eecbb2c91babaf1f812dd01fec6b2432c575ee492357dde879669b08,rapport,2022,https://www.brvm.org/sites/default/files/20220520_-_etats_financiers_exercice_2021_-_unilever_ci.pdf,0916a313_20220520_-_etats_financiers_exercice_2021_-_unilever_ci.pdf,338927,2026-07-08T21:15:53.235911+00:00,rapports-2022
29932a0fa84b356b4beb11ed04fa6769c25f7811bd821e0d693ad86d24af8320,rapport,2022,https://www.brvm.org/sites/default/files/20220509_-_rapport_dactivites_annuel_exercice_2021_-_unilever_ci.pdf,81340203_20220509_-_rapport_dactivites_annuel_exercice_2021_-_unilever_ci.pdf,1259252,2026-07-08T21:16:03.905934+00:00,rapports-2022
92db1d674b7e21d7f398d13fa2ddc2a063c4a4faf8b9fb678ab408b0f1f23d91,rapport,2022,https://www.brvm.org/sites/default/files/20220509_-_rapport_dactivites_-_1er_trimestre_2022_-_unilever_ci.pdf,21c1a11b_20220509_-_rapport_dactivites_-_1er_trimestre_2022_-_unilever_ci.pdf,1106126,2026-07-08T21:16:14.591491+00:00,rapports-2022
ce866361e7ddd33e9034eaae8bf9e0812489644fd0354b4a714c62608e7f4885,rapport,2022,https://www.brvm.org/sites/default/files/20220210_-_rapport_annuel_exercice_2020_-_unilever_ci.pdf,3073246c_20220210_-_rapport_annuel_exercice_2020_-_unilever_ci.pdf,1830050,2026-07-08T21:16:25.356060+00:00,rapports-2022
b80b733f64f0bf6524c9e8a3f567c3911a98108aec8e38a52fe03dde276674c3,rapport,2022,https://www.brvm.org/sites/default/files/20220210_-_rapport_des_commissaires_aux_comptes_au_conseil_dadministration_exercice_2020_-_unilever_ci.pdf,1ae869c0_20220210_-_rapport_des_commissaires_aux_comptes_au_conseil_dadministration_exercice_2020_-_unilever_ci.pdf,2317471,2026-07-08T21:16:36.125061+00:00,rapports-2022
322eadbb5eda8b1f86bf2a435c75be2df500feb1fee5a88c61970a477c20c641,rapport,2021,https://www.brvm.org/sites/default/files/20210430_-_etats_financiers_-_exercice_2020_-_unilever_ci.pdf,1dfbed91_20210430_-_etats_financiers_-_exercice_2020_-_unilever_ci.pdf,186397,2026-07-08T21:16:46.605495+00:00,rapports-2021
e910a2164613392e337869f60361af5d646b030433b442f16a2e723b1734f56f,rapport,2021,https://www.brvm.org/sites/default/files/20210430_-_rapport_dactivite_exercice_2020_-_unilever_ci.pdf,bc93ce9e_20210430_-_rapport_dactivite_exercice_2020_-_unilever_ci.pdf,2142856,2026-07-08T21:16:57.375603+00:00,rapports-2021
4826b10348659aaecc2322af9a4ffa570e7169be4cd2bc606ffe9143af561e8b,rapport,2021,https://www.brvm.org/sites/default/files/20210430_-_rapport_dactivites_au_1er_trimestre_2021_-_unilever_ci.pdf,17ad1521_20210430_-_rapport_dactivites_au_1er_trimestre_2021_-_unilever_ci.pdf,1218466,2026-07-08T21:17:08.067500+00:00,rapports-2021
f37b12ef478985a27c6d71654b25dc4fb46b97df9547f0e85eaa7250a73db956,rapport,2019,https://www.brvm.org/sites/default/files/rapport_dactivite_31122019_unilever_ci_non_audite.version_finale.pdf,ba4dd77b_rapport_dactivite_31122019_unilever_ci_non_audite.version_finale.pdf,169236,2026-07-08T21:17:18.454393+00:00,rapports-2019
1da96e35db24876be5461c60a44146f7c45c8536840a967793c0cbaf2f32da27,rapport,2020,https://www.brvm.org/sites/default/files/20200504_-_rapport_dactivite_du_1er_trimestre_2020_-_unilever_ci.pdf,46f692e7_20200504_-_rapport_dactivite_du_1er_trimestre_2020_-_unilever_ci.pdf,150773,2026-07-08T21:17:28.853775+00:00,rapports-2020
b4253d79198e39970adc6c96966bb80a4d25a2ddda912fbcc526d4c2c811df41,rapport,2019,https://www.brvm.org/sites/default/files/attestation_unilever_ci_-_30_juin_2019.pdf,d285a090_attestation_unilever_ci_-_30_juin_2019.pdf,659832,2026-07-08T21:17:39.427829+00:00,rapports-2019
ca1707f6a1c4bffa227927f0551f71dbae9871844cc6a36f395be9585bcb3d15,rapport,2019,https://www.brvm.org/sites/default/files/20190502_-_rapport_dactivites_annuel_2018_-unilever_ci.pdf,71e7f009_20190502_-_rapport_dactivites_annuel_2018_-unilever_ci.pdf,199485,2026-07-08T21:17:49.815355+00:00,rapports-2019
7663abd86e904f57a2f48085e336e342604d43fda89b8f6ee04645e21347c7e7,rapport,2019,https://www.brvm.org/sites/default/files/20190502_-_rapport_dactivites_du_1er_trimestre_2019_-_unilever_ci.pdf,5c396a3c_20190502_-_rapport_dactivites_du_1er_trimestre_2019_-_unilever_ci.pdf,165674,2026-07-08T21:18:00.203325+00:00,rapports-2019
5d677f552fc4ec609ff39096d5a2a9690be50e0b8e2bf598d46feca0d8a87db3,rapport,2017,https://www.brvm.org/sites/default/files/publication_1er_trimestre_2017.pdf,f7187b92_publication_1er_trimestre_2017.pdf,342815,2026-07-08T21:18:31.686347+00:00,rapports-2017
57c48b437fa4a0f5b1fc99c5bde5d66276b0516c4756301ae8203428f0cafe63,rapport,2025,https://www.brvm.org/sites/default/files/20251031_-_rapport_dactivites_-_3eme_trimestre_2025_-_uniwax_ci.pdf,967b8e9b_20251031_-_rapport_dactivites_-_3eme_trimestre_2025_-_uniwax_ci.pdf,991131,2026-07-08T21:19:04.988381+00:00,rapports-2025
461184320e5c24b17e7dcca993ba267468c7c39ac420353137ee3297b42f3ee5,rapport,2025,https://www.brvm.org/sites/default/files/20251031_-_rapport_dactivites_-_1er_semestre_2025_-_uniwax_ci.pdf,fa37c25d_20251031_-_rapport_dactivites_-_1er_semestre_2025_-_uniwax_ci.pdf,873238,2026-07-08T21:19:15.655731+00:00,rapports-2025
dfdfc7fc000102581a645aa9b81ae6a1b5c9ec871878defa0fa3f64ced5badba,rapport,2025,https://www.brvm.org/sites/default/files/20250918_-_rapport_dactivites_-_1er_semestre_2025_-_uniwax_ci.pdf,cd657c8f_20250918_-_rapport_dactivites_-_1er_semestre_2025_-_uniwax_ci.pdf,989144,2026-07-08T21:19:26.331028+00:00,rapports-2025
38eb427a44a401a808592e15e9b9547ae369e696478cce6df03bae08cfd1431e,rapport,2025,https://www.brvm.org/sites/default/files/20250828_-_etats_financiers_-_exercice_2024_-_uniwax_ci.pdf,cf92b8ce_20250828_-_etats_financiers_-_exercice_2024_-_uniwax_ci.pdf,515611,2026-07-08T21:19:36.907194+00:00,rapports-2025
49049e6ea28c60e42d7f94aa998d1df15c032b6056fc31ba077ffa93a99b9235,rapport,2025,https://www.brvm.org/sites/default/files/20250429_-_rapport_dactivites_-_1er_trimestre_2025_-_uniwax_ci.pdf,7857d723_20250429_-_rapport_dactivites_-_1er_trimestre_2025_-_uniwax_ci.pdf,233389,2026-07-08T21:19:47.387179+00:00,rapports-2025
1a9e88f1e200626251f22e11b62b4324e5df04baa7489909a0271c474276b000,rapport,2024,https://www.brvm.org/sites/default/files/20241111_-_attestation_des_cacs_sur_le_rapport_dactivites_-_1er_semestre_2024_-_uniwax_ci.pdf,e65fd177_20241111_-_attestation_des_cacs_sur_le_rapport_dactivites_-_1er_semestre_2024_-_uniwax_ci.pdf,1851874,2026-07-08T21:19:58.149618+00:00,rapports-2024
3eedc4589d116b0df4175d9b48661d3029da68924c3e85ab8e21826581c938a9,rapport,2024,https://www.brvm.org/sites/default/files/20241031_-_rapport_dactivites_-_1er_semestre_2024_-_uniwax_ci.pdf,2dec3d73_20241031_-_rapport_dactivites_-_1er_semestre_2024_-_uniwax_ci.pdf,169243,2026-07-08T21:20:08.555749+00:00,rapports-2024
9ae6a250c974184ed42c25d667bf785b6ba4543c97d35e02bc88c089f329cf2a,rapport,2024,https://www.brvm.org/sites/default/files/20241031_-_rapport_dactivites_-_3eme_trimestre_2024_-_uniwax_ci.pdf,3a4a0e34_20241031_-_rapport_dactivites_-_3eme_trimestre_2024_-_uniwax_ci.pdf,142550,2026-07-08T21:20:18.963918+00:00,rapports-2024
4a832d1aac81b30097e97d31e0bdae9bc6be3b0c9146efd4471a4859dcf2a42c,rapport,2024,https://www.brvm.org/sites/default/files/20240430_-_etats_financiers_de_synthese_projets_daffectation_non_verifies_par_les_cac_-_exercice_2023_-_uniwax_ci.pdf,b18aeac5_20240430_-_etats_financiers_de_synthese_projets_daffectation_non_verifies_par_les_cac_-_exercice_2023_-_uniwax_ci.pdf,43269,2026-07-08T21:20:29.256123+00:00,rapports-2024
799c5fdc3ed67b8dc1d1e2d8780c73900d05f40396ca99f51406df16ee3903ba,rapport,2024,https://www.brvm.org/sites/default/files/20240430_-_rapport_dactivites_-_1er_trimestre_2024_-_uniwax_ci.pdf,5dc09b5c_20240430_-_rapport_dactivites_-_1er_trimestre_2024_-_uniwax_ci.pdf,364480,2026-07-08T21:20:39.736585+00:00,rapports-2024
74b17419d154c1638a1f9c6176c0c0273a7b151b93acbd8d55445d6870f39f86,rapport,2023,https://www.brvm.org/sites/default/files/20231103_-_rapport_dactivites_-_3eme_trimestre_2023_-_uniwax_ci_annule_et_remplace_le_precedent.pdf,90938392_20231103_-_rapport_dactivites_-_3eme_trimestre_2023_-_uniwax_ci_annule_et_remplace_le_precedent.pdf,361276,2026-07-08T21:20:50.234454+00:00,rapports-2023
c3be6f6b2848633ae2623a1bd7e054a7efcd26237c1d72f41d8c3057f74caf60,rapport,2023,https://www.brvm.org/sites/default/files/20231031_-_rapport_dactivites_-_1er_semestre_2023_-_uniwax_ci.pdf,9f85c049_20231031_-_rapport_dactivites_-_1er_semestre_2023_-_uniwax_ci.pdf,517944,2026-07-08T21:21:00.827051+00:00,rapports-2023
e69d2fd308c49f831cac982bd3536dc169568ff1fc4c9af117f3a238edf11cfd,rapport,2023,https://www.brvm.org/sites/default/files/20231031_-_rapport_dactivites_-_3eme_trimestre_2023_-_uniwax_ci.pdf,4fd718ac_20231031_-_rapport_dactivites_-_3eme_trimestre_2023_-_uniwax_ci.pdf,361263,2026-07-08T21:21:11.320927+00:00,rapports-2023
222265faff386e8742a8e39e9495094c8c8266147cdca77ebdb090d2d47f8086,rapport,2023,https://www.brvm.org/sites/default/files/20230606_-_etats_financiers_exercice_certifies_-_uniwax_ci.pdf,5ec53f13_20230606_-_etats_financiers_exercice_certifies_-_uniwax_ci.pdf,42807,2026-07-08T21:21:21.614508+00:00,rapports-2023
7f2dd2146740f54cd238472cbfdf9fa94bbd46e552d1e19794b6a26b61ae99d7,rapport,2023,https://www.brvm.org/sites/default/files/20230428_-_etats_financiers_exercice_2022_-_uniwax_ci.pdf,11509353_20230428_-_etats_financiers_exercice_2022_-_uniwax_ci.pdf,42894,2026-07-08T21:21:31.888966+00:00,rapports-2023
c7f5443c6b295c95da74d2cd4ab6be23d3c42e4c431cc753e1ceb259282b62d4,rapport,2023,https://www.brvm.org/sites/default/files/20230428_-_rapport_dactivite_-_1er_trimestre_2023_-_uniwax_ci.pdf,d9ddfff0_20230428_-_rapport_dactivite_-_1er_trimestre_2023_-_uniwax_ci.pdf,363165,2026-07-08T21:21:42.358814+00:00,rapports-2023
128f49093b2852012567128353b924f5e0b2451f122989737988c6feb7fcd321,rapport,2022,https://www.brvm.org/sites/default/files/20221129_-_rapport_dactivite_-_3eme_trimestre_2022_-_uniwax_ci.pdf,260a38f9_20221129_-_rapport_dactivite_-_3eme_trimestre_2022_-_uniwax_ci.pdf,358677,2026-07-08T21:21:52.832790+00:00,rapports-2022
33a7c6a2f22ce8feea06b2e913278220c407c67d8a765fd0a94941d8dac9edbd,rapport,2022,https://www.brvm.org/sites/default/files/20221027_-_rapport_dactivite_-_1er_semestre_2022_-_uniwax_ci.pdf,504f37f8_20221027_-_rapport_dactivite_-_1er_semestre_2022_-_uniwax_ci.pdf,171224,2026-07-08T21:22:03.195801+00:00,rapports-2022
277561a25bf346b5fe2432d0df021902b95369d93d83daad4240e49a3a30b3d5,rapport,2022,https://www.brvm.org/sites/default/files/20220613_-_etats_financiers_certifies_exercice_2021_-_uniwax_ci.pdf,558d034f_20220613_-_etats_financiers_certifies_exercice_2021_-_uniwax_ci.pdf,48790,2026-07-08T21:22:13.470687+00:00,rapports-2022
f7adc8c32ecba082e091bb8bde723fc19cea90d455bab0425faf789824379da3,rapport,2022,https://www.brvm.org/sites/default/files/20220429_-_etats_financiers_exercice_2021_-_uniwax_ci.pdf,dddf89cc_20220429_-_etats_financiers_exercice_2021_-_uniwax_ci.pdf,43086,2026-07-08T21:22:23.744801+00:00,rapports-2022
ef2b7d1d6739aef4f55342e5d55e689a620475a138638cd0f55a51343e6f431e,rapport,2026,https://www.brvm.org/sites/default/files/20260603_-_etats_financiers_-_exercice_2025_-_vivo_energy.pdf,6797c81c_20260603_-_etats_financiers_-_exercice_2025_-_vivo_energy.pdf,87521,2026-07-08T21:22:56.509337+00:00,rapports-2026
86e16588961068c0245c859be3632e3655bc8fb83c8573919f41b0c0b988f407,rapport,2026,https://www.brvm.org/sites/default/files/20260505_-_rapport_dactivite_-_4eme_trimestre_2025_et_du_1er_trimestre_2026_-_vivo_energy_ci.pdf,e25618a0_20260505_-_rapport_dactivite_-_4eme_trimestre_2025_et_du_1er_trimestre_2026_-_vivo_energy_ci.pdf,304779,2026-07-08T21:23:06.969709+00:00,rapports-2026
86e16588961068c0245c859be3632e3655bc8fb83c8573919f41b0c0b988f407,rapport,2026,https://www.brvm.org/sites/default/files/20260505_-_rapport_dactivite_-_4eme_trimestre_2025_et_du_1er_trimestre_2026_-_vivo_energy_ci_0.pdf,292f567d_20260505_-_rapport_dactivite_-_4eme_trimestre_2025_et_du_1er_trimestre_2026_-_vivo_energy_ci_0.pdf,304779,2026-07-08T21:23:17.420459+00:00,rapports-2026
124b0caca4b6f47ef29f30c5bc702887fe7602c387af225345c0efaf37ce0948,rapport,2025,https://www.brvm.org/sites/default/files/20251120_-_rapport_dactivites_-_3eme_trimestre_2025_-_vivo_energy_ci.pdf,09812d03_20251120_-_rapport_dactivites_-_3eme_trimestre_2025_-_vivo_energy_ci.pdf,271376,2026-07-08T21:23:27.870423+00:00,rapports-2025
24fb130ee996a862d7727e4f7d9752cfccddd645ea387c24637f0b2ed51a07bb,rapport,2025,https://www.brvm.org/sites/default/files/20250930_-_rapport_dactivites_-_1er_semestre_2025_-_vivo_enery_ci.pdf,06707f47_20250930_-_rapport_dactivites_-_1er_semestre_2025_-_vivo_enery_ci.pdf,290945,2026-07-08T21:23:38.332730+00:00,rapports-2025
b88401ae19d81d9dcd4a1723cd1929bad8c0269dfa811c06e7c9b878b58b61c0,rapport,2025,https://www.brvm.org/sites/default/files/20250516_-_etats_financiers_2024_et_rapport_dactivites_du_1er_trimestre_2025_-_vivo_energy_ci.pdf,e7b3ce86_20250516_-_etats_financiers_2024_et_rapport_dactivites_du_1er_trimestre_2025_-_vivo_energy_ci.pdf,280229,2026-07-08T21:23:48.782814+00:00,rapports-2025
b88401ae19d81d9dcd4a1723cd1929bad8c0269dfa811c06e7c9b878b58b61c0,rapport,2025,https://www.brvm.org/sites/default/files/20250516_-_etats_financiers_2024_et_rapport_dactivites_du_1er_trimestre_2025_-_vivo_energy_ci_1.pdf,38a4597e_20250516_-_etats_financiers_2024_et_rapport_dactivites_du_1er_trimestre_2025_-_vivo_energy_ci_1.pdf,280229,2026-07-08T21:23:59.235540+00:00,rapports-2025
4f7c50d9c0066959dfec7fd0e184fdee813e9e7f43294bc3f0eeb71ab1cabe2d,rapport,2024,https://www.brvm.org/sites/default/files/20241118_-_rapport_dactivites_-_3eme_trimestre_2024_-_vivo_energy_ci.pdf,a5c5bfc4_20241118_-_rapport_dactivites_-_3eme_trimestre_2024_-_vivo_energy_ci.pdf,399309,2026-07-08T21:24:09.706979+00:00,rapports-2024
f6f094e476a4addc8886c7710f0652ab516b0186854167f0703fd96f4826fa24,rapport,2024,https://www.brvm.org/sites/default/files/20240802_-_rapport_dactivites_-_2eme_trimestre_2024_-_vivo_energy_ci.pdf,0aed30b9_20240802_-_rapport_dactivites_-_2eme_trimestre_2024_-_vivo_energy_ci.pdf,349611,2026-07-08T21:24:20.157403+00:00,rapports-2024
72c486c8cb9effaba181f357bfb8267723769149d8770ace882386d2992a1c73,rapport,2024,https://www.brvm.org/sites/default/files/20240606_-_etats_financiers_provisoire_-_exercice_2023_-_vivo_energy_ci.pdf,84f59d4a_20240606_-_etats_financiers_provisoire_-_exercice_2023_-_vivo_energy_ci.pdf,79879,2026-07-08T21:24:30.432399+00:00,rapports-2024
23d4e540d12ff6e68ae0832333aac96561ac29e59c0977fcb41c29d738e0b3a0,rapport,2024,https://www.brvm.org/sites/default/files/20240506_-_etats_financiers_provisoire_2023_.pdf,9fe91cda_20240506_-_etats_financiers_provisoire_2023_.pdf,223460,2026-07-08T21:24:40.880896+00:00,rapports-2024
71c4b304e214be45aac3ea3e39f494e11e2251f220501a1e7a3b66a6e9f0833a,rapport,2024,https://www.brvm.org/sites/default/files/20240506_-_rapport_dactivite_du_1er_trimestre_2024.pdf,55ceaeb1_20240506_-_rapport_dactivite_du_1er_trimestre_2024.pdf,194201,2026-07-08T21:24:51.242694+00:00,rapports-2024
8e617774cd6e02343c1d4fdcd15ed742521b1f5c67689f7d555e1f29a3be724f,rapport,2024,https://www.brvm.org/sites/default/files/20240119_-_rapport_dactivites_-_1er_semestre_2023_-_vivo_energy_ci.pdf,28dee68b_20240119_-_rapport_dactivites_-_1er_semestre_2023_-_vivo_energy_ci.pdf,868954,2026-07-08T21:25:01.783928+00:00,rapports-2024
b4f9b951b1fa8f49f433561253ed89d04f0019dca7c348925b9658d885b21b05,rapport,2024,https://www.brvm.org/sites/default/files/20240119_-_rapport_dactivites_-_3eme_trimestre_2023_-_vivo_energy_ci.pdf,b25c96eb_20240119_-_rapport_dactivites_-_3eme_trimestre_2023_-_vivo_energy_ci.pdf,900875,2026-07-08T21:25:12.410806+00:00,rapports-2024
f89382a6df04d4d360f245548c0c8d5217e6172410c235a63aeb7c6065f75f08,rapport,2023,https://www.brvm.org/sites/default/files/20231103_-_etats_financiers_-_exercice_2022_-_vivo_energy_ci.pdf,57807e3e_20231103_-_etats_financiers_-_exercice_2022_-_vivo_energy_ci.pdf,469149,2026-07-08T21:25:22.948850+00:00,rapports-2023
acdab75be25743dc0837258d686cfc5f2e2c6f76518078e6becc9a94ddb40f86,rapport,2023,https://www.brvm.org/sites/default/files/20230504_-_etats_financiers_exercice_2022_et_rapport_dactivite_au_1er_trimestre_2023_-_vivo_energy_ci.pdf,3a830a67_20230504_-_etats_financiers_exercice_2022_et_rapport_dactivite_au_1er_trimestre_2023_-_vivo_energy_ci.pdf,288635,2026-07-08T21:25:33.405302+00:00,rapports-2023
acdab75be25743dc0837258d686cfc5f2e2c6f76518078e6becc9a94ddb40f86,rapport,2023,https://www.brvm.org/sites/default/files/20230504_-_etats_financiers_exercice_2022_et_rapport_dactivite_au_1er_trimestre_2023_-_vivo_energy_ci_1.pdf,9ccd0bb2_20230504_-_etats_financiers_exercice_2022_et_rapport_dactivite_au_1er_trimestre_2023_-_vivo_energy_ci_1.pdf,288635,2026-07-08T21:25:43.855312+00:00,rapports-2023
a19a867821062edaad94cb0e84618dce402901bead2ae2943b9d6b15fabc5d86,rapport,2022,https://www.brvm.org/sites/default/files/20221214_-_rapport_dactivite_-_1er_semestre_2022_-_vivo_energy_ci.pdf,04f6016a_20221214_-_rapport_dactivite_-_1er_semestre_2022_-_vivo_energy_ci.pdf,498523,2026-07-08T21:25:54.393140+00:00,rapports-2022
f17514050f56b663ab864758a6f1dce5627f19a2a61846c304318539dcfdc7c2,rapport,2022,https://www.brvm.org/sites/default/files/20221213_-_rapport_dactivite_-_3eme_trimestre_2022_-_vivo_energy_ci.pdf,687a7f7e_20221213_-_rapport_dactivite_-_3eme_trimestre_2022_-_vivo_energy_ci.pdf,502303,2026-07-08T21:26:04.931906+00:00,rapports-2022
55774bb97479700a7b762180d2fcd25ac012d0c191f7b919a357ecf17c4e0a26,rapport,2022,https://www.brvm.org/sites/default/files/20220906_-_etats_financiers_exercice_2021_-_vivo_energy_ci.pdf,f7f7dad0_20220906_-_etats_financiers_exercice_2021_-_vivo_energy_ci.pdf,528702,2026-07-08T21:26:15.469818+00:00,rapports-2022
6a155f32b093324094b2e63ff3f91ddf855f028278130edfd3de900036c8f099,boc,2026-07,https://www.brvm.org/sites/default/files/boc_20260701_2.pdf,boc_20260701_2.pdf,946803,2026-07-25T11:54:04Z,boc-2026
5b52ed338e68f793f90cc3cd8929f3faeddeedec86609c314c791b470b9025e4,boc,2026-07,https://www.brvm.org/sites/default/files/boc_20260702_2.pdf,boc_20260702_2.pdf,903289,2026-07-25T11:54:24Z,boc-2026
fa70800b83d1962bacdc0f00106ed4f84feb902d16d70813a9458d4618a5ec64,boc,2026-07,https://www.brvm.org/sites/default/files/boc_20260703_2.pdf,boc_20260703_2.pdf,1012999,2026-07-25T11:54:44Z,boc-2026
dfbb03db67589b29483e7c220a39b4637d7a7bc8786eec3c3189460d34cfb2f5,boc,2026-07,https://www.brvm.org/sites/default/files/boc_20260706_2.pdf,boc_20260706_2.pdf,917184,2026-07-25T11:55:04Z,boc-2026
d75bab053118ff2012ba5aacdcca1c08ba7a328bea53d7b88b26ec54a2a32a1d,boc,2026-07,https://www.brvm.org/sites/default/files/boc_20260708_2.pdf,boc_20260708_2.pdf,1130809,2026-07-25T11:55:24Z,boc-2026
d98b225f7f42d3d385a2ffb1edac11cb95f7889d57f38408e2aba9ca29c0421d,boc,2026-07,https://www.brvm.org/sites/default/files/boc_20260709_2.pdf,boc_20260709_2.pdf,927223,2026-07-25T11:55:44Z,boc-2026
5550e8da11896da2c678dc80377c81918176ae4cd51665d4624dc898e3ddfa5d,boc,2026-07,https://www.brvm.org/sites/default/files/boc_20260710_2.pdf,boc_20260710_2.pdf,1093064,2026-07-25T11:56:04Z,boc-2026
9f65b238780e32720b1ed5c9becf01e8a2b12dd8ce3b788bd1eca08337e3b7a8,boc,2026-07,https://www.brvm.org/sites/default/files/boc_20260713_2.pdf,boc_20260713_2.pdf,951756,2026-07-25T11:56:24Z,boc-2026
1e3a5550f67fd7240c94687e7013e0699d61b7adffc6d92237b453dd8aa6170d,boc,2026-07,https://www.brvm.org/sites/default/files/boc_20260714_2.pdf,boc_20260714_2.pdf,915868,2026-07-25T11:56:44Z,boc-2026
8fd2e107d67d066371e919910874f5d5117e26e23c7db23dd3720ce654c93565,boc,2026-07,https://www.brvm.org/sites/default/files/boc_20260715_2.pdf,boc_20260715_2.pdf,919681,2026-07-25T11:57:04Z,boc-2026
8c7512131404545426baea22ecd3b7885376dc92ac28e3e898bd0c9de0c11e5f,boc,2026-07,https://www.brvm.org/sites/default/files/boc_20260716_2.pdf,boc_20260716_2.pdf,925071,2026-07-25T11:57:24Z,boc-2026
210f9d321376de7cdb3bf31ded174fd6c306e1254a449946c5a229c65531bb04,boc,2026-07,https://www.brvm.org/sites/default/files/boc_20260720_2.pdf,boc_20260720_2.pdf,914362,2026-07-25T11:57:44Z,boc-2026
05d855839cd5b6268fbc039eb442c2308b5c5285e747f614a5d8ff80ce9c6946,boc,2026-07,https://www.brvm.org/sites/default/files/boc_20260722_2.pdf,boc_20260722_2.pdf,911300,2026-07-25T11:58:04Z,boc-2026
840cc08bedc26513786c3921376bac08d9ea359e196db818aa7cb9809b555be8,boc,2026-07,https://www.brvm.org/sites/default/files/boc_20260724_2.pdf,boc_20260724_2.pdf,908864,2026-07-25T11:58:24Z,boc-2026
724292dd57d5aa346b368aecb23f83c0c13863194bcb268fc91205e002a9155f,boc,2026-06,https://www.brvm.org/sites/default/files/boc_20260601_2.pdf,boc_20260601_2.pdf,947870,2026-07-25T11:58:43Z,boc-2026
34c061b9fb281b3c40e66706e94553b7e63d665c48140c4a384b449718f99188,boc,2026-06,https://www.brvm.org/sites/default/files/boc_20260602_2.pdf,boc_20260602_2.pdf,937287,2026-07-25T11:59:03Z,boc-2026
a940521c3b915c97f95d78f9d97b17809194b1851b35cef9e60af71de96aaff6,boc,2026-06,https://www.brvm.org/sites/default/files/boc_20260603_2.pdf,boc_20260603_2.pdf,941915,2026-07-25T11:59:23Z,boc-2026
fcea98b88dcd922d85875d23b5007a9adf22e72c6643fc411e2758f6032feb31,boc,2026-06,https://www.brvm.org/sites/default/files/boc_20260604_2.pdf,boc_20260604_2.pdf,902143,2026-07-25T11:59:43Z,boc-2026
306d75f6625e933dcdacf9e0f469a6332dea5663cc185464d3ad6c9435895233,boc,2026-06,https://www.brvm.org/sites/default/files/boc_20260605_2.pdf,boc_20260605_2.pdf,966830,2026-07-25T12:00:03Z,boc-2026
bf7707e8253b195bd4be40b5d7841ddfde246b91092c090637fb3e5cf0d04faf,boc,2026-06,https://www.brvm.org/sites/default/files/boc_20260608_2.pdf,boc_20260608_2.pdf,939014,2026-07-25T12:00:23Z,boc-2026
3a616466f9dab2ac3273dec80d83db9e2821b5c3afc522f72aa8895691e99d59,boc,2026-06,https://www.brvm.org/sites/default/files/boc_20260609_2.pdf,boc_20260609_2.pdf,950568,2026-07-25T12:00:42Z,boc-2026
1b9388c9ca026e482b4c2358936681d44c89f279ab3062b6927d044732f9e848,boc,2026-06,https://www.brvm.org/sites/default/files/boc_20260612_2.pdf,boc_20260612_2.pdf,970533,2026-07-25T12:02:09Z,boc-2026
f83c4204451462e28b317bd5aeeb692bcf072b23761781c8c4771a664695792a,boc,2026-06,https://www.brvm.org/sites/default/files/boc_20260615_2.pdf,boc_20260615_2.pdf,916939,2026-07-25T12:02:29Z,boc-2026
f3ed4e6b7c8645a1f4d87e2b3de0666c0f3224b0045e11ca71022eb442a34eee,boc,2026-06,https://www.brvm.org/sites/default/files/boc_20260616_2.pdf,boc_20260616_2.pdf,918953,2026-07-25T12:02:49Z,boc-2026
599021c7bcc162cfd68f293788b4eff5320217ee21a8c7aedda382848a8f45db,boc,2026-06,https://www.brvm.org/sites/default/files/boc_20260617_2.pdf,boc_20260617_2.pdf,920659,2026-07-25T12:03:10Z,boc-2026
2a646d2a38521b979a31dd4059a1f21981e0d00183f993cdf1e0f49ffac50598,boc,2026-06,https://www.brvm.org/sites/default/files/boc_20260618_2.pdf,boc_20260618_2.pdf,904787,2026-07-25T12:03:31Z,boc-2026
1d3ec430b7ea5a0c1a4c6c85189b78ff96d14d8de252d720cd710448d231216e,boc,2026-06,https://www.brvm.org/sites/default/files/boc_20260619_2.pdf,boc_20260619_2.pdf,912985,2026-07-25T12:03:51Z,boc-2026
2677a5b952a9efc576638a856a5286060a84f78f4deb62ed533a37f9ce9e672c,boc,2026-06,https://www.brvm.org/sites/default/files/boc_20260622_2.pdf,boc_20260622_2.pdf,905948,2026-07-25T12:04:11Z,boc-2026
3765b7aa17309ad34cff443c5108a2bccd84a3ce72650b05088a5d69800891b3,boc,2026-06,https://www.brvm.org/sites/default/files/boc_20260623_2.pdf,boc_20260623_2.pdf,916616,2026-07-25T12:04:31Z,boc-2026
3c74332cd9cd3537dd4dcd49f733b2b9ba02990c46fcd5556507a04210cae77e,boc,2026-06,https://www.brvm.org/sites/default/files/boc_20260624_2.pdf,boc_20260624_2.pdf,1065345,2026-07-25T12:04:51Z,boc-2026
00dc41272880f75b80c708eb9d988ed906e8f519edde693c994461e5c1034e4a,boc,2026-06,https://www.brvm.org/sites/default/files/boc_20260625_2.pdf,boc_20260625_2.pdf,947748,2026-07-25T12:05:11Z,boc-2026
59c68c75b6284ed4b5545d2000b6dec7071ab1928f723142ada55b17245e66cd,boc,2026-06,https://www.brvm.org/sites/default/files/boc_20260626_2.pdf,boc_20260626_2.pdf,941943,2026-07-25T12:05:31Z,boc-2026
a8cd6dcb72bac3df626fd7c29e4c2c8948a60f57f14f690d3b485bdb73b23d89,boc,2026-06,https://www.brvm.org/sites/default/files/boc_20260629_2.pdf,boc_20260629_2.pdf,925721,2026-07-25T12:05:51Z,boc-2026
f200fd4f9227ec60884161f57aba5a23e9947ddb6db4a580e9dc032c21dbea0d,boc,2026-05,https://www.brvm.org/sites/default/files/boc_20260504_2.pdf,boc_20260504_2.pdf,1070987,2026-07-25T12:06:44Z,boc-2026
5a5e5bcd28689660c211f98f7c42181993cc3a598c56c897a927c09c33ccc411,boc,2026-05,https://www.brvm.org/sites/default/files/boc_20260505_2.pdf,boc_20260505_2.pdf,1072976,2026-07-25T12:07:03Z,boc-2026
30da3ca4b2e7a55a2563bbcdf6909551222260e73f4ad5f7388955cc332e07ff,boc,2026-05,https://www.brvm.org/sites/default/files/boc_20260506_2.pdf,boc_20260506_2.pdf,1047141,2026-07-25T12:07:23Z,boc-2026
5c91e5248a9a68f1775d8722ad6117308593b8193089759c27e57abac667dfc4,boc,2026-05,https://www.brvm.org/sites/default/files/boc_20260507_2.pdf,boc_20260507_2.pdf,1086427,2026-07-25T12:07:43Z,boc-2026
79d898b7d8d9a27a502a3c5bb5807e221e1d55f774af7fc4dd1bc347120087e8,boc,2026-05,https://www.brvm.org/sites/default/files/boc_20260508_2.pdf,boc_20260508_2.pdf,1075335,2026-07-25T12:08:02Z,boc-2026
dd87349fa655c359c1e0822551652a4c0c0cc45081e479109ff1ba73f12799db,boc,2026-05,https://www.brvm.org/sites/default/files/boc_20260511_2.pdf,boc_20260511_2.pdf,1042880,2026-07-25T12:08:22Z,boc-2026
8db5becf9a9a96f76d7ccd67c826ce7510a2b055bec0840a8083797e111397fa,boc,2026-05,https://www.brvm.org/sites/default/files/boc_20260512_2.pdf,boc_20260512_2.pdf,1065827,2026-07-25T12:08:42Z,boc-2026
f48ea97e5db3d465451b27204dff1b88717c13f0da3555283f84fbf1c41d00ec,boc,2026-05,https://www.brvm.org/sites/default/files/boc_20260513_2.pdf,boc_20260513_2.pdf,906420,2026-07-25T12:09:02Z,boc-2026
db07344afe0cca58ce3888259d06fc2a2c06ce46e6e5f9bec6ef7cedd84e1b69,boc,2026-05,https://www.brvm.org/sites/default/files/boc_20260515_2.pdf,boc_20260515_2.pdf,897333,2026-07-25T12:09:56Z,boc-2026
2d52f1b4f5f3e05fc84412c3108bc2c1a6f0fe6c527267b02454ccc056aa2a30,boc,2026-05,https://www.brvm.org/sites/default/files/boc_20260518_2.pdf,boc_20260518_2.pdf,947729,2026-07-25T12:10:15Z,boc-2026
df6430cd7e14b8b2ecdf700651477c13afbdc6233fb057e1b860fbe88b69520b,boc,2026-05,https://www.brvm.org/sites/default/files/boc_20260519_2.pdf,boc_20260519_2.pdf,934878,2026-07-25T12:10:35Z,boc-2026
ba7e3627329fef6b34f0562135bb28ac89c21aeae11c9e76702176c1b3235ddc,boc,2026-05,https://www.brvm.org/sites/default/files/boc_20260520_2.pdf,boc_20260520_2.pdf,902262,2026-07-25T12:10:55Z,boc-2026
857a37cff1ca4ef3cc02da188e7d192f37bc9d1421458e2de085cb718ee5f733,boc,2026-05,https://www.brvm.org/sites/default/files/boc_20260521_2.pdf,boc_20260521_2.pdf,947813,2026-07-25T12:11:14Z,boc-2026
ae6ffed396b8159f0dae6a3f38d313d124008e54daf5553452d59ee6bf5a6f73,boc,2026-05,https://www.brvm.org/sites/default/files/boc_20260522_2.pdf,boc_20260522_2.pdf,906074,2026-07-25T12:11:34Z,boc-2026
3883abd3095ba4549485c512a89d75f151e4dfdadd0f52afe11e00212c2de19c,boc,2026-05,https://www.brvm.org/sites/default/files/boc_20260526_2.pdf,boc_20260526_2.pdf,903527,2026-07-25T12:12:26Z,boc-2026
6e54e8b772b9c7c0ffbd23197fbc5337c375251c35e8d8ca78d35e1493381b4b,boc,2026-05,https://www.brvm.org/sites/default/files/boc_20260528_2.pdf,boc_20260528_2.pdf,933869,2026-07-25T12:13:18Z,boc-2026
5a015275f993168e21e9d49aa93f2f241d7ec8e32869a04cded708d2aee145e7,boc,2026-04,https://www.brvm.org/sites/default/files/boc_20260401_2.pdf,boc_20260401_2.pdf,913637,2026-07-25T12:13:38Z,boc-2026
aa9cae76a601081441ce5e3febaac61e6e47b1bf293081d7d0f633d4e9d769d1,boc,2026-04,https://www.brvm.org/sites/default/files/boc_20260402_2.pdf,boc_20260402_2.pdf,1072367,2026-07-25T12:13:57Z,boc-2026
634690edd78752bc9d04a36c60ac2357f6e6539c822a4d013a3e437588a070bd,boc,2026-04,https://www.brvm.org/sites/default/files/boc_20260403_2.pdf,boc_20260403_2.pdf,932996,2026-07-25T12:14:16Z,boc-2026
c56fa31fd64187bc1c4b7be8ecd99b4c665cd26bc9ea9e3c567631dd1658231c,boc,2026-04,https://www.brvm.org/sites/default/files/boc_20260407_2.pdf,boc_20260407_2.pdf,889303,2026-07-25T12:15:07Z,boc-2026
393679973394c3d62d156bc097626f475d3c288ebc3545010bd81bf8608c5f26,boc,2026-04,https://www.brvm.org/sites/default/files/boc_20260408_2.pdf,boc_20260408_2.pdf,890720,2026-07-25T12:15:27Z,boc-2026
cc37fea284345f59aed2a01018fbec3edc18e5df39155e0a3308d958aa29c132,boc,2026-04,https://www.brvm.org/sites/default/files/boc_20260409_2.pdf,boc_20260409_2.pdf,887215,2026-07-25T12:15:46Z,boc-2026
7370dbcd0a6c11ae0a3821f92f987b8264f484faaa857241938d3726599e7a47,boc,2026-04,https://www.brvm.org/sites/default/files/boc_20260410_2.pdf,boc_20260410_2.pdf,889823,2026-07-25T12:16:06Z,boc-2026
e535d2a3eb8630102888879703b0178087468c8d31ec47a42552c115fdca6f4f,boc,2026-04,https://www.brvm.org/sites/default/files/boc_20260413_2.pdf,boc_20260413_2.pdf,1011606,2026-07-25T12:16:25Z,boc-2026
05b48a7d37e43ccf731a60e0c49ee389371608fd5ad2759ee1f30dcd4d5f7602,boc,2026-04,https://www.brvm.org/sites/default/files/boc_20260414_2.pdf,boc_20260414_2.pdf,892146,2026-07-25T12:16:44Z,boc-2026
93c9c59167ea34ce1626b787d86c3cabdb9389563484467dad3bc8d05053e284,boc,2026-04,https://www.brvm.org/sites/default/files/boc_20260415_2.pdf,boc_20260415_2.pdf,995612,2026-07-25T12:17:03Z,boc-2026
4c5d5d8117cb3f6575200116436aee417226080a9b67b0146ca3b0f4ec3bc65b,boc,2026-04,https://www.brvm.org/sites/default/files/boc_20260416_2.pdf,boc_20260416_2.pdf,938828,2026-07-25T12:17:23Z,boc-2026
77bd82418969fe59bacacd204390e91d8fc11e0b18e486a6b85757d082545ea2,boc,2026-04,https://www.brvm.org/sites/default/files/boc_20260417_2.pdf,boc_20260417_2.pdf,931335,2026-07-25T12:17:42Z,boc-2026
93b2123d22ef449b64dba98fdfab4143b96997a4d34a0d4e77d7f0213f3d81e3,boc,2026-04,https://www.brvm.org/sites/default/files/boc_20260420_2.pdf,boc_20260420_2.pdf,943344,2026-07-25T12:18:01Z,boc-2026
9eb892f7fbf69b1762e107a8efb7341267f8b855dcff79abdce3dd5a24b9f20a,boc,2026-04,https://www.brvm.org/sites/default/files/boc_20260421_2.pdf,boc_20260421_2.pdf,882471,2026-07-25T12:18:20Z,boc-2026
cd5cbb468355f46d279253c787027e8cb95611f1915b779bf8d1793302b5cb30,boc,2026-04,https://www.brvm.org/sites/default/files/boc_20260422_2.pdf,boc_20260422_2.pdf,908185,2026-07-25T12:18:40Z,boc-2026
2556639a53cf3c30dbc25a988945c77fad7608a696013b1b2229d2aa7536cae7,boc,2026-04,https://www.brvm.org/sites/default/files/boc_20260423_2.pdf,boc_20260423_2.pdf,957928,2026-07-25T12:18:59Z,boc-2026
9608ebb71a547fbe0311a0daae78b35d87ab3645070df7c463ad3a2c4096a7f2,boc,2026-04,https://www.brvm.org/sites/default/files/boc_20260424_2.pdf,boc_20260424_2.pdf,894224,2026-07-25T12:19:18Z,boc-2026
5857b36a6fbc8c79f1c3c7439ff8abde8cfe8d0eb1cb0140621930d02b07e4da,boc,2026-04,https://www.brvm.org/sites/default/files/boc_20260427_2.pdf,boc_20260427_2.pdf,1056577,2026-07-25T12:19:38Z,boc-2026
b5e7fc4b1ed273cf9fb8c33b67e0a2686cf1f24591e604dc6879cf513e23cbf3,boc,2026-04,https://www.brvm.org/sites/default/files/boc_20260428_2.pdf,boc_20260428_2.pdf,901484,2026-07-25T12:19:57Z,boc-2026
15257b850976abfcb005eaaa1096f133b79c0df376a26636bbda2b27f2f24ca2,boc,2026-04,https://www.brvm.org/sites/default/files/boc_20260429_2.pdf,boc_20260429_2.pdf,939315,2026-07-25T12:20:16Z,boc-2026
34e84cbcc24c35e869416d5614a30b8eb4d19e42f9348b61ada096b29afa20c1,boc,2026-03,https://www.brvm.org/sites/default/files/boc_20260302_2.pdf,boc_20260302_2.pdf,872704,2026-07-25T12:20:36Z,boc-2026
c0b9d93eaba546a21072f7d9891a75c13f61660596aee8f9c0d3c864b531594c,boc,2026-03,https://www.brvm.org/sites/default/files/boc_20260303_2.pdf,boc_20260303_2.pdf,871020,2026-07-25T12:20:55Z,boc-2026
32a48bb015362cc7f841f66fc10d0a9920e28f1143b3c3c37920016ff6aea53e,boc,2026-03,https://www.brvm.org/sites/default/files/boc_20260304_2.pdf,boc_20260304_2.pdf,875981,2026-07-25T12:21:14Z,boc-2026
5d9b5c97cbe0778ede835ee9b47570bd0d13c71d7db9bfa26d78df2ad8f62d25,boc,2026-03,https://www.brvm.org/sites/default/files/boc_20260305_2.pdf,boc_20260305_2.pdf,926772,2026-07-25T12:21:32Z,boc-2026
ec1ee3d0b9427ee4c4c722edc8bd888d6965d1473fb06563d34ea01f1e7eb199,boc,2026-03,https://www.brvm.org/sites/default/files/boc_20260306_2.pdf,boc_20260306_2.pdf,887170,2026-07-25T12:21:51Z,boc-2026
ffabe92d3bea936d3bd4a53428e6476aac8dfe90ebbc9d427533dda31485410e,boc,2026-03,https://www.brvm.org/sites/default/files/boc_20260309_2.pdf,boc_20260309_2.pdf,914350,2026-07-25T12:22:10Z,boc-2026
b0611d653946d9d1b795816198d6caaf4ad53d17b85c4cc93d2e3b27296b436b,boc,2026-03,https://www.brvm.org/sites/default/files/boc_20260310_2.pdf,boc_20260310_2.pdf,953099,2026-07-25T12:22:29Z,boc-2026
1947bd1ecba35e61f9191b90ae3070da5d88d77d5cb97059e2725d4db12fc26e,boc,2026-03,https://www.brvm.org/sites/default/files/boc_20260311_2.pdf,boc_20260311_2.pdf,892339,2026-07-25T12:22:48Z,boc-2026
acad5f28ec00230bea8e780cb49ff4fa593fe548db91aa4bf3b71f05b57340ba,boc,2026-03,https://www.brvm.org/sites/default/files/boc_20260312_2.pdf,boc_20260312_2.pdf,878430,2026-07-25T12:23:07Z,boc-2026
e84e9ca4f9c9136869fac312b90ac89e07bd25f1be607e20291da5c8cdb8bc3e,boc,2026-03,https://www.brvm.org/sites/default/files/boc_20260313_2.pdf,boc_20260313_2.pdf,996729,2026-07-25T12:23:26Z,boc-2026
e2efb29a0d5b4f87a2b853dbb1670b8a51336bcb75ba1fddcea8c0d07c10d706,boc,2026-03,https://www.brvm.org/sites/default/files/boc_20260317_2.pdf,boc_20260317_2.pdf,896042,2026-07-25T12:24:16Z,boc-2026
b8a85befb3f26fdf0fcae3bf4c3108ab125cbf80d54dbfe64408fea3e0c168cc,boc,2026-03,https://www.brvm.org/sites/default/files/boc_20260318_2.pdf,boc_20260318_2.pdf,887807,2026-07-25T12:24:35Z,boc-2026
1a707f6894ede0d395a982aca4720a703fe1396e4be053141a6511a16d54b958,boc,2026-03,https://www.brvm.org/sites/default/files/boc_20260323.pdf,boc_20260323.pdf,1027715,2026-07-25T12:26:20Z,boc-2026
34187015c797faedc83ccc1c83878b42a6767b8a4d132e92ce3f67715ccd80bf,boc,2026-03,https://www.brvm.org/sites/default/files/boc_20260324.pdf,boc_20260324.pdf,1019512,2026-07-25T12:27:00Z,boc-2026
38751d013dd481f4cdf5598c85d8c1f3dd393f2916836272c2ec32a4348f4a2e,boc,2026-03,https://www.brvm.org/sites/default/files/boc_20260325.pdf,boc_20260325.pdf,1022289,2026-07-25T12:27:40Z,boc-2026
67e6ef1acbddc81b594e8c93070999253f819919c181b33528cb0cd08b6fa078,boc,2026-03,https://www.brvm.org/sites/default/files/boc_20260326_2.pdf,boc_20260326_2.pdf,897963,2026-07-25T12:27:59Z,boc-2026
552c29a024019706ce4e6ee9adbad26a364c218ab23a6accc34a173056c91096,boc,2026-03,https://www.brvm.org/sites/default/files/boc_20260327_2.pdf,boc_20260327_2.pdf,887193,2026-07-25T12:28:18Z,boc-2026
dac148abf275856fb8cb9fff2338a017e1629b299b14f06ee8ea4a00ed0e7670,boc,2026-03,https://www.brvm.org/sites/default/files/boc_20260330_2.pdf,boc_20260330_2.pdf,890725,2026-07-25T12:28:37Z,boc-2026
499c1ff12e77ec5921485847793c3c9d28960fdef02202b49e9e39b7bc0e34b7,boc,2026-02,https://www.brvm.org/sites/default/files/boc_20260202_2.pdf,boc_20260202_2.pdf,850692,2026-07-25T12:28:56Z,boc-2026
eb0f35f8c119e6b8cf693fcb9df9cb4b3d8d60586197042b4eb78ea4eca94f37,boc,2026-02,https://www.brvm.org/sites/default/files/boc_20260203_2.pdf,boc_20260203_2.pdf,868219,2026-07-25T12:29:15Z,boc-2026
d2d4f760bf1fc6fcc7a25b959d034a8bf56df4d9ac7cbdd8d88e9cc85200614b,boc,2026-02,https://www.brvm.org/sites/default/files/boc_20260204_2.pdf,boc_20260204_2.pdf,858162,2026-07-25T12:29:34Z,boc-2026
7cec7e6d63a97d6185bff3474426df60bd42e81de07f59e16ef7a4461b63cb02,boc,2026-02,https://www.brvm.org/sites/default/files/boc_20260205_2.pdf,boc_20260205_2.pdf,857142,2026-07-25T12:29:53Z,boc-2026
281c8a8081523c9dcbe01ca04ffd79ca3a4ccc0104f8a6bf3a80a3c1aaa5eb03,boc,2026-02,https://www.brvm.org/sites/default/files/boc_20260206_2.pdf,boc_20260206_2.pdf,857279,2026-07-25T12:30:11Z,boc-2026
0aab776ede1d8443cda26950aca0026ff93f1eaebc676567e4855c9ff5ff9c01,boc,2026-02,https://www.brvm.org/sites/default/files/boc_20260210_2.pdf,boc_20260210_2.pdf,859123,2026-07-25T12:31:04Z,boc-2026
fcd77012a1cfdfadbd374bb899bb1a2f32ff78bbddb937afcbaaf1a23debba9b,boc,2026-02,https://www.brvm.org/sites/default/files/boc_20260211_2.pdf,boc_20260211_2.pdf,903165,2026-07-25T12:31:23Z,boc-2026
d8aa9435fc0fddcb01917777123b44588f7664f8265244b8592253c66180d25b,boc,2026-02,https://www.brvm.org/sites/default/files/boc_20260212_2.pdf,boc_20260212_2.pdf,895740,2026-07-25T12:31:42Z,boc-2026
d54966305a1f96c81a64dc360a8fa1eb41496124c17368696ee4717481955c7a,boc,2026-02,https://www.brvm.org/sites/default/files/boc_20260213_2.pdf,boc_20260213_2.pdf,950932,2026-07-25T12:32:02Z,boc-2026
bbe9141e85152de45361bc4d0915fa6292bf662d2729ec51df4287bfeb4aa7c0,boc,2026-02,https://www.brvm.org/sites/default/files/boc_20260216_2.pdf,boc_20260216_2.pdf,869880,2026-07-25T12:32:21Z,boc-2026
a9aebd7e6b088da656273a3a7ba7f72a399f70e0f0cafdfb4e0c526d7f767393,boc,2026-02,https://www.brvm.org/sites/default/files/boc_20260217_2.pdf,boc_20260217_2.pdf,871459,2026-07-25T12:32:41Z,boc-2026
261640506cd7cd5edd9d1ca3b31bd5888abe201c4f5bd4c72f26f818e06e4f6f,boc,2026-02,https://www.brvm.org/sites/default/files/boc_20260218_2.pdf,boc_20260218_2.pdf,870227,2026-07-25T12:33:00Z,boc-2026
693028e05df2641c78640b57844a5c171469073a34c3b75d2c1030f7ad637215,boc,2026-02,https://www.brvm.org/sites/default/files/boc_20260219_2.pdf,boc_20260219_2.pdf,910403,2026-07-25T12:33:19Z,boc-2026
120ea663b3464f285fec31f2aa681f0299ba3f43cc1c812b9ca0af4d6c8f73c0,boc,2026-02,https://www.brvm.org/sites/default/files/boc_20260220_2.pdf,boc_20260220_2.pdf,861481,2026-07-25T12:33:38Z,boc-2026
14695ea59aa6c2214b1834e4b4ab509bd7f3bb843011c82709eda400ca669c1a,boc,2026-02,https://www.brvm.org/sites/default/files/boc_20260223_2.pdf,boc_20260223_2.pdf,861551,2026-07-25T12:33:56Z,boc-2026
7390d51c203610ddfd5e197cbc6e82add48aa9538107cbc354ff0f3f6fcfd8f1,boc,2026-02,https://www.brvm.org/sites/default/files/boc_20260224_2.pdf,boc_20260224_2.pdf,862700,2026-07-25T12:34:15Z,boc-2026
330ed6dbb2eead4e09e6df3623362cab4b13939ce69b11d11efab4e6ef260ef6,boc,2026-02,https://www.brvm.org/sites/default/files/boc_20260225_2.pdf,boc_20260225_2.pdf,1040830,2026-07-25T12:34:34Z,boc-2026
1a7fdc6e37af75285f182499084f47d41b1685adf97cf445fe3bb7197d6bf985,boc,2026-02,https://www.brvm.org/sites/default/files/boc_20260226_2.pdf,boc_20260226_2.pdf,863985,2026-07-25T12:34:53Z,boc-2026
12f320d0c6d9f5e7e4823cef23bdcc23f6dd35bf12e6211752bbfef92eff87cc,boc,2026-01,https://www.brvm.org/sites/default/files/boc_20260102_2.pdf,boc_20260102_2.pdf,897356,2026-07-25T12:35:44Z,boc-2026
9f32fa0fe2bc9241bf2518fb3de6edf46ffb71a15fead7389e9d302a616b10cd,boc,2026-01,https://www.brvm.org/sites/default/files/boc_20260105_2.pdf,boc_20260105_2.pdf,1172092,2026-07-25T12:36:02Z,boc-2026
90e3a533b37a5e6eb24589c7ac8b319e841539f1229cdb2f38cc2f1579b9a0be,boc,2026-01,https://www.brvm.org/sites/default/files/boc_20260106_2.pdf,boc_20260106_2.pdf,954384,2026-07-25T12:36:21Z,boc-2026
5104055cbcad7feee312023d5e2c7962cdf6ed324e50d9047f9138d51a445506,boc,2026-01,https://www.brvm.org/sites/default/files/boc_20260107_2.pdf,boc_20260107_2.pdf,955881,2026-07-25T12:36:40Z,boc-2026
400b1da93e67a71c7dfebac2304179ea9f1b61f52cc352241c239b0376c0bfa4,boc,2026-01,https://www.brvm.org/sites/default/files/boc_20260108_2.pdf,boc_20260108_2.pdf,1006554,2026-07-25T12:36:59Z,boc-2026
dbaf3381bcd5e9f4c61dbcd23bf252fe18d951d0432e30a12243d0df71189b6a,boc,2026-01,https://www.brvm.org/sites/default/files/boc_20260109_2.pdf,boc_20260109_2.pdf,946700,2026-07-25T12:37:18Z,boc-2026
d62a71ab58a0094f70da6aeaf90d26b9ce49eaa0aa1c598e5f5975fd9f20866d,boc,2026-01,https://www.brvm.org/sites/default/files/boc_20260112_2.pdf,boc_20260112_2.pdf,1047518,2026-07-25T12:37:37Z,boc-2026
86b2a770cd4e7c57ae2214e3bac2b73b6be39515a423f60732c9681bf3074f34,boc,2026-01,https://www.brvm.org/sites/default/files/boc_20260113_2.pdf,boc_20260113_2.pdf,1135810,2026-07-25T12:37:56Z,boc-2026
b37db6eee3039c052a65fb76d9c67e6bb999fe5515591acf9fc10e91dfe8ef38,boc,2026-01,https://www.brvm.org/sites/default/files/boc_20260114_2.pdf,boc_20260114_2.pdf,956766,2026-07-25T12:38:14Z,boc-2026
d9d882607f3f6ca362b52d8779f744601de7abd43bc1b6853a68284ec02a0509,boc,2026-01,https://www.brvm.org/sites/default/files/boc_20260115_2.pdf,boc_20260115_2.pdf,957415,2026-07-25T12:38:33Z,boc-2026
e96071061d3d378fcfc37c7a72f6ff9dc87e006fe7e22fb995371807f6cabc39,boc,2026-01,https://www.brvm.org/sites/default/files/boc_20260116_2.pdf,boc_20260116_2.pdf,926700,2026-07-25T12:38:52Z,boc-2026
2378936b3f5b324028043f07eb164e90c415067daeff25a34ddd7ede7293c2a3,boc,2026-01,https://www.brvm.org/sites/default/files/boc_20260119_2.pdf,boc_20260119_2.pdf,879228,2026-07-25T12:39:11Z,boc-2026
d55ba2eb22ef93aaff2bd8d81f03f0ea8228ac6e06a049c40d987d7e36562d77,boc,2026-01,https://www.brvm.org/sites/default/files/boc_20260120_2.pdf,boc_20260120_2.pdf,829041,2026-07-25T12:39:30Z,boc-2026
772cee1ac1afd971b9e962b2ad52f21846a518b97cc4485bbdfc45742c7d1b97,boc,2026-01,https://www.brvm.org/sites/default/files/boc_20260121_2.pdf,boc_20260121_2.pdf,835907,2026-07-25T12:39:48Z,boc-2026
26caa4604a8975400db683396f45bcb2a23aa314698a3d92de0721cb34336231,boc,2026-01,https://www.brvm.org/sites/default/files/boc_20260122_2.pdf,boc_20260122_2.pdf,961062,2026-07-25T12:40:07Z,boc-2026
d087e71365c546abd6f48c84a0397053b12eba147f19b544d350696e90ebdda7,boc,2026-01,https://www.brvm.org/sites/default/files/boc_20260123_2.pdf,boc_20260123_2.pdf,832324,2026-07-25T12:40:26Z,boc-2026
de25e58cab8458b6e57ce828bdf57ca2f3e47f20511159f0ea52fcde3615eed7,boc,2026-01,https://www.brvm.org/sites/default/files/boc_20260126_2.pdf,boc_20260126_2.pdf,852442,2026-07-25T12:40:45Z,boc-2026
1e0ca5af60352d77237ece92c65b94c5d0fcce4edddb785d746f5e30aabfd277,boc,2026-01,https://www.brvm.org/sites/default/files/boc_20260127_2.pdf,boc_20260127_2.pdf,838638,2026-07-25T12:41:04Z,boc-2026
54c3d0860e6e5ec3698331d165ecdf727a582f24f015a185c557b32c629011c0,boc,2026-01,https://www.brvm.org/sites/default/files/boc_20260128_2.pdf,boc_20260128_2.pdf,874438,2026-07-25T12:41:23Z,boc-2026
8bbfd91060a3937b410540271975077629db9f67ba203f161a3e69218aac9429,boc,2026-01,https://www.brvm.org/sites/default/files/boc_20260129_2.pdf,boc_20260129_2.pdf,816396,2026-07-25T12:41:41Z,boc-2026
caa66d4fb4a19df578b3c6bff7f4412c6c298bdd1ee24cc56049835ea9296f00,boc,2025-12,https://www.brvm.org/sites/default/files/boc_20251201_2.pdf,boc_20251201_2.pdf,845538,2026-07-25T12:42:00Z,boc-2025
c15b3d4c1e4083b6885bc2c9e2fb811307e57ef0a49532ae115522ab57113731,boc,2025-12,https://www.brvm.org/sites/default/files/boc_20251202_2.pdf,boc_20251202_2.pdf,815020,2026-07-25T12:42:19Z,boc-2025
0184fa8b5c07ea15ee61a12f11266214fae748ba0547067aa2f9176d8e78af9a,boc,2025-12,https://www.brvm.org/sites/default/files/boc_20251203_2.pdf,boc_20251203_2.pdf,857143,2026-07-25T12:42:38Z,boc-2025
e6db5d9d0c9c466f40861ab1be4cd914ddd2523fe8d4762561612defa2bb54b2,boc,2025-12,https://www.brvm.org/sites/default/files/boc_20251204_2.pdf,boc_20251204_2.pdf,849135,2026-07-25T12:42:56Z,boc-2025
f2f67f1535f134c57cdb516cfb0d5a56d99e858c50bfdf7a3b2e9dcf4417a6a9,boc,2025-12,https://www.brvm.org/sites/default/files/boc_20251205_2.pdf,boc_20251205_2.pdf,831020,2026-07-25T12:43:15Z,boc-2025
6a05bdf3123268ffe28a4f3f5104f92894e8af4363216cd820ef5479a3b55e5f,boc,2025-12,https://www.brvm.org/sites/default/files/boc_20251208_2.pdf,boc_20251208_2.pdf,829536,2026-07-25T12:43:34Z,boc-2025
ec0a4bf45d25ab6fa340a9801a5e5bd0151d5236fb5514c001e35097e078d4aa,boc,2025-12,https://www.brvm.org/sites/default/files/boc_20251209_2.pdf,boc_20251209_2.pdf,940246,2026-07-25T12:43:53Z,boc-2025
bc8b0504ff6482b7613173953d4927e510aa2935ce50c1bdfc5875d676bc7ffe,boc,2025-12,https://www.brvm.org/sites/default/files/boc_20251210_2.pdf,boc_20251210_2.pdf,824555,2026-07-25T12:44:12Z,boc-2025
796ed074cee07f7deb59e2b473707bdd2d80fae8a074c5996916356c0c9225c4,boc,2025-12,https://www.brvm.org/sites/default/files/boc_20251211_2.pdf,boc_20251211_2.pdf,836497,2026-07-25T12:44:31Z,boc-2025
14687ae50b12af19490e2bce4a40517caadcb457f5b562674ef4321e27b07167,boc,2025-12,https://www.brvm.org/sites/default/files/boc_20251212_2.pdf,boc_20251212_2.pdf,827639,2026-07-25T12:44:49Z,boc-2025
74d4cf2e8199b05d2ebeaed1f82fa6ea03e4c0e193000a8f8592d8a048c83d1c,boc,2025-12,https://www.brvm.org/sites/default/files/boc_20251215_2.pdf,boc_20251215_2.pdf,825377,2026-07-25T12:45:08Z,boc-2025
c11ecd2ce11034818c9b523dc303352c3a7fec14290210b440767137a290495a,boc,2025-12,https://www.brvm.org/sites/default/files/boc_20251216_2.pdf,boc_20251216_2.pdf,833041,2026-07-25T12:45:27Z,boc-2025
5085d8ce73251de62ae2d34a4548aa63f6d2b76b375f6015e88eec90b2dbd481,boc,2025-12,https://www.brvm.org/sites/default/files/boc_20251217_2.pdf,boc_20251217_2.pdf,925727,2026-07-25T12:45:46Z,boc-2025
e7633650b696ca59db594e8d03a521308324b02e785ef4f0d7c7afad4259553a,boc,2025-12,https://www.brvm.org/sites/default/files/boc_20251218_2.pdf,boc_20251218_2.pdf,825891,2026-07-25T12:46:05Z,boc-2025
0f028888d1624ca9a8bcd72a50ee0c39cdf045f2bb1b3dc4f5ab511b694bc30e,boc,2025-12,https://www.brvm.org/sites/default/files/boc_20251219_2.pdf,boc_20251219_2.pdf,926939,2026-07-25T12:46:24Z,boc-2025
b8b6335dd93bcef3a0149e2e9a96a18f596277cbab0afb0107e60741a0e679f4,boc,2025-12,https://www.brvm.org/sites/default/files/boc_20251222_2.pdf,boc_20251222_2.pdf,837831,2026-07-25T12:46:42Z,boc-2025
735bb70859b5356bb99ab2e9bba7fc7b001ec8bc3d6dc2b9390ef76fff0dc6aa,boc,2025-12,https://www.brvm.org/sites/default/files/boc_20251223_2.pdf,boc_20251223_2.pdf,836265,2026-07-25T12:47:01Z,boc-2025
96d6ef226ecf50e0439d2d0dff13ed8f2cbedb8647362e576233844677697b32,boc,2025-12,https://www.brvm.org/sites/default/files/boc_20251224_2.pdf,boc_20251224_2.pdf,825414,2026-07-25T12:47:20Z,boc-2025
ac32cdd8b05cce67ee28b905a12138f06b794d6bf0c787774672a61382075d54,boc,2025-12,https://www.brvm.org/sites/default/files/boc_20251226_2.pdf,boc_20251226_2.pdf,839818,2026-07-25T12:48:11Z,boc-2025
78cb74ebb6414066eadb3071a546ecbbf9ddfb0b4063f23ead91a4363b8fe78f,boc,2025-12,https://www.brvm.org/sites/default/files/boc_20251229_2.pdf,boc_20251229_2.pdf,824977,2026-07-25T12:48:30Z,boc-2025
0bc82b060cf383b3fe86cea8c61063f1a670fc81ea692c4dc33faddc42c0d642,boc,2025-12,https://www.brvm.org/sites/default/files/boc_20251230_2.pdf,boc_20251230_2.pdf,843695,2026-07-25T12:48:49Z,boc-2025
fb1b9d195ac7a60a60deeeb472948cf626223843ad0cead8f64009088fbd82ae,boc,2025-11,https://www.brvm.org/sites/default/files/boc_20251103_2.pdf,boc_20251103_2.pdf,828308,2026-07-25T12:49:08Z,boc-2025
6ac3cb6149e8db7cc439ed1451078a0fdfb556c930cbb3f3abd93954b96b3772,boc,2025-11,https://www.brvm.org/sites/default/files/boc_20251104_2.pdf,boc_20251104_2.pdf,868759,2026-07-25T12:49:27Z,boc-2025
c7ee34b797cf7dafdad53e62e38bf5375777a2888c84c2dfc92086a694121b67,boc,2025-11,https://www.brvm.org/sites/default/files/boc_20251105_2.pdf,boc_20251105_2.pdf,826421,2026-07-25T12:49:46Z,boc-2025
dc96bed182f62ee48973f0cb3ddf907484e645c0d02bd926485c76cebb6efa0a,boc,2025-11,https://www.brvm.org/sites/default/files/boc_20251106_2.pdf,boc_20251106_2.pdf,816087,2026-07-25T12:50:05Z,boc-2025
0a4d21df0826145b5897b9871966130ba6b3765c181f7bf4b1a401849ef5854c,boc,2025-11,https://www.brvm.org/sites/default/files/boc_20251107_2.pdf,boc_20251107_2.pdf,864765,2026-07-25T12:50:24Z,boc-2025
4007e2d5e5f43d3b8a7573d9ebd9d7e4dd6fa6bd06bebebb302c11d357b9797f,boc,2025-11,https://www.brvm.org/sites/default/files/boc_20251110_2.pdf,boc_20251110_2.pdf,919262,2026-07-25T12:50:42Z,boc-2025
a09753ab8c8a30e65df41c9dbebaf6d1f97d81cfd6910ed39c9cd7740ddebae1,boc,2025-11,https://www.brvm.org/sites/default/files/boc_20251111_2.pdf,boc_20251111_2.pdf,819283,2026-07-25T12:51:01Z,boc-2025
3c4cea20dfbed4ebd7e93ba53c329cf79300f5174736ea2bb1f0fcd4191fe356,boc,2025-11,https://www.brvm.org/sites/default/files/boc_20251112_2.pdf,boc_20251112_2.pdf,821216,2026-07-25T12:51:20Z,boc-2025
c9cdbb479db1a551e9fa6617ce792d63e77438162289e7137b0dce5a9ffb766b,boc,2025-11,https://www.brvm.org/sites/default/files/boc_20251113_2.pdf,boc_20251113_2.pdf,822553,2026-07-25T12:51:39Z,boc-2025
cba9a6e2a7aae03906192c842031797b799f82c214c4cd92678644cb0593d22a,boc,2025-11,https://www.brvm.org/sites/default/files/boc_20251114_2.pdf,boc_20251114_2.pdf,820046,2026-07-25T19:40:03Z,boc-2025
b0f30de72eae70620d9d144b8a3198cf4a6ee71541deeb9b59a0d50b76f58496,boc,2025-11,https://www.brvm.org/sites/default/files/boc_20251117_2.pdf,boc_20251117_2.pdf,811890,2026-07-25T19:40:21Z,boc-2025
6611d6b60634569ff727ae6bb3c9cbe7289da69c05da9fb9b9f2a4b49eef55b9,boc,2025-11,https://www.brvm.org/sites/default/files/boc_20251118_2.pdf,boc_20251118_2.pdf,817945,2026-07-25T19:40:39Z,boc-2025
a3fc8f4ab905b685b5c6ab3e28c447f8a7acb606aa6faa6b265e2e306196c4aa,boc,2025-11,https://www.brvm.org/sites/default/files/boc_20251119_2.pdf,boc_20251119_2.pdf,821987,2026-07-25T19:40:57Z,boc-2025
cb62f52fd0389939fc09beda1f6c3575f240066649c6210b057f65409bf5baf1,boc,2025-11,https://www.brvm.org/sites/default/files/boc_20251120_2.pdf,boc_20251120_2.pdf,822346,2026-07-25T19:41:15Z,boc-2025
3def80f66b0369fbecdcccffb21a8bb500db7072dfc113ce77b4291240062122,boc,2025-11,https://www.brvm.org/sites/default/files/boc_20251121_2.pdf,boc_20251121_2.pdf,843072,2026-07-25T19:41:33Z,boc-2025
2e68c4f32214350af79839d8c2aaab1bb4eabff9da72e16e7aa5ddcfac114f51,boc,2025-11,https://www.brvm.org/sites/default/files/boc_20251124_2.pdf,boc_20251124_2.pdf,825565,2026-07-25T19:41:51Z,boc-2025
95fee2a44e32b9475d8753602987c62939417c0aa45c451e33500d9331843db3,boc,2025-11,https://www.brvm.org/sites/default/files/boc_20251125_2.pdf,boc_20251125_2.pdf,850557,2026-07-25T19:42:09Z,boc-2025
e7f5487bc827dc5c53950a36bd49d5bf27e697bf75bbb38fc1e5493ae4dad9de,boc,2025-11,https://www.brvm.org/sites/default/files/boc_20251126_2.pdf,boc_20251126_2.pdf,809218,2026-07-25T19:42:27Z,boc-2025
de7d28be562f3209a263ff4b9a90a7f582909efcfa3c0b0b8680fb992b329f8e,boc,2025-11,https://www.brvm.org/sites/default/files/boc_20251127_2.pdf,boc_20251127_2.pdf,855693,2026-07-25T19:42:45Z,boc-2025
0143d3b1e9f722611bc279d9f8f81da2fc267bf68c356a8e46de5c6cd3e2e1b6,boc,2025-10,https://www.brvm.org/sites/default/files/boc_20251001_2.pdf,boc_20251001_2.pdf,815473,2026-07-25T19:43:03Z,boc-2025
de59098c813d384091e88ccf7eb62ef88ae5e673dc9eff19a11f2a5ff9ac776a,boc,2025-10,https://www.brvm.org/sites/default/files/boc_20251002_2.pdf,boc_20251002_2.pdf,815698,2026-07-25T19:43:20Z,boc-2025
1f22af695a3a223e521e1ffa716e7f79d03fb353e1d462b6d0c7ec5b68034d6b,boc,2025-10,https://www.brvm.org/sites/default/files/boc_20251003_2.pdf,boc_20251003_2.pdf,932222,2026-07-25T19:43:38Z,boc-2025
d2a52844db3669f65c23e8f3ea17b76c50dbd009d8faaa89ae980473ffec2b55,boc,2025-10,https://www.brvm.org/sites/default/files/boc_20251006_2.pdf,boc_20251006_2.pdf,825870,2026-07-25T19:43:56Z,boc-2025
badde5481a3e9e57201a7740f1495254bb6383f5ca81dc2c4a0df5528429519c,boc,2025-10,https://www.brvm.org/sites/default/files/boc_20251007_2.pdf,boc_20251007_2.pdf,829354,2026-07-25T19:44:15Z,boc-2025
f4a4ce8ace0b9be075dd2432bcd5f88f97d5ad8a8e6672aeafd59e27719996ce,boc,2025-10,https://www.brvm.org/sites/default/files/boc_20251008.pdf,boc_20251008.pdf,821091,2026-07-25T19:44:54Z,boc-2025
6ecb9ece22083b80ae78e7f8d58b548592a6511edd84a288210298d49517c2b8,boc,2025-10,https://www.brvm.org/sites/default/files/boc_20251009_2.pdf,boc_20251009_2.pdf,823101,2026-07-25T19:45:12Z,boc-2025
7516705e5353ad68d8be0d5af3e3083adb7d7ffcbbaf8a416560098328209925,boc,2025-10,https://www.brvm.org/sites/default/files/boc_20251010_2.pdf,boc_20251010_2.pdf,820793,2026-07-25T19:45:30Z,boc-2025
ddf9d33fca375f45ddf8bffc2598658103e4f414b9a0a239ab64e397298425fc,boc,2025-10,https://www.brvm.org/sites/default/files/boc_20251013_2.pdf,boc_20251013_2.pdf,862021,2026-07-25T19:45:48Z,boc-2025
85c995d2d36d45c6ad16e45218b7ec257d54ceb2a8addae3fbee6360cb3291f5,boc,2025-10,https://www.brvm.org/sites/default/files/boc_20251014_2.pdf,boc_20251014_2.pdf,826418,2026-07-25T19:46:06Z,boc-2025
aa56a284df3260f2957283a1e62de99a9bcafecfed4407dc1c8240292dda75cd,boc,2025-10,https://www.brvm.org/sites/default/files/boc_20251015_2.pdf,boc_20251015_2.pdf,1260612,2026-07-25T19:46:24Z,boc-2025
5d6f8c5428cc7119f07d97ebdaafea40cb5a5556c626418387ce94cb5bdea3ee,boc,2025-10,https://www.brvm.org/sites/default/files/boc_20251016_2.pdf,boc_20251016_2.pdf,822736,2026-07-25T19:46:42Z,boc-2025
3d02eeb84e0cd0983fd9358af66f1599da7d25129a6e0811f81606f39ff2f306,boc,2025-10,https://www.brvm.org/sites/default/files/boc_20251017_2.pdf,boc_20251017_2.pdf,831884,2026-07-25T19:47:01Z,boc-2025
d79dcc2c5e6b14088b99c971b0a0b9b67c7f46fbd444f2e2c8e40eb1808e2f36,boc,2025-10,https://www.brvm.org/sites/default/files/boc_20251020_2.pdf,boc_20251020_2.pdf,823177,2026-07-25T19:47:19Z,boc-2025
0e160d7b8e01d11f8b181a93227149db55f9be32435b8989551d045f7ba48003,boc,2025-10,https://www.brvm.org/sites/default/files/boc_20251021_2.pdf,boc_20251021_2.pdf,820174,2026-07-25T19:47:37Z,boc-2025
4a39897aa8481958e980177ca049f26367eccbb87c5f74cc22b17c9011070286,boc,2025-10,https://www.brvm.org/sites/default/files/boc_20251022_2.pdf,boc_20251022_2.pdf,820933,2026-07-25T19:47:55Z,boc-2025
e8fcda78527c7fe9c6aec0f159f4f6cf3c4bc6ab5c8e9535df5a551c21826efa,boc,2025-10,https://www.brvm.org/sites/default/files/boc_20251023_2.pdf,boc_20251023_2.pdf,828297,2026-07-25T19:48:13Z,boc-2025
52663cc9b2684c0772905018e849813cd08f2ae21a74ea7250eab09bba616517,boc,2025-10,https://www.brvm.org/sites/default/files/boc_20251024_2.pdf,boc_20251024_2.pdf,811033,2026-07-25T19:48:31Z,boc-2025
4f47d4c294b81b896dead6dcf1b0f1ae1e1a1b6ebf86850afa0436e87ec3f843,boc,2025-10,https://www.brvm.org/sites/default/files/boc_20251027_2.pdf,boc_20251027_2.pdf,811124,2026-07-25T19:48:49Z,boc-2025
906a5dfce0778d265a0aaa02e656b16acb74477e05a884d249c15b221b3a36e1,boc,2025-10,https://www.brvm.org/sites/default/files/boc_20251028_2.pdf,boc_20251028_2.pdf,821977,2026-07-25T19:49:07Z,boc-2025
70190a2772be3e864fffed13ee17cb507e7647056e18785d7f8d9d046718f692,boc,2025-10,https://www.brvm.org/sites/default/files/boc_20251030_2.pdf,boc_20251030_2.pdf,857994,2026-07-25T19:49:58Z,boc-2025
42a642e0b71cbb14e004dae7da53c70f3a6a73c23e43601e0ed458f9e8613191,boc,2025-09,https://www.brvm.org/sites/default/files/boc_20250901_2.pdf,boc_20250901_2.pdf,855307,2026-07-25T19:50:17Z,boc-2025
de60d2812602fc778315ee3e0fc2f216146fd7d36e041dcef1561ce5e65cdd31,boc,2025-09,https://www.brvm.org/sites/default/files/boc_20250902_2.pdf,boc_20250902_2.pdf,810523,2026-07-25T19:50:39Z,boc-2025
52db637cf1a785114c98277a8960cd0afe6b05979a4ef0f3218a7b7aa783d976,boc,2025-09,https://www.brvm.org/sites/default/files/boc_20250903_2.pdf,boc_20250903_2.pdf,812320,2026-07-25T19:50:57Z,boc-2025
e4b15e3cbd8c11f15c75cba8e7de142d0a891cc079c5db911437944e174a6950,boc,2025-09,https://www.brvm.org/sites/default/files/boc_20250905_2.pdf,boc_20250905_2.pdf,846568,2026-07-25T19:52:13Z,boc-2025
5789232da123af01ed8adaabf3346010054b53cfc57744d9217f20d10edeab23,boc,2025-09,https://www.brvm.org/sites/default/files/boc_20250908_2.pdf,boc_20250908_2.pdf,816943,2026-07-25T19:52:31Z,boc-2025
8c4a5520dbd61b1f2c9e7ac5d2ce54e70ffe5b200345dc4c2c5df07c33e300af,boc,2025-09,https://www.brvm.org/sites/default/files/boc_20250909_2.pdf,boc_20250909_2.pdf,822187,2026-07-25T19:52:48Z,boc-2025
30269362f8efb62c0c58ad095e7137f4554f4f81e85eabc8d1d30e03d1fe13ab,boc,2025-09,https://www.brvm.org/sites/default/files/boc_20250910_2.pdf,boc_20250910_2.pdf,874289,2026-07-25T19:53:06Z,boc-2025
8ebb384dbbff7469c419f3cf5808ce3c2b8723aad247eb39bc4f03fc68dcd92b,boc,2025-09,https://www.brvm.org/sites/default/files/boc_20250911_2.pdf,boc_20250911_2.pdf,819615,2026-07-25T19:53:25Z,boc-2025
8591e8b9fd940b99747252a58cbb1f6f4ec13ac17ccb202b4cb881031ac95cd9,boc,2025-09,https://www.brvm.org/sites/default/files/boc_20250912.pdf,boc_20250912.pdf,826355,2026-07-25T19:54:06Z,boc-2025
75ac670b9377d83e5044adf0ba2fae5e79a239d385a7a410d5fae17c8a6e32b5,boc,2025-09,https://www.brvm.org/sites/default/files/boc_20250915_2.pdf,boc_20250915_2.pdf,813511,2026-07-25T19:54:24Z,boc-2025
8eb6b2b09a3d352e3687b08ccb5346e9b38164adaee982dba893e96aabbcf6aa,boc,2025-09,https://www.brvm.org/sites/default/files/boc_20250916_2.pdf,boc_20250916_2.pdf,854338,2026-07-25T19:54:42Z,boc-2025
95a4b64d6eec8fd7c80497b3f50c2b1c3956e13711583e389c23a03cfd5a20d6,boc,2025-09,https://www.brvm.org/sites/default/files/boc_20250917_2.pdf,boc_20250917_2.pdf,845767,2026-07-25T19:55:00Z,boc-2025
2e1bac8ff97c111548dc0c43daad52c8563a05d8c22e200e80a0eb941c828826,boc,2025-09,https://www.brvm.org/sites/default/files/boc_20250918_2.pdf,boc_20250918_2.pdf,855873,2026-07-25T19:55:18Z,boc-2025
bd6784e6b36c378ecefa2b99f674b5f4f7570079696244c66c8c47125e94a09f,boc,2025-09,https://www.brvm.org/sites/default/files/boc_20250919_2.pdf,boc_20250919_2.pdf,809277,2026-07-25T19:55:37Z,boc-2025
266ee32a6db4d7eeb911cf5d12f3b8fa465249752d22750f0977f4ad852af789,boc,2025-09,https://www.brvm.org/sites/default/files/boc_20250922_2.pdf,boc_20250922_2.pdf,863460,2026-07-25T19:55:55Z,boc-2025
705fb83d722e6d0b14887794189a85d17437dd054a0846ff7fa5df4fbf98bd3f,boc,2025-09,https://www.brvm.org/sites/default/files/boc_20250923_2.pdf,boc_20250923_2.pdf,832539,2026-07-25T19:56:13Z,boc-2025
71296ec10177436d5f159fd712ca728ce8369d41685be5522f4bf1af4850edce,boc,2025-09,https://www.brvm.org/sites/default/files/boc_20250924_2.pdf,boc_20250924_2.pdf,815217,2026-07-25T19:56:31Z,boc-2025
6697e1e6e65c51abc7f9ba29cbf95d47731deb0085e8f1bf2aef3c6d8cd27e3f,boc,2025-09,https://www.brvm.org/sites/default/files/boc_20250925_2.pdf,boc_20250925_2.pdf,1256448,2026-07-25T19:56:49Z,boc-2025
31a4981c681ae3cc7419d474b0ab49423f0a92658b31bc38f43825836c54af35,boc,2025-09,https://www.brvm.org/sites/default/files/boc_20250926_2.pdf,boc_20250926_2.pdf,831222,2026-07-25T19:57:07Z,boc-2025
d71deb78359d81ad2947b607f11b15959fee7b5a684518511c726c23b72fade7,boc,2025-09,https://www.brvm.org/sites/default/files/boc_20250929_2.pdf,boc_20250929_2.pdf,821333,2026-07-25T19:57:25Z,boc-2025
c470ab0b560aba6db4bb7722225e4bb180b005c78ad9ce559250d0a005fe44f9,boc,2025-08,https://www.brvm.org/sites/default/files/boc_20250801_2.pdf,boc_20250801_2.pdf,790198,2026-07-25T19:57:43Z,boc-2025
df6958241fcf6dae18ca79fbd9df1798732cfee12cb4f482e8a36e7352e721d5,boc,2025-08,https://www.brvm.org/sites/default/files/boc_20250804_2.pdf,boc_20250804_2.pdf,793730,2026-07-25T19:58:01Z,boc-2025
6a5d0d85eae1157b009b58a1fac957c43356aaf89f216ac518fc03407cf88144,boc,2025-08,https://www.brvm.org/sites/default/files/boc_20250805_2.pdf,boc_20250805_2.pdf,834189,2026-07-25T19:58:19Z,boc-2025
38ab59d3e143e3f96d4c275018fb56dbbdfad75bcefd529ef126b07dab0933b3,boc,2025-08,https://www.brvm.org/sites/default/files/boc_20250806_2.pdf,boc_20250806_2.pdf,833842,2026-07-25T19:58:37Z,boc-2025
935a18ed557ec5ede6d2f3f33317f63aaa0ab53a850f05c9cc890a31598e179d,boc,2025-08,https://www.brvm.org/sites/default/files/boc_20250808_2.pdf,boc_20250808_2.pdf,865150,2026-07-25T19:59:28Z,boc-2025
c00cda7399b472c60bb4b9a40c65a22e0e624b65d1dac51d814073f102d58279,boc,2025-08,https://www.brvm.org/sites/default/files/boc_20250811_2.pdf,boc_20250811_2.pdf,845497,2026-07-25T19:59:46Z,boc-2025
fbea18557762af696ba81830e1877817bc846e3fea9d11242373b2fb3c207087,boc,2025-08,https://www.brvm.org/sites/default/files/boc_20250812_2.pdf,boc_20250812_2.pdf,846546,2026-07-25T20:00:04Z,boc-2025
6d07c0389c1540872fc997fffd060df28fe4b9d091dc6ea37c3100ec4ba466fa,boc,2025-08,https://www.brvm.org/sites/default/files/boc_20250813_2.pdf,boc_20250813_2.pdf,840879,2026-07-25T20:00:21Z,boc-2025
fdb1719033f66b5a7e9d52441645d01e5b365e80b2774d1c0ab48d85d46f7187,boc,2025-08,https://www.brvm.org/sites/default/files/boc_20250814_2.pdf,boc_20250814_2.pdf,797481,2026-07-25T20:00:44Z,boc-2025
15814335ba8e02f9ffc38d3593fdd6b013bf0413366f4f7070dd4a7dc327381d,boc,2025-08,https://www.brvm.org/sites/default/files/boc_20250818_2.pdf,boc_20250818_2.pdf,790840,2026-07-25T20:02:05Z,boc-2025
008f8779e639362a701e657a3f85b06207970f6210be9f54df8816c37d322116,boc,2025-08,https://www.brvm.org/sites/default/files/boc_20250819_2.pdf,boc_20250819_2.pdf,796528,2026-07-25T20:02:23Z,boc-2025
0986fec8531f6bd1f8411dc4d75e7180b3ebf51315c7f1cdee5441233423f324,boc,2025-08,https://www.brvm.org/sites/default/files/boc_20250820_2.pdf,boc_20250820_2.pdf,840240,2026-07-25T20:02:41Z,boc-2025
5d0cd461abba1bf43d3f6b124f392ec0a3bb67f49589b4c88424fc0b22f156c5,boc,2025-08,https://www.brvm.org/sites/default/files/boc_20250821_2.pdf,boc_20250821_2.pdf,826585,2026-07-25T20:02:59Z,boc-2025
3a3e5531b8665085668bea114a42048fab9fb53275178bd50f518d49633e6fee,boc,2025-08,https://www.brvm.org/sites/default/files/boc_20250822_2.pdf,boc_20250822_2.pdf,793147,2026-07-25T20:03:17Z,boc-2025
5f6482d2330dcb57ae2fdd0fb83abd64303f8d5c3e6bec9839a9b176ffae0e59,boc,2025-08,https://www.brvm.org/sites/default/files/boc_20250825_2.pdf,boc_20250825_2.pdf,839644,2026-07-25T20:03:34Z,boc-2025
2b19e81b43b4b7ef10bd4316b7801ea59784f4682bba97aa62fd0ec36f7052dc,boc,2025-08,https://www.brvm.org/sites/default/files/boc_20250826_2.pdf,boc_20250826_2.pdf,847496,2026-07-25T20:03:53Z,boc-2025
baa2452be3dc5bc6e8a99f9ddf40e5c77bf227c67781b885bb7de8df31186496,boc,2025-08,https://www.brvm.org/sites/default/files/boc_20250827_2.pdf,boc_20250827_2.pdf,839681,2026-07-25T20:04:11Z,boc-2025
5de603c8973d497eda82567e18de59d8e5015057631981e8db2206c497e8f75e,boc,2025-08,https://www.brvm.org/sites/default/files/boc_20250828_2.pdf,boc_20250828_2.pdf,820789,2026-07-25T20:04:29Z,boc-2025
f963ada262f99f9a9c3c5ae1336b5c6d10aea6e2e87a37bd1b27f0c365af92df,boc,2025-07,https://www.brvm.org/sites/default/files/boc_20250701_2.pdf,boc_20250701_2.pdf,840207,2026-07-25T20:04:47Z,boc-2025
ee679119d270cd8b131615e5302732f1ee6ab56ab6c78eec3f745f66b6d256a9,boc,2025-07,https://www.brvm.org/sites/default/files/boc_20250702_2.pdf,boc_20250702_2.pdf,828578,2026-07-25T20:05:05Z,boc-2025
c93e769b26ebb43a54e0aa0dcb03280da6618f880da1e2f5ebb0f4c2f74d37b8,boc,2025-07,https://www.brvm.org/sites/default/files/boc_20250703_2.pdf,boc_20250703_2.pdf,793764,2026-07-25T20:05:23Z,boc-2025
14fb70f230880b0c628e870b5105f221fb841c5268e4380b80ce9faf855c69d7,boc,2025-07,https://www.brvm.org/sites/default/files/boc_20250704_2.pdf,boc_20250704_2.pdf,818316,2026-07-25T20:05:42Z,boc-2025
42880b59513f9448c7f8d52c1a220ca1ad09804afec7c721ced398fa8c329e25,boc,2025-07,https://www.brvm.org/sites/default/files/boc_20250707_2.pdf,boc_20250707_2.pdf,795471,2026-07-25T20:06:00Z,boc-2025
7f4f96df93df162852acd3780c22a36643c7ace6ad79e2e2c6e270f04cf87fd3,boc,2025-07,https://www.brvm.org/sites/default/files/boc_20250708_2.pdf,boc_20250708_2.pdf,783358,2026-07-25T20:06:18Z,boc-2025
5d5043fa9b2db6d07dca49f945243e8f34dad1f60ea2506133bc4a05de2d93ee,boc,2025-07,https://www.brvm.org/sites/default/files/boc_20250709_2.pdf,boc_20250709_2.pdf,819823,2026-07-25T20:06:36Z,boc-2025
8242ac49681c384840ca97173d960d1485787cb767c6ccb49d61913c4002ea37,boc,2025-07,https://www.brvm.org/sites/default/files/boc_20250710_2.pdf,boc_20250710_2.pdf,806793,2026-07-25T20:06:54Z,boc-2025
46c619ea7bbaaf92424c187ac511c62db2582d360e8dca888a00110b9695e07c,boc,2025-07,https://www.brvm.org/sites/default/files/boc_20250711_2.pdf,boc_20250711_2.pdf,778285,2026-07-25T20:07:12Z,boc-2025
d980bcf8af2c47dc5ee8c16c66707ff13830b76186e24462bc25b38d4bc0f8fa,boc,2025-07,https://www.brvm.org/sites/default/files/boc_20250714_2.pdf,boc_20250714_2.pdf,784501,2026-07-25T20:07:30Z,boc-2025
6ba559f9f1aa5408a0842bbf8b084723e0a62fba65b6d748535b77497fd33b71,boc,2025-07,https://www.brvm.org/sites/default/files/boc_20250715_2.pdf,boc_20250715_2.pdf,803988,2026-07-25T20:07:48Z,boc-2025
163789f8e2f4af6e5bed42f8af846a74b669e923f305cc9391417e204474c5f0,boc,2025-07,https://www.brvm.org/sites/default/files/boc_20250716_2.pdf,boc_20250716_2.pdf,847349,2026-07-25T20:08:06Z,boc-2025
32223e50ba2286e1795a431dcfd431573656e0ac9e1297828218b247909635f9,boc,2025-07,https://www.brvm.org/sites/default/files/boc_20250718_2.pdf,boc_20250718_2.pdf,798762,2026-07-25T20:08:58Z,boc-2025
77f27198e5a4e723cb144cc49f422789e6a3feb8b54988b3100b698815df6bbe,boc,2025-07,https://www.brvm.org/sites/default/files/boc_20250721_2.pdf,boc_20250721_2.pdf,832917,2026-07-25T20:09:16Z,boc-2025
2f75154b52eea776e988092e420cb6f7cec2907269c2c079b234c1ae0125a7f3,boc,2025-07,https://www.brvm.org/sites/default/files/boc_20250722_2.pdf,boc_20250722_2.pdf,782519,2026-07-25T20:09:34Z,boc-2025
600000da26a0968a4ce42b0d6ff8320b3c96b358f4de350b69de42a0a85fd142,boc,2025-07,https://www.brvm.org/sites/default/files/boc_20250723_2.pdf,boc_20250723_2.pdf,797561,2026-07-25T20:09:52Z,boc-2025
8dcbc80c0ecd26bbd666da16e4a86c528a45f00a14860e1f197a2e289efbbdc2,boc,2025-07,https://www.brvm.org/sites/default/files/boc_20250724_2.pdf,boc_20250724_2.pdf,860405,2026-07-25T20:10:10Z,boc-2025
254c68edc83852ff09cf01115684859f58e34f3f18b7175db476afb77488e473,boc,2025-07,https://www.brvm.org/sites/default/files/boc_20250725_2.pdf,boc_20250725_2.pdf,835808,2026-07-25T20:10:28Z,boc-2025
5fc74b61dc5feddbf1b6788994d4634d7cc93d89018777be962f6bdc6ba24220,boc,2025-07,https://www.brvm.org/sites/default/files/boc_20250728_2.pdf,boc_20250728_2.pdf,789711,2026-07-25T20:10:51Z,boc-2025
1ef2b4cb3fa06ba3d10b84bb289cb292325e11ffd6db363997bf7768815d0bb2,boc,2025-07,https://www.brvm.org/sites/default/files/boc_20250729_2.pdf,boc_20250729_2.pdf,834362,2026-07-25T20:11:09Z,boc-2025
21a107d048790ba1d86b7b1b743ad8c28d3c0ce51418a95f41f55b892b165516,boc,2025-07,https://www.brvm.org/sites/default/files/boc_20250730_2.pdf,boc_20250730_2.pdf,801871,2026-07-25T20:11:27Z,boc-2025
902cb7452fbf6892a5b2fcbf0b2fd9dd37e725c68a8f1b37f3456eb958189950,boc,2025-06,https://www.brvm.org/sites/default/files/boc_20250602_2.pdf,boc_20250602_2.pdf,798580,2026-07-25T20:11:45Z,boc-2025
317245798639123a6b65051397496212e57042d87f59fccec2a750e3b461bbf0,boc,2025-06,https://www.brvm.org/sites/default/files/boc_20250603_2.pdf,boc_20250603_2.pdf,874769,2026-07-25T20:12:03Z,boc-2025
71a6a0119874bd301b9ee015c863ac0844998e4bfa62e42263a7bf2aae31b138,boc,2025-06,https://www.brvm.org/sites/default/files/boc_20250604_2.pdf,boc_20250604_2.pdf,781270,2026-07-25T20:12:20Z,boc-2025
3c75f6883c65426b3f159bda797dfdaa03cc8d21c297aca939785d7cec4de979,boc,2025-06,https://www.brvm.org/sites/default/files/boc_20250605_2.pdf,boc_20250605_2.pdf,790610,2026-07-25T20:12:38Z,boc-2025
e46fb6eba756f5b42754c9a891dc9519c1523afbd8f9b11f3fe6c2b47a0f0662,boc,2025-06,https://www.brvm.org/sites/default/files/boc_20250610_2.pdf,boc_20250610_2.pdf,785297,2026-07-25T20:14:06Z,boc-2025
3e0e996404a642ada8f586a897260c253eca62172e3def0447f3fcf6bdf505f3,boc,2025-06,https://www.brvm.org/sites/default/files/boc_20250611_2.pdf,boc_20250611_2.pdf,868632,2026-07-25T20:14:23Z,boc-2025
3cd05b7a8beb488cb2d85406b72a846eb73d1bd33e3473639f99d6d460597400,boc,2025-06,https://www.brvm.org/sites/default/files/boc_20250612_2.pdf,boc_20250612_2.pdf,785476,2026-07-25T20:14:41Z,boc-2025
124fa02395b7efc63738b4b383a2dec2be25993a28f856740a8001fd9ca6279a,boc,2025-06,https://www.brvm.org/sites/default/files/boc_20250613_2.pdf,boc_20250613_2.pdf,830218,2026-07-25T20:14:59Z,boc-2025
0a650914cf63926e2a16fde3707b908fb1402a6849cd8bb71df855c6d4c50e88,boc,2025-06,https://www.brvm.org/sites/default/files/boc_20250616_2.pdf,boc_20250616_2.pdf,836272,2026-07-25T20:15:17Z,boc-2025
45d1fb68e76199c9af02b87a794a87186a9b3e7a7f7f7f39ae7b5357bdc186e1,boc,2025-06,https://www.brvm.org/sites/default/files/boc_20250617_2.pdf,boc_20250617_2.pdf,851141,2026-07-25T20:15:35Z,boc-2025
55335234c7ce3fb8b4cfd4782be7a161524964901f15e4d83fb4224bc16c0e35,boc,2025-06,https://www.brvm.org/sites/default/files/boc_20250618_2.pdf,boc_20250618_2.pdf,786222,2026-07-25T20:15:53Z,boc-2025
ea155be49f60625560e349bd6aef01ec97d9987633a9585ab649343804f578e6,boc,2025-06,https://www.brvm.org/sites/default/files/boc_20250619_2.pdf,boc_20250619_2.pdf,800857,2026-07-25T20:16:17Z,boc-2025
01b49754ae92ee68060c4ca31c062cd64159c5f5cdf6ce86e368f79d73c06e95,boc,2025-06,https://www.brvm.org/sites/default/files/boc_20250620_2.pdf,boc_20250620_2.pdf,815680,2026-07-25T20:17:02Z,boc-2025
60310d96f2f1dd9211f15ff3b81f3e6a948dc7d65fdf28cd4dd0bf0109e1a64e,boc,2025-06,https://www.brvm.org/sites/default/files/boc_20250623_2.pdf,boc_20250623_2.pdf,794876,2026-07-25T20:17:31Z,boc-2025
993aff074e633a4f25227f9286796f9b159685516380a4c9ca7e656fcbe246c6,boc,2025-06,https://www.brvm.org/sites/default/files/boc_20250624_2.pdf,boc_20250624_2.pdf,827025,2026-07-25T20:18:00Z,boc-2025
2454da55c6d68225bfb9f2b303feb40f5a78382f77714f027b94a57cff235e15,boc,2025-06,https://www.brvm.org/sites/default/files/boc_20250625_2.pdf,boc_20250625_2.pdf,860497,2026-07-25T20:18:25Z,boc-2025
75ce7a92932f7eb7ed0f36dadb7769cbf38fe592dfde017f48559688b3734545,boc,2025-06,https://www.brvm.org/sites/default/files/boc_20250626_2.pdf,boc_20250626_2.pdf,838694,2026-07-25T20:18:51Z,boc-2025
4fbce262425e72c3bf4145deda6bbb49c743a4b2a40f1d18108ce661c075cb08,boc,2025-06,https://www.brvm.org/sites/default/files/boc_20250627_2.pdf,boc_20250627_2.pdf,835545,2026-07-25T20:19:11Z,boc-2025
c006639dfeed81945ccd47130c46f97d1c2d1ff6e522f021bf9327575ce26b90,boc,2025-05,https://www.brvm.org/sites/default/files/boc_20250502.pdf,boc_20250502.pdf,836253,2026-07-25T20:22:01Z,boc-2025
da2d7907fd8bff0fa78aebcb6fc829ca9c9567a3921dd67c79cb5ae66b354fe1,boc,2025-05,https://www.brvm.org/sites/default/files/boc_20250505_2.pdf,boc_20250505_2.pdf,786789,2026-07-25T20:22:19Z,boc-2025
1294514858073920c0339d24394fb49ece86dbd8717b156453380f16fc59ab03,boc,2025-05,https://www.brvm.org/sites/default/files/boc_20250506_2.pdf,boc_20250506_2.pdf,824377,2026-07-25T20:22:36Z,boc-2025
b6ca7e8b47a8f189e080afd5fa2fbc2cd1e6979d34f1a5518cc5428315d2bb98,boc,2025-05,https://www.brvm.org/sites/default/files/boc_20250507_2.pdf,boc_20250507_2.pdf,820809,2026-07-25T20:22:53Z,boc-2025
e1a062b24000708f06bc708a7a21dc2346d3c89490fd15e0527a27a516a7cfe4,boc,2025-05,https://www.brvm.org/sites/default/files/boc_20250508_2.pdf,boc_20250508_2.pdf,782652,2026-07-25T20:23:11Z,boc-2025
eefab3dd501205c8be3e0bfba687e95ecfeb990afb5158b8757b1096d2742ee8,boc,2025-05,https://www.brvm.org/sites/default/files/boc_20250509_2.pdf,boc_20250509_2.pdf,781054,2026-07-25T20:23:29Z,boc-2025
90bde211dbe60690c8f1536994ec3af4a09724a1084d29b874e6a2959ec4991d,boc,2025-05,https://www.brvm.org/sites/default/files/boc_20250513_2.pdf,boc_20250513_2.pdf,785215,2026-07-25T20:24:19Z,boc-2025
949cbaaedd510f5ec4ab3c74ece11c37755283039db74a4f3813ec111b8ed791,boc,2025-05,https://www.brvm.org/sites/default/files/boc_20250514_2.pdf,boc_20250514_2.pdf,809095,2026-07-25T20:24:37Z,boc-2025
928c9c4e3d6f9e1ff102e9b323774c9641c012d5babc014f46c0320f8d0bcfea,boc,2025-05,https://www.brvm.org/sites/default/files/boc_20250515_2.pdf,boc_20250515_2.pdf,847212,2026-07-25T20:24:55Z,boc-2025
32a3abfa82161547820b53f70323eebc1900f88dafd5db72e9ebd1f572155c32,boc,2025-05,https://www.brvm.org/sites/default/files/boc_20250516_2.pdf,boc_20250516_2.pdf,785081,2026-07-25T20:25:13Z,boc-2025
ac73edfc8b8570700c186648a86958189e8f3f24f6fc76031dcdf2aa7c4ef886,boc,2025-05,https://www.brvm.org/sites/default/files/boc_20250519_2.pdf,boc_20250519_2.pdf,775651,2026-07-25T20:25:31Z,boc-2025
b52197a599e98954fdb6e81e65af7d0f88957839991a8b106f009cc971478aa7,boc,2025-05,https://www.brvm.org/sites/default/files/boc_20250520_2.pdf,boc_20250520_2.pdf,803130,2026-07-25T20:25:48Z,boc-2025
428bdfcc8baf9afe5ac9c9ea2b2a86853477cce2890f079e3739526b8e9d81bd,boc,2025-05,https://www.brvm.org/sites/default/files/boc_20250521_2.pdf,boc_20250521_2.pdf,786362,2026-07-25T20:26:06Z,boc-2025
8dd220aab92471621a3acd57f005fa58f5ea1069f1427137e225d49c57af02b5,boc,2025-05,https://www.brvm.org/sites/default/files/boc_20250522_2.pdf,boc_20250522_2.pdf,793808,2026-07-25T20:26:24Z,boc-2025
c5b83bd7352fbcfdc18565286cf270fdbdac38aecfeb154ec8c90625758e7084,boc,2025-05,https://www.brvm.org/sites/default/files/boc_20250523_2.pdf,boc_20250523_2.pdf,808899,2026-07-25T20:26:42Z,boc-2025
8b1edf1f01bd8539b94fb2a968208eac82c7174b357772ca10acb930f3d720b1,boc,2025-05,https://www.brvm.org/sites/default/files/boc_20250526_2.pdf,boc_20250526_2.pdf,816157,2026-07-25T20:27:00Z,boc-2025
222e211f46dbdc30e4a47584502f57f49d1283f1463f047575d6331aeb11ada9,boc,2025-05,https://www.brvm.org/sites/default/files/boc_20250527_2.pdf,boc_20250527_2.pdf,787666,2026-07-25T20:27:18Z,boc-2025
52a137877e74d61286295a56c04b4788525f8e2ae0fd05afa2c0428dc508b0b9,boc,2025-05,https://www.brvm.org/sites/default/files/boc_20250528_2.pdf,boc_20250528_2.pdf,831425,2026-07-25T20:27:36Z,boc-2025
efb8f8a0f14616be6a0103cfab02619c6310d75f5b0ff7b7f0f4cd7623e399c6,boc,2025-04,https://www.brvm.org/sites/default/files/boc_20250401_2.pdf,boc_20250401_2.pdf,889056,2026-07-25T20:28:25Z,boc-2025
90ab1ab982b0fe1c72c865c29fe3a1cab49a9a326263358a51a14dafe826fcac,boc,2025-04,https://www.brvm.org/sites/default/files/boc_20250402_2.pdf,boc_20250402_2.pdf,776484,2026-07-25T20:28:43Z,boc-2025
427196a2734cce091fe3c32743d4c657f8f88b622a0278288d5b31f1c2705eab,boc,2025-04,https://www.brvm.org/sites/default/files/boc_20250403_2.pdf,boc_20250403_2.pdf,772005,2026-07-25T20:29:00Z,boc-2025
a3722da70920b6f44a4d2c789fbae783023fdc2073fa565e7f4972f14ad29497,boc,2025-04,https://www.brvm.org/sites/default/files/boc_20250404_2.pdf,boc_20250404_2.pdf,800199,2026-07-25T20:29:17Z,boc-2025
ae867960ea8b68d114e1beacfa85b5687b8249aa05aed0f9f17959017192e4a3,boc,2025-04,https://www.brvm.org/sites/default/files/boc_20250407.pdf,boc_20250407.pdf,859384,2026-07-25T20:29:56Z,boc-2025
afe6a1cb9e96234f79b43e997468559930e04d444690be8eecbacca3a7a713f3,boc,2025-04,https://www.brvm.org/sites/default/files/boc_20250408_2.pdf,boc_20250408_2.pdf,769786,2026-07-25T20:30:13Z,boc-2025
a3fd27bff466da32bf1af6c9649b1ae3bc4c37acc13ac25232a3afddec63ccd8,boc,2025-04,https://www.brvm.org/sites/default/files/boc_20250409_2.pdf,boc_20250409_2.pdf,767290,2026-07-25T20:30:30Z,boc-2025
2ed9d722cb7f23dcdcb7060fc1ce1b3a2704279d851df97b4bb905190be49700,boc,2025-04,https://www.brvm.org/sites/default/files/boc_20250410_2.pdf,boc_20250410_2.pdf,763526,2026-07-25T20:30:47Z,boc-2025
613aca22001e5863466dbcdddc867532faa406f9eefe02330ee53e0ed1ebb1ea,boc,2025-04,https://www.brvm.org/sites/default/files/boc_20250411_2.pdf,boc_20250411_2.pdf,803032,2026-07-25T20:31:05Z,boc-2025
03ad60764437b732293f3c5fe1f56d05138b8c73b6a1d76eb0d832a51e0d0429,boc,2025-04,https://www.brvm.org/sites/default/files/boc_20250414_2.pdf,boc_20250414_2.pdf,782769,2026-07-25T20:31:22Z,boc-2025
dafc1344fb95f4e9782ea285893b1e07389b1b7ae014a03f119477220ba69e91,boc,2025-04,https://www.brvm.org/sites/default/files/boc_20250415_2.pdf,boc_20250415_2.pdf,775378,2026-07-25T20:31:44Z,boc-2025
27e09d47ca9dd7e853d63476a54fe571be392eb699df538832bb484fd6c4ca45,boc,2025-04,https://www.brvm.org/sites/default/files/boc_20250416_2.pdf,boc_20250416_2.pdf,815969,2026-07-25T20:32:02Z,boc-2025
d60d6bae45f485b7723462dff8c2509d9f94091622eb47185e247aaf8a7335b2,boc,2025-04,https://www.brvm.org/sites/default/files/boc_20250417_2.pdf,boc_20250417_2.pdf,775834,2026-07-25T20:32:19Z,boc-2025
28fc22813cd2222d841935052be2cb26fc66e5b7e16fdfcb1fadc42de7cff8e6,boc,2025-04,https://www.brvm.org/sites/default/files/boc_20250418_2.pdf,boc_20250418_2.pdf,816774,2026-07-25T20:32:37Z,boc-2025
963d4648c2955f7533e5bbf044816a1d32a5c0fc847a0e267f3c031167d8ede6,boc,2025-04,https://www.brvm.org/sites/default/files/boc_20250422_2.pdf,boc_20250422_2.pdf,770768,2026-07-25T20:33:26Z,boc-2025
937739a8b7bcab40d80eb557565f02cb9f397d55460eec1dce61463678048a42,boc,2025-04,https://www.brvm.org/sites/default/files/boc_20250423_2.pdf,boc_20250423_2.pdf,822863,2026-07-25T20:33:43Z,boc-2025
9abd0db91ad71d0e82457c8d010cfbfe7a48c1224aae143167f976962dfa0f80,boc,2025-04,https://www.brvm.org/sites/default/files/boc_20250424_2.pdf,boc_20250424_2.pdf,775421,2026-07-25T20:34:01Z,boc-2025
f7ab33a486471e19487dbf708404630901e089f0a5dd8776359e5b19663b2cbf,boc,2025-04,https://www.brvm.org/sites/default/files/boc_20250425.pdf,boc_20250425.pdf,844497,2026-07-25T20:34:39Z,boc-2025
25d9688fb0dff7a1310fd4f18a8b8c17a0ea5bcb2ee1c929b0e1079d5118efe0,boc,2025-04,https://www.brvm.org/sites/default/files/boc_20250428_2.pdf,boc_20250428_2.pdf,778986,2026-07-25T20:34:57Z,boc-2025
16a231162af5e1b9dd4466749a17d99e4e056de78cd662b8eb21a63e7d3d95be,boc,2025-04,https://www.brvm.org/sites/default/files/boc_20250429_2.pdf,boc_20250429_2.pdf,812161,2026-07-25T20:35:14Z,boc-2025
75f698db5473d747a26d7484366763fdb14a45b8b78d20a00da9910aeb64d1d7,boc,2025-03,https://www.brvm.org/sites/default/files/boc_20250303_2.pdf,boc_20250303_2.pdf,765128,2026-07-25T20:35:32Z,boc-2025
105a8adddd0f4fdf261160bd2b34491cc95c430b5f2c3541b79b98638ea9bc63,boc,2025-03,https://www.brvm.org/sites/default/files/boc_20250304_2.pdf,boc_20250304_2.pdf,793309,2026-07-25T20:35:49Z,boc-2025
07278bb331315dd7031b7b4c05e971178828397731e56f85b89bdabf78120d1d,boc,2025-03,https://www.brvm.org/sites/default/files/boc_20250305_2.pdf,boc_20250305_2.pdf,763310,2026-07-25T20:36:06Z,boc-2025
ee3a925a8aa052deaccd996ae6664ee92edb3525a58e0b70db4fa2283e2d25f8,boc,2025-03,https://www.brvm.org/sites/default/files/boc_20250306_2.pdf,boc_20250306_2.pdf,770789,2026-07-25T20:36:23Z,boc-2025
3239f1b265d2ed1485d5ad4e283214862e6f018013a572604bf97096dc8d9afd,boc,2025-03,https://www.brvm.org/sites/default/files/boc_20250307_2.pdf,boc_20250307_2.pdf,761274,2026-07-25T20:36:40Z,boc-2025
0f0ddb72ec95505c38238c1fb71c867704ffa264182af4bd13930cfb3cd11bfd,boc,2025-03,https://www.brvm.org/sites/default/files/boc_20250310_2.pdf,boc_20250310_2.pdf,767772,2026-07-25T20:36:57Z,boc-2025
8a43e0fed1994972c8151bc2e5b7e0d1702c4384145796955bd80b091fbd8851,boc,2025-03,https://www.brvm.org/sites/default/files/boc_20250311_2.pdf,boc_20250311_2.pdf,766826,2026-07-25T20:37:14Z,boc-2025
93cf85236d3a028f59bfca8141d268f978b2b30e3cac9ec233ee8c1588c41eb3,boc,2025-03,https://www.brvm.org/sites/default/files/boc_20250312_2.pdf,boc_20250312_2.pdf,763469,2026-07-25T20:37:31Z,boc-2025
b84ec71772715a58d574cab1937284d742f47760c3a11059fdaaa84a06ba0651,boc,2025-03,https://www.brvm.org/sites/default/files/boc_20250313_2.pdf,boc_20250313_2.pdf,796430,2026-07-25T20:37:48Z,boc-2025
9f063fa055b28c60888f087d84647fe98e7967f8a1318714fbe2971c6a51f6a0,boc,2025-03,https://www.brvm.org/sites/default/files/boc_20250314_2.pdf,boc_20250314_2.pdf,769365,2026-07-25T20:38:06Z,boc-2025
0870872160e8679609893074c8a53fc309917044082a9d4cbfc3d8e7187a1412,boc,2025-03,https://www.brvm.org/sites/default/files/boc_20250317_2.pdf,boc_20250317_2.pdf,789905,2026-07-25T20:38:23Z,boc-2025
25e7652bf89d67f90556e583bf962aa96ae117e2c0b6635d3abd5c8257455747,boc,2025-03,https://www.brvm.org/sites/default/files/boc_20250318_2.pdf,boc_20250318_2.pdf,784499,2026-07-25T20:46:40Z,boc-2025
5e9e1c82631be09cfc9ffbdc6ec3bb265476f72045f7e17ec61bdba2360d657a,boc,2025-03,https://www.brvm.org/sites/default/files/boc_20250319_2.pdf,boc_20250319_2.pdf,807711,2026-07-25T20:46:58Z,boc-2025
53b2af5784e5d347b93a9069a41535fbc15fde2f82efac55fa730f3fed8173c3,boc,2025-03,https://www.brvm.org/sites/default/files/boc_20250320_2.pdf,boc_20250320_2.pdf,767046,2026-07-25T20:47:14Z,boc-2025
fe9988f255065ab76af41b59325efa4f6ea80dd4568322d73c0fd932a031cefc,boc,2025-03,https://www.brvm.org/sites/default/files/boc_20250324_2.pdf,boc_20250324_2.pdf,961153,2026-07-25T20:48:03Z,boc-2025
60174eb92c6163345c5582ee2ffa504d4bd9defc6e63175d179fa501ce6919b9,boc,2025-03,https://www.brvm.org/sites/default/files/boc_20250325_2.pdf,boc_20250325_2.pdf,800989,2026-07-25T20:48:19Z,boc-2025
4d3a48e5319c53cb1efbfb9ba5e477384045fe4933de29a7293f7a44c3b752b3,boc,2025-03,https://www.brvm.org/sites/default/files/boc_20250326_2.pdf,boc_20250326_2.pdf,768855,2026-07-25T20:48:35Z,boc-2025
e56470fc2a8da1b407407d72e6a872d0c381e8e5531271eca7edec5f863ebb3c,boc,2025-02,https://www.brvm.org/sites/default/files/boc_20250203_2.pdf,boc_20250203_2.pdf,760054,2026-07-25T20:49:56Z,boc-2025
a68a21fefae8d366cf33360dc2133312997463491edda716036e2648502b5a7f,boc,2025-02,https://www.brvm.org/sites/default/files/boc_20250204_2.pdf,boc_20250204_2.pdf,793157,2026-07-25T20:50:12Z,boc-2025
82fd2ae74f219b5e29017d9e951291008140a76a945a5c8aa6ce553ae4e73d2e,boc,2025-02,https://www.brvm.org/sites/default/files/boc_20250205_2.pdf,boc_20250205_2.pdf,764798,2026-07-25T20:50:28Z,boc-2025
327f4288557448520932ce721ee9665527ac64e40e8efc64f585450d34f5c9dd,boc,2025-02,https://www.brvm.org/sites/default/files/boc_20250206_2.pdf,boc_20250206_2.pdf,761302,2026-07-25T20:50:44Z,boc-2025
aa604b4deb4297db972c3ccbe0779de50a0d8471e1c2dee9d333adc373122361,boc,2025-02,https://www.brvm.org/sites/default/files/boc_20250207_2.pdf,boc_20250207_2.pdf,806822,2026-07-25T20:50:59Z,boc-2025
3945bcf67a50b25be5d0f97f3759ce58887ae9fa787da1594fa254f7ae6ed22f,boc,2025-02,https://www.brvm.org/sites/default/files/boc_20250210_2.pdf,boc_20250210_2.pdf,760232,2026-07-25T20:51:15Z,boc-2025
1111f069623b2aa8f9aae31c9807b37777db778a2c291912551c158aab6451fd,boc,2025-02,https://www.brvm.org/sites/default/files/boc_20250211_2.pdf,boc_20250211_2.pdf,761751,2026-07-25T20:51:31Z,boc-2025
a57fb387419d766ff36658275459018229a57c988d7c8aa966dca1603886e979,boc,2025-02,https://www.brvm.org/sites/default/files/boc_20250212_2.pdf,boc_20250212_2.pdf,811352,2026-07-25T20:51:47Z,boc-2025
b2b8dba6bb763755fef5c54910c69988be8280a5304a2144415b5800e7da55ae,boc,2025-02,https://www.brvm.org/sites/default/files/boc_20250213_2.pdf,boc_20250213_2.pdf,762011,2026-07-25T20:52:03Z,boc-2025
af72cfdde320724b72026a42e89c2df401c855fd3eae524e134582d4892986e9,boc,2025-02,https://www.brvm.org/sites/default/files/boc_20250214_2.pdf,boc_20250214_2.pdf,758299,2026-07-25T20:52:19Z,boc-2025
4b3e31e6053e30df3d8ed8133815b3e6b44b411936bd29bbe314ab85969ac64d,boc,2025-02,https://www.brvm.org/sites/default/files/boc_20250217_2.pdf,boc_20250217_2.pdf,739679,2026-07-25T20:52:35Z,boc-2025
736525de2252c66470c8d91a659e917cf191e14ddb7042500940d74ac170745f,boc,2025-02,https://www.brvm.org/sites/default/files/boc_20250218_2.pdf,boc_20250218_2.pdf,754384,2026-07-25T20:52:51Z,boc-2025
9d3d0a327f6c10b3726b29a329487d3836a58051a08033a2bf6bdce8c062f0e5,boc,2025-02,https://www.brvm.org/sites/default/files/boc_20250219_2.pdf,boc_20250219_2.pdf,802415,2026-07-25T20:53:07Z,boc-2025
d557c38d9a000c2831bb9cd2048c623c2f884c274fd5dbed57074cbfaa91cac7,boc,2025-02,https://www.brvm.org/sites/default/files/boc_20250220_2.pdf,boc_20250220_2.pdf,764031,2026-07-25T20:53:23Z,boc-2025
16c472a1bab60feaddb7fdce0c0380cfe33cade74466dfc07f175e4632ea1531,boc,2025-02,https://www.brvm.org/sites/default/files/boc_20250221_2.pdf,boc_20250221_2.pdf,787564,2026-07-25T20:53:39Z,boc-2025
317b425187c32f6cbc9eb74c1bef2ecccc11dd7c655d19817e36c889329f522d,boc,2025-02,https://www.brvm.org/sites/default/files/boc_20250224_2.pdf,boc_20250224_2.pdf,790735,2026-07-25T20:53:54Z,boc-2025
cd3d6c236f85e84ca8226fd190c881fb7c2a74e984ed9c7a94b4adb352019d17,boc,2025-02,https://www.brvm.org/sites/default/files/boc_20250225_2.pdf,boc_20250225_2.pdf,765842,2026-07-25T20:54:10Z,boc-2025
f998bfa1f2ed2b7de24367dfa48767b2ef1444f9120394022b378a0029a06028,boc,2025-02,https://www.brvm.org/sites/default/files/boc_20250226_2.pdf,boc_20250226_2.pdf,763478,2026-07-25T20:54:26Z,boc-2025
0535957d65c0ee847a300e29a4482a0712c2602a06a3024c7e7542ef45418b08,boc,2025-02,https://www.brvm.org/sites/default/files/boc_20250227_2.pdf,boc_20250227_2.pdf,755290,2026-07-25T20:54:42Z,boc-2025
be1bb0cb4c2cfef54234bb0bbab20ad3473688122c231bce99dd2476ab57752f,boc,2025-01,https://www.brvm.org/sites/default/files/boc_20250102_2.pdf,boc_20250102_2.pdf,772445,2026-07-25T20:55:30Z,boc-2025
29cdcb7d25285b1c7efd2f1da1b46b01de63f6fdf74bc7dea423bc76b9ddaaca,boc,2025-01,https://www.brvm.org/sites/default/files/boc_20250103_2.pdf,boc_20250103_2.pdf,791703,2026-07-25T20:55:46Z,boc-2025
896850d2420a0b526120a1fd27fadcbe81261ae4d35913616665a30a9659b3f5,boc,2025-01,https://www.brvm.org/sites/default/files/boc_20250106_2.pdf,boc_20250106_2.pdf,770325,2026-07-25T20:56:02Z,boc-2025
534c6f6557a2df29fd870745814515205285dea150701455842c71b8f653009a,boc,2025-01,https://www.brvm.org/sites/default/files/boc_20250107_2.pdf,boc_20250107_2.pdf,786924,2026-07-25T20:56:18Z,boc-2025
91be1b139fdb9a765acfd817c3505b3f8c8642c933def574df6bc8df54372d4e,boc,2025-01,https://www.brvm.org/sites/default/files/boc_20250108_2.pdf,boc_20250108_2.pdf,763431,2026-07-25T20:56:34Z,boc-2025
1dbf7596a84c0168e0becafc7d1e6182bd7fca20f108865b9581cbaf4c8673e8,boc,2025-01,https://www.brvm.org/sites/default/files/boc_20250109_2.pdf,boc_20250109_2.pdf,785956,2026-07-25T20:56:50Z,boc-2025
45aa91a074cad4129530e1f421884fc54f39d4554501aa307c6b92d70387abd3,boc,2025-01,https://www.brvm.org/sites/default/files/boc_20250110_2.pdf,boc_20250110_2.pdf,803587,2026-07-25T20:57:07Z,boc-2025
a98ce38cdbe108cc941f870f69197d91b1c6e1e73e4ef1af6ebb93f616f37fa7,boc,2025-01,https://www.brvm.org/sites/default/files/boc_20250113_2.pdf,boc_20250113_2.pdf,771209,2026-07-25T20:57:23Z,boc-2025
995c1da3cca0f19d593484dbf777056e8bcbebc38cc9a2991646e234cdf02802,boc,2025-01,https://www.brvm.org/sites/default/files/boc_20250114_2.pdf,boc_20250114_2.pdf,785232,2026-07-25T20:57:39Z,boc-2025
4525eedd045de86773b743e2aa68582f313eefe7a4f7266e0aaf027941b79253,boc,2025-01,https://www.brvm.org/sites/default/files/boc_20250115_2.pdf,boc_20250115_2.pdf,837013,2026-07-25T20:57:55Z,boc-2025
3d81bc37dd68772b67dade910c498b98687e8a406490063b43ad720eeaa61600,boc,2025-01,https://www.brvm.org/sites/default/files/boc_20250116_2.pdf,boc_20250116_2.pdf,758312,2026-07-25T20:58:11Z,boc-2025
179fb962c6292f1a74975e7e605447d90e8e0a3e5e2413b17f19546e1c43b4ca,boc,2025-01,https://www.brvm.org/sites/default/files/boc_20250117_2.pdf,boc_20250117_2.pdf,782984,2026-07-25T20:58:27Z,boc-2025
a84d66de9f392ecb05c547bff041f017fce05d56018c5aeff41a7e5701d8b7d9,boc,2025-01,https://www.brvm.org/sites/default/files/boc_20250120_2.pdf,boc_20250120_2.pdf,755278,2026-07-25T20:58:43Z,boc-2025
aa16c0f0fedbd57cb0389b4371407884bcf98d8b8c77c092437aa696f3f41ef5,boc,2025-01,https://www.brvm.org/sites/default/files/boc_20250121_2.pdf,boc_20250121_2.pdf,748637,2026-07-25T20:58:59Z,boc-2025
9576cd92e50474d368d76dab497b3b0bca6a38ce957dfdd39fc8c7ff51630fcb,boc,2025-01,https://www.brvm.org/sites/default/files/boc_20250122_2.pdf,boc_20250122_2.pdf,773918,2026-07-25T20:59:15Z,boc-2025
02c647fc8b2f08af515b0274f81207ab40de2e16d4feedc6a21732b337594a28,boc,2025-01,https://www.brvm.org/sites/default/files/boc_20250123_2.pdf,boc_20250123_2.pdf,760694,2026-07-25T20:59:30Z,boc-2025
326f5f98352739deb847378c40c6f081197891020268660861d14e4ef414a0a3,boc,2025-01,https://www.brvm.org/sites/default/files/boc_20250124.pdf,boc_20250124.pdf,829432,2026-07-25T21:00:13Z,boc-2025
5ae18a9ed6461e2b2c6798069288bf27b61b1a8c966b74d1ed0938bb11ad1cc1,boc,2025-01,https://www.brvm.org/sites/default/files/boc_20250127_2.pdf,boc_20250127_2.pdf,756445,2026-07-25T21:00:29Z,boc-2025
cf85dc8665e400b36f0acf4f2d05258d3e31270a2d463a5e19e4e2b5ae07d041,boc,2025-01,https://www.brvm.org/sites/default/files/boc_20250128_2.pdf,boc_20250128_2.pdf,748812,2026-07-25T21:00:45Z,boc-2025
72c10f6e0499c3ccc79220bf4a7ba9b852b008e441a62e09b6fc075f75196331,boc,2025-01,https://www.brvm.org/sites/default/files/boc_20250129_2.pdf,boc_20250129_2.pdf,755536,2026-07-25T21:01:01Z,boc-2025
2d62188f4ab764bc9a31ffb9ee9ae5180c2704403ba73ae075017ebddbb5f07e,boc,2025-01,https://www.brvm.org/sites/default/files/boc_20250130.pdf,boc_20250130.pdf,827924,2026-07-25T21:01:39Z,boc-2025
57da979cfe83d96e8eafb9cf566d40139f71624262987929a1ff5ed48e4839b4,boc,2024-12,https://www.brvm.org/sites/default/files/boc_20241202_2.pdf,boc_20241202_2.pdf,776705,2026-07-25T21:01:55Z,boc-2024
bfb3e9277feed930daae41aaace0ce33bdc70c54712f6baf96ea2162bab86205,boc,2024-12,https://www.brvm.org/sites/default/files/boc_20241203_2.pdf,boc_20241203_2.pdf,760313,2026-07-25T21:02:11Z,boc-2024
56b573bcc483ca420d622324493f39ff9deb0b20316af69ee4401746b52ca8f7,boc,2024-12,https://www.brvm.org/sites/default/files/boc_20241204_2.pdf,boc_20241204_2.pdf,1186222,2026-07-25T21:02:27Z,boc-2024
521830274daa066efa030384b29ea4d9fb8b0be0fa234f3c1b6dfeed3214cdaa,boc,2024-12,https://www.brvm.org/sites/default/files/boc_20241205_2.pdf,boc_20241205_2.pdf,1188936,2026-07-25T21:02:43Z,boc-2024
32d65b9760c9a1012a7e78bbd8371ee076794b81cf5e21e95e9a05a9a04f09dd,boc,2024-12,https://www.brvm.org/sites/default/files/boc_20241206_2.pdf,boc_20241206_2.pdf,1183850,2026-07-25T21:02:59Z,boc-2024
5f1839e876bd740a2f44531a2d85ba4862209e71b3acbf44bd0852e5bec0399c,boc,2024-12,https://www.brvm.org/sites/default/files/boc_20241209_2.pdf,boc_20241209_2.pdf,1181980,2026-07-25T21:03:15Z,boc-2024
67dfc43e5e5fffc1ad2bc90e77d79b7e0a6e424ba7672882da8ce1bca74ac7fb,boc,2024-12,https://www.brvm.org/sites/default/files/boc_20241210_2.pdf,boc_20241210_2.pdf,762725,2026-07-25T21:03:31Z,boc-2024
835700de2b762b18353e096c1c902f84d4e7a2df86c2da62dd9095e7ec8aebc0,boc,2024-12,https://www.brvm.org/sites/default/files/boc_20241212_2.pdf,boc_20241212_2.pdf,762991,2026-07-25T21:04:19Z,boc-2024
b70eb46dbabb96144264010cc27ec8c9fb352e32f5718724c72ce963b8ca5089,boc,2024-12,https://www.brvm.org/sites/default/files/boc_20241213_2.pdf,boc_20241213_2.pdf,754133,2026-07-25T21:04:35Z,boc-2024
ce1943ca9119f9e27c2d46e9c8cb07ec9b471d7e6c31a62f4b75ae3434969618,boc,2024-12,https://www.brvm.org/sites/default/files/boc_20241216_2.pdf,boc_20241216_2.pdf,765830,2026-07-25T21:04:51Z,boc-2024
2c2496540305b66dc7324c368639313e117966ef8d9bed72d71d6e39fed86026,boc,2024-12,https://www.brvm.org/sites/default/files/boc_20241217_2.pdf,boc_20241217_2.pdf,786779,2026-07-25T21:05:07Z,boc-2024
533f27af18a14b30eb9c0c1314251c506b36fdf8333433b2927550e8eb4718c1,boc,2024-12,https://www.brvm.org/sites/default/files/boc_20241218_2.pdf,boc_20241218_2.pdf,775800,2026-07-25T21:05:23Z,boc-2024
91f1e3e047d43acb625eef7076d7a77d81e431dd145bca04a0f934097e2f21aa,boc,2024-12,https://www.brvm.org/sites/default/files/boc_20241219_2.pdf,boc_20241219_2.pdf,775765,2026-07-25T21:05:40Z,boc-2024
ba6ec5ea25f7c80d7d8ac2bc3634109514c3febdb001f3f03bf8ba392c6f6147,boc,2024-12,https://www.brvm.org/sites/default/files/boc_20241220_2.pdf,boc_20241220_2.pdf,766757,2026-07-25T21:05:56Z,boc-2024
45dfc7e455d189445efcbab51f14b3748ace5b2c58056f9ac33b7b6f5e73457b,boc,2024-12,https://www.brvm.org/sites/default/files/boc_20241223_2.pdf,boc_20241223_2.pdf,772762,2026-07-25T21:06:12Z,boc-2024
91130283201dbbd3f93fd58ff7d263715704dc11f08469adb843f9e7f170139d,boc,2024-12,https://www.brvm.org/sites/default/files/boc_20241224_2.pdf,boc_20241224_2.pdf,780342,2026-07-25T21:06:28Z,boc-2024
999a68e449f0528756ff0aacf3d384765013884bb3b90428c21c98c52985e522,boc,2024-12,https://www.brvm.org/sites/default/files/boc_20241226_2.pdf,boc_20241226_2.pdf,769018,2026-07-25T21:07:19Z,boc-2024
4193d1b22150fff3ffb42e803165473776edb6353709452ca4f73dbdaf142621,boc,2024-12,https://www.brvm.org/sites/default/files/boc_20241227.pdf,boc_20241227.pdf,1138241,2026-07-25T21:07:57Z,boc-2024
8a7e78164d2c459431185cb8c66b68488b8be80227c8fb92ad831d9d442d0d82,boc,2024-12,https://www.brvm.org/sites/default/files/boc_20241230_2.pdf,boc_20241230_2.pdf,767269,2026-07-25T21:08:13Z,boc-2024
85276ba822ca08cc9f80ede63e36fd7cbcede5c403fb40801ef1323ac8b8bdf0,boc,2024-11,https://www.brvm.org/sites/default/files/boc_20241104_2.pdf,boc_20241104_2.pdf,765979,2026-07-25T21:09:09Z,boc-2024
987c2488ac7aca4197403910d071ded00435a353d75c28b904c03c3edb216514,boc,2024-11,https://www.brvm.org/sites/default/files/boc_20241105_2.pdf,boc_20241105_2.pdf,763585,2026-07-25T21:09:25Z,boc-2024
ea2a1bc7c3bc972a6b15927c0b95e4a291690f890894e99628e6be6ab1a265d0,boc,2024-11,https://www.brvm.org/sites/default/files/boc_20241106_2.pdf,boc_20241106_2.pdf,761779,2026-07-25T21:09:41Z,boc-2024
82b134f73361d23d0c311ab513e95801fefe157af3997cba5cd45f7cd0e397bb,boc,2024-11,https://www.brvm.org/sites/default/files/boc_20241107_2.pdf,boc_20241107_2.pdf,756677,2026-07-25T21:09:57Z,boc-2024
1347cd1f0372588e7697dff0431a608867cc954a0f6924aeb2fe55d94cb607aa,boc,2024-11,https://www.brvm.org/sites/default/files/boc_20241108_2.pdf,boc_20241108_2.pdf,761283,2026-07-25T21:10:13Z,boc-2024
75195f004e3242d70df043a4021437444868da40a5de47e20d2a1fb3cb83a633,boc,2024-11,https://www.brvm.org/sites/default/files/boc_20241112_2.pdf,boc_20241112_2.pdf,767776,2026-07-25T21:11:02Z,boc-2024
0015efc9431b6b81646b6b5279cb1be5c362fa5bedfb04d609ec4c88b16edfb4,boc,2024-11,https://www.brvm.org/sites/default/files/boc_20241113_2.pdf,boc_20241113_2.pdf,783096,2026-07-25T21:11:18Z,boc-2024
4e8744be09332c616e5cfdd39c00e3ead28de0f886e488f2833af1560da0657a,boc,2024-11,https://www.brvm.org/sites/default/files/boc_20241114_2.pdf,boc_20241114_2.pdf,763664,2026-07-25T21:11:34Z,boc-2024
42d375fc8b1dfcf51a9978b1ab3eb1710461dcc938e8a9c11efb777c8618f60c,boc,2024-11,https://www.brvm.org/sites/default/files/boc_20241118_2.pdf,boc_20241118_2.pdf,759924,2026-07-25T21:12:24Z,boc-2024
9d0ce76e73be03473b2d288648d2d9bf40d0d44467888a731c7b3cf513a40813,boc,2024-11,https://www.brvm.org/sites/default/files/boc_20241119_2.pdf,boc_20241119_2.pdf,770202,2026-07-25T21:12:40Z,boc-2024
0270b2a992025a4adb815e97e2d70cbd4542a0c51dd3da06942dc9c49d17ea29,boc,2024-11,https://www.brvm.org/sites/default/files/boc_20241120_2.pdf,boc_20241120_2.pdf,773923,2026-07-25T21:12:56Z,boc-2024
7ada76944c2718c2b212b7409f09294e4039f843979ffb1ae0766679aac99b0c,boc,2024-11,https://www.brvm.org/sites/default/files/boc_20241121_2.pdf,boc_20241121_2.pdf,765228,2026-07-25T21:13:13Z,boc-2024
eb36bd36bc74074970cfa9ed71bfb4d2d6553c08cc14807106cd7c69645e3b73,boc,2024-11,https://www.brvm.org/sites/default/files/boc_20241122_2.pdf,boc_20241122_2.pdf,755588,2026-07-25T21:13:29Z,boc-2024
04368c0bb903f3d9b93abfc5b59e05dc0d869abfaaeab2215c916a2e2764ee99,boc,2024-11,https://www.brvm.org/sites/default/files/boc_20241125_2.pdf,boc_20241125_2.pdf,763297,2026-07-25T21:13:45Z,boc-2024
2cf8ecc1bdd4281b7ea0c53ef38c026422fb2498efab63d1ca8ca12d4e85d2da,boc,2024-11,https://www.brvm.org/sites/default/files/boc_20241126_2.pdf,boc_20241126_2.pdf,771527,2026-07-25T21:14:01Z,boc-2024
9dc4b4751f6602717afcb65104717c7fc997a449499092f0e19a88fca3699b7b,boc,2024-11,https://www.brvm.org/sites/default/files/boc_20241127_2.pdf,boc_20241127_2.pdf,772333,2026-07-25T21:14:18Z,boc-2024
1aef045ded289d7ad3c2509d038bdf5488f759642bbf0a33790f5689d447c38c,boc,2024-11,https://www.brvm.org/sites/default/files/boc_20241128.pdf,boc_20241128.pdf,1135062,2026-07-25T21:14:57Z,boc-2024
b494f0afaa78b58b6f3cc78c10b0ead71a19b471f2dbd608498c5431fd8945b4,boc,2024-10,https://www.brvm.org/sites/default/files/boc_20241001_2.pdf,boc_20241001_2.pdf,766143,2026-07-25T21:15:13Z,boc-2024
b6f94b73e95984ec4d8eda9df844a60fbc125d68de4ec51675d78a5d5bc620dd,boc,2024-10,https://www.brvm.org/sites/default/files/boc_20241002_2.pdf,boc_20241002_2.pdf,780376,2026-07-25T21:15:30Z,boc-2024
931cc0ab5a87ab88f60c5fb9f7b21252b32c491ffb0b36299b5cf6d1377f7d80,boc,2024-10,https://www.brvm.org/sites/default/files/boc_20241003.pdf,boc_20241003.pdf,519499,2026-07-25T21:16:10Z,boc-2024
e69702e0782fe2c2fb0a10d56f0214b80b053e8da00770d15180872fc2134cc9,boc,2024-10,https://www.brvm.org/sites/default/files/boc_20241004_2.pdf,boc_20241004_2.pdf,759284,2026-07-25T21:16:26Z,boc-2024
fc5b045501e943f0f82f0d7db6ce6ad3359d23c6f34c53af5cb629831eb2087e,boc,2024-10,https://www.brvm.org/sites/default/files/boc_20241007_2.pdf,boc_20241007_2.pdf,762803,2026-07-25T21:16:42Z,boc-2024
e5b096d34b216ce18ec801f892e12a208485100d060e05fba31f5d40705a8d73,boc,2024-10,https://www.brvm.org/sites/default/files/boc_20241008_2.pdf,boc_20241008_2.pdf,751351,2026-07-25T21:16:58Z,boc-2024
a9c6890c2f028ddae0e9ebd86bc9acf9704a20e6f4524825c861b82061164e16,boc,2024-10,https://www.brvm.org/sites/default/files/boc_20241009_2.pdf,boc_20241009_2.pdf,759609,2026-07-25T21:17:14Z,boc-2024
66b315f7ec62ac9ec241edac24c000525b9c36c40b506b8ebfdffbbbb859a9cc,boc,2024-10,https://www.brvm.org/sites/default/files/boc_20241010_2.pdf,boc_20241010_2.pdf,762789,2026-07-25T21:17:32Z,boc-2024
460a1ce136c380f364254a3205a43411b06cd1d1e67695561e0580036c5697eb,boc,2024-10,https://www.brvm.org/sites/default/files/boc_20241011_2.pdf,boc_20241011_2.pdf,769666,2026-07-25T21:17:48Z,boc-2024
ad4f1a72d73da6c4b452194bffa4f96fcc5bd2fad50be4268a9e32b4d42db592,boc,2024-10,https://www.brvm.org/sites/default/files/boc_20241014_2.pdf,boc_20241014_2.pdf,765431,2026-07-25T21:18:04Z,boc-2024
f75d12b01dbf211850eeaed86ebdda7b04e88567b13262192635403fd38fdf6c,boc,2024-10,https://www.brvm.org/sites/default/files/boc_20241015_2.pdf,boc_20241015_2.pdf,767149,2026-07-25T21:18:20Z,boc-2024
bb35060629d86a65649ec076a9f7970ddc91364732c7ae5353dfd52033630a9a,boc,2024-10,https://www.brvm.org/sites/default/files/boc_20241016_2.pdf,boc_20241016_2.pdf,767021,2026-07-25T21:18:36Z,boc-2024
e4350d7c21d8af2a19935c58c6e7bda51e6b5b0990832183d61e5ef5ea56b98c,boc,2024-10,https://www.brvm.org/sites/default/files/boc_20241017_2.pdf,boc_20241017_2.pdf,766632,2026-07-25T21:18:53Z,boc-2024
b31d92a947a3b7391befb35eb0cc5156693adcfdac75858fba6427f49bd255ef,boc,2024-10,https://www.brvm.org/sites/default/files/boc_20241018_2.pdf,boc_20241018_2.pdf,764044,2026-07-25T21:19:09Z,boc-2024
3f1e449eb74ac92b0d1d907cf28d68fd362f9bf0973e6ad751f1cf2043e71af3,boc,2024-10,https://www.brvm.org/sites/default/files/boc_20241022_2.pdf,boc_20241022_2.pdf,757861,2026-07-25T21:19:57Z,boc-2024
6f28216729f198b31e3aec649ea642edf52314d01cf47b050ce2d78fdcdd7ffe,boc,2024-10,https://www.brvm.org/sites/default/files/boc_20241023_2.pdf,boc_20241023_2.pdf,762942,2026-07-25T21:20:13Z,boc-2024
617f4a0e0e197a6a74a82e09e859cad242bca0373638a0593b99413a11a5ed01,boc,2024-10,https://www.brvm.org/sites/default/files/boc_20241024_2.pdf,boc_20241024_2.pdf,792320,2026-07-25T21:20:29Z,boc-2024
cc8078ff931b552504abda963e2841684c0b4642e947be0d1b79c91b1b7496ff,boc,2024-10,https://www.brvm.org/sites/default/files/boc_20241025_2.pdf,boc_20241025_2.pdf,770595,2026-07-25T21:20:45Z,boc-2024
23c56b530d03e213afa6456d806b40bbe9bd4a19e83c2a9edba5c954eccb996e,boc,2024-10,https://www.brvm.org/sites/default/files/boc_20241028_2.pdf,boc_20241028_2.pdf,772663,2026-07-25T21:21:01Z,boc-2024
dc9745b2e0e3a37182ab7b17287fd880130dc64c6fff6b22efe3c35bacff4063,boc,2024-10,https://www.brvm.org/sites/default/files/boc_20241029_2.pdf,boc_20241029_2.pdf,777141,2026-07-25T21:21:18Z,boc-2024
14564f242bda23d5d61f428ee88fe1060ddd869cdefca12835fd36fb596eb7be,boc,2024-10,https://www.brvm.org/sites/default/files/boc_20241030_2.pdf,boc_20241030_2.pdf,760922,2026-07-25T21:21:34Z,boc-2024
b5684e6fc0fcbd185379fe809e03c0ff03bf560c6865ba07849f1cf02b104f87,boc,2024-09,https://www.brvm.org/sites/default/files/boc_20240902_2.pdf,boc_20240902_2.pdf,762400,2026-07-25T21:21:50Z,boc-2024
561057b5c417cc4f7af3f25d05a06ad345b4f1733d53795c3dba8877504c9a31,boc,2024-09,https://www.brvm.org/sites/default/files/boc_20240903_2.pdf,boc_20240903_2.pdf,753919,2026-07-25T21:22:06Z,boc-2024
15fc03b83f6ca71ba74420f4caab3b77ba2bd981922f64367ef84c9c9c2e9b01,boc,2024-09,https://www.brvm.org/sites/default/files/boc_20240904_2.pdf,boc_20240904_2.pdf,759821,2026-07-25T21:22:22Z,boc-2024
05772a50d0429a52927d84cb988cc5acca5c95ac5a17140b908553dd18314236,boc,2024-09,https://www.brvm.org/sites/default/files/boc_20240905_2.pdf,boc_20240905_2.pdf,762060,2026-07-25T21:22:37Z,boc-2024
1258c576f67c20fdbe16c1c274644970fef578f2eba56049907906f5932753b5,boc,2024-09,https://www.brvm.org/sites/default/files/boc_20240906_2.pdf,boc_20240906_2.pdf,753658,2026-07-25T21:22:53Z,boc-2024
05fdf60ace20fdf27bc8a7c372b67cac7c05d157df7f88023f38700ac39be8f8,boc,2024-09,https://www.brvm.org/sites/default/files/boc_20240909_2.pdf,boc_20240909_2.pdf,780404,2026-07-25T21:23:09Z,boc-2024
e2869182022acf8399867e7f35f2c8ca2d19eccf8d8941b1088941df83384217,boc,2024-09,https://www.brvm.org/sites/default/files/boc_20240910_2.pdf,boc_20240910_2.pdf,769121,2026-07-25T21:23:25Z,boc-2024
05189381779bef848f1fc84b814e54ebfebb5e81a3653d13b2996c4213bb737a,boc,2024-09,https://www.brvm.org/sites/default/files/boc_20240911_2.pdf,boc_20240911_2.pdf,780825,2026-07-25T21:23:41Z,boc-2024
720535c86aeb00ddba567cf01bb6d211b0fd0b7b9e171d161ae4b9f190ccdd42,boc,2024-09,https://www.brvm.org/sites/default/files/boc_20240912_2.pdf,boc_20240912_2.pdf,757856,2026-07-25T21:23:57Z,boc-2024
757ab1fedf164dfe5950112ac12dce9afb4cdaf093632b6562933ba42cb36ac5,boc,2024-09,https://www.brvm.org/sites/default/files/boc_20240916_2.pdf,boc_20240916_2.pdf,759970,2026-07-25T21:24:46Z,boc-2024
99ed06c2368fb12973c2638eb66f515d7b08795cc79050890c6b18d6715ad99d,boc,2024-09,https://www.brvm.org/sites/default/files/boc_20240917_2.pdf,boc_20240917_2.pdf,767672,2026-07-25T21:25:02Z,boc-2024
5f524201a7a721dc09b7bbdfeed8cb8ac678545d18c77687ec3f619f4e9eefd4,boc,2024-09,https://www.brvm.org/sites/default/files/boc_20240918_2.pdf,boc_20240918_2.pdf,769599,2026-07-25T21:25:18Z,boc-2024
5fb61155996d5ef2ce304f2d42e71214495692ca3e13579acb4825c0f67dcbf7,boc,2024-09,https://www.brvm.org/sites/default/files/boc_20240919_2.pdf,boc_20240919_2.pdf,767029,2026-07-25T21:25:33Z,boc-2024
71c4977dd57a154835c2deb3979f8cad089df45e06c5c74f5f04710e01f5bc88,boc,2024-09,https://www.brvm.org/sites/default/files/boc_20240920_2.pdf,boc_20240920_2.pdf,765377,2026-07-25T21:25:49Z,boc-2024
3e4e51f3a2436fa2df47c3424136ce5d208f13f2c672d77ee3d1a6117b1e65c4,boc,2024-09,https://www.brvm.org/sites/default/files/boc_20240923_2.pdf,boc_20240923_2.pdf,755521,2026-07-25T21:26:05Z,boc-2024
e7401baa7d306556082ba4a3a8b66ac50aa58eefc4ba44e8baa0b443b270e9f8,boc,2024-09,https://www.brvm.org/sites/default/files/boc_20240924_2.pdf,boc_20240924_2.pdf,763552,2026-07-25T21:26:21Z,boc-2024
3f26413f3c406739cb705c2515419a50288c31591220b0e000829875d77292a2,boc,2024-09,https://www.brvm.org/sites/default/files/boc_20240925_2.pdf,boc_20240925_2.pdf,761207,2026-07-25T21:26:37Z,boc-2024
78f8b7c9927b54c081c818f2e785e97ebf27a284d26af876b9552785f68160b0,boc,2024-09,https://www.brvm.org/sites/default/files/boc_20240926_2.pdf,boc_20240926_2.pdf,763408,2026-07-25T21:26:53Z,boc-2024
69ed173e37acba3a57cc05606d37daae1b193ca257e56402e093ba7a10a719c6,boc,2024-09,https://www.brvm.org/sites/default/files/boc_20240927_2.pdf,boc_20240927_2.pdf,773175,2026-07-25T21:27:08Z,boc-2024
0e7601a08d36456dcdd9dbebdb9cedf9abeecaa6e6bfd98e3387a5923ade0400,boc,2024-08,https://www.brvm.org/sites/default/files/boc_20240801.pdf,boc_20240801.pdf,823260,2026-07-25T21:27:59Z,boc-2024
0bd6b905576310da2a14ea310b5dea1fcda2e9c3d6eac72425104fd2584f35cf,boc,2024-08,https://www.brvm.org/sites/default/files/boc_20240802.pdf,boc_20240802.pdf,826121,2026-07-25T21:28:40Z,boc-2024
9366381ec05f80d85ae47bd9a5f26d7716942614d1023242d4a74037e23512a7,boc,2024-08,https://www.brvm.org/sites/default/files/boc_20240805.pdf,boc_20240805.pdf,834634,2026-07-25T21:29:22Z,boc-2024
c5ee704d14dc3f96dbb51261c562ecabc9689d1e4b3e3ba7752eee6c2868222f,boc,2024-08,https://www.brvm.org/sites/default/files/boc_20240806.pdf,boc_20240806.pdf,822840,2026-07-25T21:30:05Z,boc-2024
a84e9e9f18f67ed10edbb8030a5b4a611d1f780eb70b24c73a9881f97479c026,boc,2024-08,https://www.brvm.org/sites/default/files/boc_20240808.pdf,boc_20240808.pdf,827045,2026-07-25T21:31:14Z,boc-2024
aa3038de2829f1e5fcb434e67f06a28a6426501b10e19347258c5c9c29b0ff63,boc,2024-08,https://www.brvm.org/sites/default/files/boc_20240809.pdf,boc_20240809.pdf,888671,2026-07-25T21:31:54Z,boc-2024
c53c5d67c331c2c31b28da98136f46b77ea1d2f4365b092821977cc283401173,boc,2024-08,https://www.brvm.org/sites/default/files/boc_20240812.pdf,boc_20240812.pdf,861130,2026-07-25T21:32:32Z,boc-2024
179f495b319558551c85f28b69ba2ce55a5b8695008ed1077972b52693150612,boc,2024-08,https://www.brvm.org/sites/default/files/boc_20240813.pdf,boc_20240813.pdf,835779,2026-07-25T21:33:20Z,boc-2024
14f4d34857bbb0f1692efde19497c2d89065fb6756e269e10a1c4d1c6a56b24e,boc,2024-08,https://www.brvm.org/sites/default/files/boc_20240814.pdf,boc_20240814.pdf,834410,2026-07-25T21:33:57Z,boc-2024
8879911aace7e403f943f4f40cc4124bfc014d5381644da34dde4bdc97b9d223,boc,2024-08,https://www.brvm.org/sites/default/files/boc_20240819.pdf,boc_20240819.pdf,829082,2026-07-25T21:54:30Z,boc-2024
3c0923e487bff58bf0b217d532e268545e2079c3c28fa3c5ed5b3c1f040625f9,boc,2024-08,https://www.brvm.org/sites/default/files/boc_20240820_2.pdf,boc_20240820_2.pdf,756512,2026-07-25T21:54:49Z,boc-2024
b4820b6b5acd73912262b4dabe47acb462f62bfaeef11f79ed735e2d1e6fd740,boc,2024-08,https://www.brvm.org/sites/default/files/boc_20240821_2.pdf,boc_20240821_2.pdf,754317,2026-07-25T21:55:05Z,boc-2024
50e8a1606e21f791e62df9762a6969c7988998b68ced490d7194213bbeceb5fa,boc,2024-08,https://www.brvm.org/sites/default/files/boc_20240822_2.pdf,boc_20240822_2.pdf,753890,2026-07-25T21:55:22Z,boc-2024
a7c2019a28ab264594d91290baf9ae18d61ee5a03a878f03070640b32e22d9b6,boc,2024-08,https://www.brvm.org/sites/default/files/boc_20240823_2.pdf,boc_20240823_2.pdf,769100,2026-07-25T21:55:39Z,boc-2024
3b95f8c1ab30b6b30b3f2853fc39a5986ca70e43156d3696981d2457cc5ff7c5,boc,2024-08,https://www.brvm.org/sites/default/files/boc_20240826_2.pdf,boc_20240826_2.pdf,769698,2026-07-25T21:55:57Z,boc-2024
e568e41e51be4f31f7c143d0cc7f7db08264851cd94ac97f765f6a524cc975b9,boc,2024-08,https://www.brvm.org/sites/default/files/boc_20240827_2.pdf,boc_20240827_2.pdf,758965,2026-07-25T21:56:14Z,boc-2024
908143196c273cbd7ee4221be3cda75e5f231e5a80d41fefff86903383dbce1c,boc,2024-08,https://www.brvm.org/sites/default/files/boc_20240828_2.pdf,boc_20240828_2.pdf,755178,2026-07-25T21:56:31Z,boc-2024
a2d953086b19069a3fc837891b6e42c55e8c00d18b708dcb954b6b3d482f6d49,boc,2024-08,https://www.brvm.org/sites/default/files/boc_20240829_2.pdf,boc_20240829_2.pdf,751284,2026-07-25T21:56:48Z,boc-2024
754a2a3379ba930585a57b8e3cd16f899fc0155bf2142065fa81a18510390e9f,boc,2024-07,https://www.brvm.org/sites/default/files/boc_20240701_2.pdf,boc_20240701_2.pdf,753399,2026-07-25T21:57:05Z,boc-2024
21d4c0da14b73edf97cc331c12498262db66d63e34d4dfda77aa531bba2bef36,boc,2024-07,https://www.brvm.org/sites/default/files/boc_20240702_2.pdf,boc_20240702_2.pdf,747691,2026-07-25T21:57:22Z,boc-2024
eed43c059d39bfbc7a7869d172314557f9056c3a5df7c065084bb93399917622,boc,2024-07,https://www.brvm.org/sites/default/files/boc_20240703_2.pdf,boc_20240703_2.pdf,763869,2026-07-25T21:57:39Z,boc-2024
b0c068e6540885d943f9d95100535f792278920bced7dafa838bb72410ac4855,boc,2024-07,https://www.brvm.org/sites/default/files/boc_20240704_2.pdf,boc_20240704_2.pdf,753490,2026-07-25T21:57:56Z,boc-2024
20ea6d0a127f520d907496e4a11ef2628a3c3ffbe5a5137528e09b609f14f91a,boc,2024-07,https://www.brvm.org/sites/default/files/boc_20240705_2.pdf,boc_20240705_2.pdf,762913,2026-07-25T21:58:13Z,boc-2024
e5373a64a97295a6a33e794f29cf5ff668409d55e140c03d050ecccb38479dfd,boc,2024-07,https://www.brvm.org/sites/default/files/boc_20240708_2.pdf,boc_20240708_2.pdf,935958,2026-07-25T21:58:31Z,boc-2024
80b7e87eaed10baa031b23cedbfb94451a382110099f5995f3f09bc6e1263f32,boc,2024-07,https://www.brvm.org/sites/default/files/boc_20240709_2.pdf,boc_20240709_2.pdf,758275,2026-07-25T21:58:48Z,boc-2024
f391edfcd0367b03190f29b7a76e9c981d42ad3bdfba3155b6da2926e4cdcd22,boc,2024-07,https://www.brvm.org/sites/default/files/boc_20240710_2.pdf,boc_20240710_2.pdf,749226,2026-07-25T21:59:05Z,boc-2024
f25ec79ee9d08f51dfcd9f15fba0ca8f0a44d9deae14de6c54ce441b20bc5233,boc,2024-07,https://www.brvm.org/sites/default/files/boc_20240711_2.pdf,boc_20240711_2.pdf,774609,2026-07-25T21:59:22Z,boc-2024
e3728ce305bdd4b37eadd1f68cbff9c0d7cf4dd4be1b13dd98ce5a3747bf1fb7,boc,2024-07,https://www.brvm.org/sites/default/files/boc_20240712_2.pdf,boc_20240712_2.pdf,756999,2026-07-25T21:59:39Z,boc-2024
07aade979d53bb938821cca7a7c0fed64cb8e01892d996499f9482ae4e983ce3,boc,2024-07,https://www.brvm.org/sites/default/files/boc_20240715_2.pdf,boc_20240715_2.pdf,744173,2026-07-25T21:59:56Z,boc-2024
6385f6356266cc9a29c9ab14d7471e6bf70fec3ca4fbcc8d52b3edc23f44483b,boc,2024-07,https://www.brvm.org/sites/default/files/boc_20240716_2.pdf,boc_20240716_2.pdf,742585,2026-07-25T22:00:13Z,boc-2024
17b9b3ea3dd71e14ee75f3fadaf9e1148b64554fd7901390ae55ee6a2369d870,boc,2024-07,https://www.brvm.org/sites/default/files/boc_20240717_2.pdf,boc_20240717_2.pdf,744476,2026-07-25T22:00:30Z,boc-2024
5e551e8509537caddfe308e1f88186b5f640083713d65e8305a4d218f72f166b,boc,2024-07,https://www.brvm.org/sites/default/files/boc_20240718_2.pdf,boc_20240718_2.pdf,762550,2026-07-25T22:00:47Z,boc-2024
efea8601150c62237d558a066cf773fa620e9ac3e02ec219f5613d8397761643,boc,2024-07,https://www.brvm.org/sites/default/files/boc_20240719_2.pdf,boc_20240719_2.pdf,743837,2026-07-25T22:01:04Z,boc-2024
3d2b55119d5ec2ad499710affa945659c65bc5c1f51fabfcc1dcddee286013e9,boc,2024-07,https://www.brvm.org/sites/default/files/boc_20240722.pdf,boc_20240722.pdf,1112097,2026-07-25T22:01:42Z,boc-2024
66ebba4c5eadc6412aebd82d5abd5133d6ebfed0c51039b8045e981669ca6434,boc,2024-07,https://www.brvm.org/sites/default/files/boc_20240723.pdf,boc_20240723.pdf,830693,2026-07-25T22:02:22Z,boc-2024
9166d29e1dcf522b3f9ce687f4b6e6b9a785844113a92916438c94f094513b8f,boc,2024-07,https://www.brvm.org/sites/default/files/boc_20240724.pdf,boc_20240724.pdf,1122015,2026-07-25T22:03:00Z,boc-2024
82ee0bec63f527fe0487b8e215999e048cf19d4f45acc2b512e42ee77b5ca8cb,boc,2024-07,https://www.brvm.org/sites/default/files/boc_20240725.pdf,boc_20240725.pdf,1113548,2026-07-25T22:03:40Z,boc-2024
1aa432880c11b41b2440ecb959935086305c3b3c4b7dd54226c86f51d000fdea,boc,2024-07,https://www.brvm.org/sites/default/files/boc_20240726.pdf,boc_20240726.pdf,811868,2026-07-25T22:04:19Z,boc-2024
ca8d68e07e5cd37622efbbe343987e3deff4727a8e10533b751f8037d10c829e,boc,2024-07,https://www.brvm.org/sites/default/files/boc_20240729.pdf,boc_20240729.pdf,833189,2026-07-25T22:04:57Z,boc-2024
bc4ae1d0494316b965503a1e7237b5e0e4156300aecaba595fd6a60256a8a4ac,boc,2024-07,https://www.brvm.org/sites/default/files/boc_20240730.pdf,boc_20240730.pdf,833584,2026-07-25T22:05:38Z,boc-2024
15342e4ad60f216be2c4a30f926d04a9f2a1fd6fe8962c21070cb9970b313591,boc,2024-06,https://www.brvm.org/sites/default/files/boc_20240603_2.pdf,boc_20240603_2.pdf,742642,2026-07-25T22:06:17Z,boc-2024
99e6ac51e6d15d8e556054466c7a10de66aa3c397ea67a57507e931bf0e82141,boc,2024-06,https://www.brvm.org/sites/default/files/boc_20240604_2.pdf,boc_20240604_2.pdf,747400,2026-07-25T22:06:33Z,boc-2024
a4fd89bb41410c1a537be9570b7a71e7ee42c91ed11746357ffd7cf061420483,boc,2024-06,https://www.brvm.org/sites/default/files/boc_20240605_2.pdf,boc_20240605_2.pdf,760973,2026-07-25T22:06:50Z,boc-2024
ce2d6f811215c3a281ce83b6a0fb01c9dc113dfd12260de2fc5081ff4b5b6182,boc,2024-06,https://www.brvm.org/sites/default/files/boc_20240606_2.pdf,boc_20240606_2.pdf,741032,2026-07-25T22:07:07Z,boc-2024
8e62fb4216aff72abb3b6de7eaac7078ac44fb80dfe6febf2ceaabeccf8cfb1d,boc,2024-06,https://www.brvm.org/sites/default/files/boc_20240607_2.pdf,boc_20240607_2.pdf,752602,2026-07-25T22:07:24Z,boc-2024
eb4ed5cbba9cd1d7452a28c84ae4ef0e6c892d8be0b5ecb524c76ebb0f09b2dd,boc,2024-06,https://www.brvm.org/sites/default/files/boc_20240610_2.pdf,boc_20240610_2.pdf,749701,2026-07-25T22:07:41Z,boc-2024
48864cc577bee42071c994ec776d76147335a295503149a47d3d111e781a1212,boc,2024-06,https://www.brvm.org/sites/default/files/boc_20240611_2.pdf,boc_20240611_2.pdf,754312,2026-07-25T22:07:57Z,boc-2024
003c3bb955a4f390dc5638ce829be451fd10f285054cf1e2d1e6df84b7b43ef5,boc,2024-06,https://www.brvm.org/sites/default/files/boc_20240612_2.pdf,boc_20240612_2.pdf,752409,2026-07-25T22:08:14Z,boc-2024
6308d1a9e2871ba4b9e0b9d09c486fbfe7bbfa989cdf4878eaaa5743b2ade2f6,boc,2024-06,https://www.brvm.org/sites/default/files/boc_20240613_2.pdf,boc_20240613_2.pdf,753672,2026-07-25T22:08:31Z,boc-2024
624cc44993aebf1c1c89a057ab1293065520f06c9cb8e0870f081783fd310b7c,boc,2024-06,https://www.brvm.org/sites/default/files/boc_20240614_2.pdf,boc_20240614_2.pdf,748779,2026-07-25T22:08:48Z,boc-2024
fdce085e8d912f00d448dc825e3e1498a85a0c98eee90453ce2375a3a4ebf53f,boc,2024-06,https://www.brvm.org/sites/default/files/boc_20240618_2.pdf,boc_20240618_2.pdf,750904,2026-07-25T22:09:36Z,boc-2024
6898afdc85a415eb69ca53d434c22a16fd9e03f5c5af2f18faf979ba2f9dff70,boc,2024-06,https://www.brvm.org/sites/default/files/boc_20240619.pdf,boc_20240619.pdf,818857,2026-07-25T22:10:16Z,boc-2024
77dcf0fe5874887fdba66eeac1bbe8bc3f82f5d12ec056a7d91a7efe95554014,boc,2024-06,https://www.brvm.org/sites/default/files/boc_20240620_2.pdf,boc_20240620_2.pdf,737779,2026-07-25T22:10:33Z,boc-2024
a68c69dfc7bd66ff8fe249d7243bc6cf80ca79ef630dd78a4e099285743479b7,boc,2024-06,https://www.brvm.org/sites/default/files/boc_20240621_2.pdf,boc_20240621_2.pdf,749727,2026-07-25T22:10:49Z,boc-2024
1a0bed1df6177accf86babfa2bef67c95adf3249f76e6ecfb15e3b073a661fb3,boc,2024-06,https://www.brvm.org/sites/default/files/boc_20240624_2.pdf,boc_20240624_2.pdf,752578,2026-07-25T22:11:06Z,boc-2024
dbc320b477a8caacd93fd857ef7c7ef1a18a680e599c8a8bb6399267bc525176,boc,2024-06,https://www.brvm.org/sites/default/files/boc_20240625_2.pdf,boc_20240625_2.pdf,741174,2026-07-25T22:11:23Z,boc-2024
9aba78322636dc3b7e06c68db9ca84edcc6d248305238150e6efea99c7b7e947,boc,2024-06,https://www.brvm.org/sites/default/files/boc_20240626_2.pdf,boc_20240626_2.pdf,751198,2026-07-25T22:11:40Z,boc-2024
df12d02407abbed3d9193258deb6522c40d15520c6751b0fd521688fa12d001b,boc,2024-06,https://www.brvm.org/sites/default/files/boc_20240627_2.pdf,boc_20240627_2.pdf,754559,2026-07-25T22:11:57Z,boc-2024
c7c5326357f42352c4baaaa001204ea37481fc9828ebad96558d7a28d1f1bb79,boc,2024-05,https://www.brvm.org/sites/default/files/boc_20240502_2.pdf,boc_20240502_2.pdf,733814,2026-07-25T22:12:46Z,boc-2024
fca38a5b6eb529dadd3c82ac67446d9fa88735389bbda2fb3326fd0615a2553b,boc,2024-05,https://www.brvm.org/sites/default/files/boc_20240503_2.pdf,boc_20240503_2.pdf,739144,2026-07-25T22:13:02Z,boc-2024
d9e4bd1bc61e2e0d24ccd7e4e866addbd5631f8bd2e97fab0a4cbe5c1cd980f6,boc,2024-05,https://www.brvm.org/sites/default/files/boc_20240506_2.pdf,boc_20240506_2.pdf,739105,2026-07-25T22:13:18Z,boc-2024
794460e138436bf2ca113dba71a3e6b121f188e936c20f5d3431d8fe1b1112bc,boc,2024-05,https://www.brvm.org/sites/default/files/boc_20240507_2.pdf,boc_20240507_2.pdf,739933,2026-07-25T22:13:35Z,boc-2024
a3ee239e94f2e9e3dfe3e018a77d2bab62c0bdfcebdbf7daafa3fcae73cbf74c,boc,2024-05,https://www.brvm.org/sites/default/files/boc_20240508_2.pdf,boc_20240508_2.pdf,731045,2026-07-25T22:13:51Z,boc-2024
d69e2b6eebca3904e246cd7cb36e1dec832b31bf2c71a96c3b2e21cc0c31a0df,boc,2024-05,https://www.brvm.org/sites/default/files/boc_20240510_2.pdf,boc_20240510_2.pdf,744618,2026-07-25T22:14:39Z,boc-2024
7a77ecc7da1a30b942e704e15f7c441c7be48d3a423de162d0460ec4ebea0b6e,boc,2024-05,https://www.brvm.org/sites/default/files/boc_20240513_2.pdf,boc_20240513_2.pdf,742303,2026-07-25T22:14:56Z,boc-2024
d78dc139c833488afbd6e73bff7422b156f010e856ca4f135f2a2387a2026c1a,boc,2024-05,https://www.brvm.org/sites/default/files/boc_20240514_2.pdf,boc_20240514_2.pdf,748447,2026-07-25T22:15:13Z,boc-2024
9008074cde7dc4359c2e08d2406c48d3226aead667ba32ad18f6829847d8b5ee,boc,2024-05,https://www.brvm.org/sites/default/files/boc_20240515_2.pdf,boc_20240515_2.pdf,756171,2026-07-25T22:15:31Z,boc-2024
2514721c9715795bfe7c041611c836db7139f5abb42b13ffb9c3b22d6e6a9b27,boc,2024-05,https://www.brvm.org/sites/default/files/boc_20240516_2.pdf,boc_20240516_2.pdf,746813,2026-07-25T22:15:48Z,boc-2024
c3c7af35d4f1d9fbe297de6e7882eb248698f7e997bd40224ea2a631ea4f650b,boc,2024-05,https://www.brvm.org/sites/default/files/boc_20240517_2.pdf,boc_20240517_2.pdf,750992,2026-07-25T22:16:05Z,boc-2024
f35a35e176dc73e87e87d4249f05475a2d9e3d9f471349e102f43e83f4b081cb,boc,2024-05,https://www.brvm.org/sites/default/files/boc_20240521_2.pdf,boc_20240521_2.pdf,739085,2026-07-25T22:16:54Z,boc-2024
cd88589f87a9335932b0cfe9299e65733e396403dc19e2af41d0ededb2c97e52,boc,2024-05,https://www.brvm.org/sites/default/files/boc_20240522_2.pdf,boc_20240522_2.pdf,732898,2026-07-25T22:17:11Z,boc-2024
416479abdbeae2b4512bae3e60479350b9dc6dc50cbccfbb7f47ba9161512d2c,boc,2024-05,https://www.brvm.org/sites/default/files/boc_20240523_2.pdf,boc_20240523_2.pdf,742279,2026-07-25T22:17:27Z,boc-2024
e88fb8beee926ae6ff433833b1a61d3545c0155f1b5ba8c331684facf48ba056,boc,2024-05,https://www.brvm.org/sites/default/files/boc_20240524_2.pdf,boc_20240524_2.pdf,735710,2026-07-25T22:17:44Z,boc-2024
5935e9ebe18f31b0dd55e2c190447502e7998d3806fc91e075cddf0b28e705b8,boc,2024-05,https://www.brvm.org/sites/default/files/boc_20240527_2.pdf,boc_20240527_2.pdf,740079,2026-07-25T22:18:01Z,boc-2024
c84e9e99970047624a1a4e8932a6d924469b51d6d7396b7b2e6831c7d8ca9eec,boc,2024-05,https://www.brvm.org/sites/default/files/boc_20240529_2.pdf,boc_20240529_2.pdf,752482,2026-07-25T22:18:50Z,boc-2024
553bea7fec9ec190bd2a269d67af054e85277af7d4dcd49a7c0ad0950bd1f7ec,boc,2024-05,https://www.brvm.org/sites/default/files/boc_20240530_2.pdf,boc_20240530_2.pdf,753465,2026-07-25T22:19:07Z,boc-2024
224ca0f9fb419dc622cfdd75cc1572dc95db3569eb77fd3a538e44d02fe16501,boc,2024-04,https://www.brvm.org/sites/default/files/boc_20240402_2.pdf,boc_20240402_2.pdf,668173,2026-07-25T22:19:56Z,boc-2024
f23d7da578e321ab097be78691dd10169fee263e14259db740c196df261cc465,boc,2024-04,https://www.brvm.org/sites/default/files/boc_20240403_2.pdf,boc_20240403_2.pdf,666664,2026-07-25T22:20:12Z,boc-2024
ae242fc09d82c22dc183cc0027024678bc823b1cdb9409bcfc48b2ff8af21679,boc,2024-04,https://www.brvm.org/sites/default/files/boc_20240404_2.pdf,boc_20240404_2.pdf,667741,2026-07-25T22:20:28Z,boc-2024
f27eb2d586ba77cd511470561b33fe435769678252dc67d9c5e4605c1fed4413,boc,2024-04,https://www.brvm.org/sites/default/files/boc_20240405_2.pdf,boc_20240405_2.pdf,666794,2026-07-25T22:20:44Z,boc-2024
dcecce7e5ebd2f2e323c772d08c3072f507f6ba6b787be16ba194d7b804475ce,boc,2024-04,https://www.brvm.org/sites/default/files/boc_20240408_2.pdf,boc_20240408_2.pdf,675339,2026-07-25T22:21:00Z,boc-2024
88fb2bf314a214ecad1df2e83f29affe36095e6cd8a99534472cff513985a676,boc,2024-04,https://www.brvm.org/sites/default/files/boc_20240409.pdf,boc_20240409.pdf,803546,2026-07-25T22:21:41Z,boc-2024
4a4a784736663f0ce4e6ec5bb8b83840880e4aacffca97e2ac2df9bf754192a8,boc,2024-04,https://www.brvm.org/sites/default/files/boc_20240411_2.pdf,boc_20240411_2.pdf,718020,2026-07-25T22:22:30Z,boc-2024
fd20e2888c9ea35d75b326018a3911bfa44d43e4a49b0ab76bed44c872199abc,boc,2024-04,https://www.brvm.org/sites/default/files/boc_20240412_2.pdf,boc_20240412_2.pdf,725545,2026-07-25T22:22:46Z,boc-2024
89fd37ee8c324684f6efe65385f6f64a2ef6b373955b87c75fe5aeebd96c6f08,boc,2024-04,https://www.brvm.org/sites/default/files/boc_20240415_2.pdf,boc_20240415_2.pdf,1127327,2026-07-25T22:23:02Z,boc-2024
26974d2f9966228c5335ec35175e841b0343dcbee428561b62d77a25b5d92e7b,boc,2024-04,https://www.brvm.org/sites/default/files/boc_20240416_2.pdf,boc_20240416_2.pdf,730581,2026-07-25T22:23:18Z,boc-2024
0533e0587c2e9c556ef9751efe2a719fad9cf8fa757b7e46abb7ebdbc094e5f6,boc,2024-04,https://www.brvm.org/sites/default/files/boc_20240417_2.pdf,boc_20240417_2.pdf,720333,2026-07-25T22:23:35Z,boc-2024
ec9534ae3d55e852d42c75a1a312f32148b213f5cc9bace35bbe78a4365f93b7,boc,2024-04,https://www.brvm.org/sites/default/files/boc_20240418_2.pdf,boc_20240418_2.pdf,730394,2026-07-25T22:23:51Z,boc-2024
18e3893f06f318af580efd0b4e0aae176e9ef7865776527da4962ee1e8ff1247,boc,2024-04,https://www.brvm.org/sites/default/files/boc_20240419_2.pdf,boc_20240419_2.pdf,730539,2026-07-25T22:24:07Z,boc-2024
78aad318ea2e655b4036f57ce8dff6b1204b49c2295e45febd263a9cefd957cd,boc,2024-04,https://www.brvm.org/sites/default/files/boc_20240422.pdf,boc_20240422.pdf,1087006,2026-07-25T22:24:45Z,boc-2024
c9c8c49a380b991caf982949dc7b53ecc0771288390256bdf69999d90af0a39e,boc,2024-04,https://www.brvm.org/sites/default/files/boc_20240423.pdf,boc_20240423.pdf,809208,2026-07-25T22:25:24Z,boc-2024
46902dc8edd392affb195d2872991a758cd80285f5237d1095ede4c553267dc3,boc,2024-04,https://www.brvm.org/sites/default/files/boc_20240424.pdf,boc_20240424.pdf,1090144,2026-07-25T22:26:03Z,boc-2024
5ea72890ab742e7e71ccebe7d4d750e637d2de97bb27ccf2ab935f34d22dec79,boc,2024-04,https://www.brvm.org/sites/default/files/boc_20240425.pdf,boc_20240425.pdf,1092826,2026-07-25T22:26:41Z,boc-2024
0ae9f6111a76df62d275557b8e8f1f980b178d76a1e6b612fc9f6fd8d20ed664,boc,2024-04,https://www.brvm.org/sites/default/files/boc_20240426.pdf,boc_20240426.pdf,1093557,2026-07-25T22:27:20Z,boc-2024
a65ba76cb5bed49698eda74d8b2fa0de40801e2fa9bc50c476c7f44f63363e45,boc,2024-04,https://www.brvm.org/sites/default/files/boc_20240429_2.pdf,boc_20240429_2.pdf,757051,2026-07-25T22:27:37Z,boc-2024
9a1a95c60a6e9ae4c4d1e8c9ae1c510a2e4d55e88bc810303fe1d3ca81a615a3,boc,2024-03,https://www.brvm.org/sites/default/files/boc_20240301_2.pdf,boc_20240301_2.pdf,658757,2026-07-25T22:27:54Z,boc-2024
acc6aa2c48a9598476cd59ae0af476824983ace6c735727b52a90ea5f2c79f91,boc,2024-03,https://www.brvm.org/sites/default/files/boc_20240304_2.pdf,boc_20240304_2.pdf,661638,2026-07-25T22:28:10Z,boc-2024
c8c12d765088240ebbea706d7688912114aa5d25b0c6f26e191537f4e6d453ca,boc,2024-03,https://www.brvm.org/sites/default/files/boc_20240305_2.pdf,boc_20240305_2.pdf,654445,2026-07-25T22:28:26Z,boc-2024
404a929ef6e4bc271e0b0c34e5bf4b99f5296c7cae3688bebe261fb9e631e5ae,boc,2024-03,https://www.brvm.org/sites/default/files/boc_20240306_2.pdf,boc_20240306_2.pdf,654767,2026-07-25T22:28:42Z,boc-2024
2f3e4846ef682da2e0d94677f60d464d7c3adcb65362a77ae66ac72b974e0a68,boc,2024-03,https://www.brvm.org/sites/default/files/boc_20240307_2.pdf,boc_20240307_2.pdf,660951,2026-07-25T22:28:58Z,boc-2024
dce4aa0813002b1f16f74b6086748b20413fc7a823ca6bed868e8fb834ec4b0b,boc,2024-03,https://www.brvm.org/sites/default/files/boc_20240308_2.pdf,boc_20240308_2.pdf,659720,2026-07-25T22:29:14Z,boc-2024
88cd87860c7aa33c362e540a56fb72fb8d1d942300b0da2794c5bb8ca9711a81,boc,2024-03,https://www.brvm.org/sites/default/files/boc_20240311_2.pdf,boc_20240311_2.pdf,663393,2026-07-25T22:29:30Z,boc-2024
b35b132260d6f73ef8b3bae4f35b2f6cb15f362c1dee699cc04223cddfbd495f,boc,2024-03,https://www.brvm.org/sites/default/files/boc_20240312_2.pdf,boc_20240312_2.pdf,663797,2026-07-25T22:29:46Z,boc-2024
c808471fe267092a18042194ed04af9cc5e04327f46fb85bc89dbcd593511eff,boc,2024-03,https://www.brvm.org/sites/default/files/boc_20240313_2.pdf,boc_20240313_2.pdf,665883,2026-07-25T22:30:02Z,boc-2024
c00fd085ec3d5d65f13f1bd02de4a3de7e9fbfe9bed9ceb13a3be0d278389f09,boc,2024-03,https://www.brvm.org/sites/default/files/boc_20240314_2.pdf,boc_20240314_2.pdf,666091,2026-07-25T22:30:18Z,boc-2024
a1d5a5f77c40bc7d288eb416901140c935c5aa7d7f0d891e6c56ca88ecdf15dd,boc,2024-03,https://www.brvm.org/sites/default/files/boc_20240315_2.pdf,boc_20240315_2.pdf,667378,2026-07-25T22:30:34Z,boc-2024
21684fc715016e3850223d58d6d7ddab5a7ed3c6d56d9d7ce223519c3e92efbd,boc,2024-03,https://www.brvm.org/sites/default/files/boc_20240318_2.pdf,boc_20240318_2.pdf,665154,2026-07-25T22:30:51Z,boc-2024
de1b86c59862721644e595962fd1a1c601dd271644b2f346c22370285fde9b38,boc,2024-03,https://www.brvm.org/sites/default/files/boc_20240319_2.pdf,boc_20240319_2.pdf,660197,2026-07-25T22:31:07Z,boc-2024
afad928eba7728dab9d35921a402d93bfbcff848b2488317b6873f7b1e43b8f1,boc,2024-03,https://www.brvm.org/sites/default/files/boc_20240320_2.pdf,boc_20240320_2.pdf,671939,2026-07-25T22:31:23Z,boc-2024
92792eba15f95eae593a3435fed8c770ecf01feb398ba5b35ffa237ac2a15a26,boc,2024-03,https://www.brvm.org/sites/default/files/boc_20240321_2.pdf,boc_20240321_2.pdf,658108,2026-07-25T22:31:39Z,boc-2024
69dfb7ff39c8998ef8f4aecd85d0814466295d77569223006c86094849c7199a,boc,2024-03,https://www.brvm.org/sites/default/files/boc_20240322_2.pdf,boc_20240322_2.pdf,662679,2026-07-25T22:31:55Z,boc-2024
600bb04b436f736ff1a4b6ef0a54d0788b8a90cde204170e84aaedfc297718d8,boc,2024-03,https://www.brvm.org/sites/default/files/boc_20240325_2.pdf,boc_20240325_2.pdf,663874,2026-07-25T22:32:11Z,boc-2024
8a010f90533d98efd0fdd1d7d28b9149b41ef20685d6a5985cd245898335b5e8,boc,2024-03,https://www.brvm.org/sites/default/files/boc_20240326_2.pdf,boc_20240326_2.pdf,660517,2026-07-25T22:32:28Z,boc-2024
dc71bc061f706ee01e22facfae977d198fb841b004072daef8cb349b5127af35,boc,2024-03,https://www.brvm.org/sites/default/files/boc_20240327_2.pdf,boc_20240327_2.pdf,668663,2026-07-25T22:32:44Z,boc-2024
1582ae83a8891a00b5ece34b513cf85500f9e8810e67cf82a63fa18b621d848f,boc,2024-03,https://www.brvm.org/sites/default/files/boc_20240328_2.pdf,boc_20240328_2.pdf,668797,2026-07-25T22:33:00Z,boc-2024
d0673009cf9571b9022217394f0379f173fef97f14ceca79f48dca64b0750cf5,boc,2024-02,https://www.brvm.org/sites/default/files/boc_20240201_2.pdf,boc_20240201_2.pdf,649911,2026-07-25T22:33:16Z,boc-2024
8b11f1a4045fd231dda1f398f272e87e04a72c168ef4f3fae9d6382ea5915902,boc,2024-02,https://www.brvm.org/sites/default/files/boc_20240202_2.pdf,boc_20240202_2.pdf,683919,2026-07-25T22:33:32Z,boc-2024
499676c156df2feccdb8f0778a6c63a5185f5826cd84b8d635c4e0fd1d7fa1fb,boc,2024-02,https://www.brvm.org/sites/default/files/boc_20240205_2.pdf,boc_20240205_2.pdf,761986,2026-07-25T22:33:48Z,boc-2024
9d2c9fd526d88e3cf230fac5fb6c47eacfda39d7f7c9faf78c19e680ff6d92d7,boc,2024-02,https://www.brvm.org/sites/default/files/boc_20240206_2.pdf,boc_20240206_2.pdf,663619,2026-07-25T22:34:03Z,boc-2024
77bd1770cc22ae9c8c38ffe871e16728357e5a0cd7a2b6860e15cdf592cd2b06,boc,2024-02,https://www.brvm.org/sites/default/files/boc_20240207_2.pdf,boc_20240207_2.pdf,650374,2026-07-25T22:34:19Z,boc-2024
553d6721fa6d14d126c158de31152bbadeeab16521dd4d63e8a01577802b5472,boc,2024-02,https://www.brvm.org/sites/default/files/boc_20240208_2.pdf,boc_20240208_2.pdf,667718,2026-07-25T22:34:35Z,boc-2024
bf0fc741fe3221fb4b505711f941de7039c68797075acd6c331332f36c1747c2,boc,2024-02,https://www.brvm.org/sites/default/files/boc_20240209_2.pdf,boc_20240209_2.pdf,659889,2026-07-25T22:34:51Z,boc-2024
86d5f1b26cd8ee4c554838e067bf4c5a88ef378584538c550e6abc4ad96b0388,boc,2024-02,https://www.brvm.org/sites/default/files/boc_20240213_2.pdf,boc_20240213_2.pdf,674262,2026-07-25T22:35:40Z,boc-2024
31373f3af879759487b5d442608af2e94697b601c24fdbccd9adcd7619d61c01,boc,2024-02,https://www.brvm.org/sites/default/files/boc_20240214_2.pdf,boc_20240214_2.pdf,659331,2026-07-25T22:35:58Z,boc-2024
c174d732fc420319362b1b3fb186c04b65639d538bb3f3d9d8424b685d286f0c,boc,2024-02,https://www.brvm.org/sites/default/files/boc_20240215_2.pdf,boc_20240215_2.pdf,660264,2026-07-25T22:36:14Z,boc-2024
eaf1cecf0691c263248749a2267cdde21c021d423626881de38f1ee2657d203c,boc,2024-02,https://www.brvm.org/sites/default/files/boc_20240216_2.pdf,boc_20240216_2.pdf,666233,2026-07-25T22:36:29Z,boc-2024
a7dce260f1f214988a8e44f7181acb32f260335dace6aaf7e694e2ca222f757e,boc,2024-02,https://www.brvm.org/sites/default/files/boc_20240219_2.pdf,boc_20240219_2.pdf,677580,2026-07-25T22:36:46Z,boc-2024
742738c0bbe883c8b706da23135010e5ce8fb5f98708f4e0cf65161272c4f42f,boc,2024-02,https://www.brvm.org/sites/default/files/boc_20240220.pdf,boc_20240220.pdf,1086105,2026-07-25T22:37:23Z,boc-2024
e3ff9a281311622295959a8e7d98878a4aaae9f317536a1bcafa6675bcc006d5,boc,2024-02,https://www.brvm.org/sites/default/files/boc_20240221_2.pdf,boc_20240221_2.pdf,664785,2026-07-25T22:37:39Z,boc-2024
4221c73d732793fe826fb71e5ffe94b0afb996085ab7a1dbea420436154cff04,boc,2024-02,https://www.brvm.org/sites/default/files/boc_20240222_2.pdf,boc_20240222_2.pdf,686188,2026-07-25T22:37:55Z,boc-2024
8615ca5a3164206f5966f377befe09cdb8a48cdd5f8591f43bb59d86aafebdd9,boc,2024-02,https://www.brvm.org/sites/default/files/boc_20240223_2.pdf,boc_20240223_2.pdf,662273,2026-07-25T22:38:12Z,boc-2024
ca1f9dac6387ae875c2a72788f3a89867d120326f23a17d8607dce9ea043a562,boc,2024-02,https://www.brvm.org/sites/default/files/boc_20240228_2.pdf,boc_20240228_2.pdf,660777,2026-07-25T22:39:32Z,boc-2024
8a8cc191c25a14741aee745609e28d1401052837803c326f955076f66b966a0f,boc,2024-01,https://www.brvm.org/sites/default/files/boc_20240102_2.pdf,boc_20240102_2.pdf,692157,2026-07-25T22:40:20Z,boc-2024
476df1002fb4f626825b9914498fb1c5dc1c94bff15b073592a46d838e0935d6,boc,2024-01,https://www.brvm.org/sites/default/files/boc_20240103_2.pdf,boc_20240103_2.pdf,728128,2026-07-25T22:40:36Z,boc-2024
aaafad1d780f08082fdcd0fb6ae0360228ba79e5e78008c727f84b8b6732a97c,boc,2024-01,https://www.brvm.org/sites/default/files/boc_20240104_2.pdf,boc_20240104_2.pdf,728375,2026-07-25T22:40:52Z,boc-2024
583fc32d70700f17c48375a29c6d4695aa8d21d2f2c0ccefc9fdac95ae90a1aa,boc,2024-01,https://www.brvm.org/sites/default/files/boc_20240105_2.pdf,boc_20240105_2.pdf,663193,2026-07-25T22:41:08Z,boc-2024
e83257b0e5e108380506ffb2773f06e7ebe5d121e34df7a67d1345964003142f,boc,2024-01,https://www.brvm.org/sites/default/files/boc_20240108.pdf,boc_20240108.pdf,1110738,2026-07-25T22:41:46Z,boc-2024
9ca8346efba9fb449f7037071d589552cfd58a5dbc0af037c1d734eb92e7f9f2,boc,2024-01,https://www.brvm.org/sites/default/files/boc_20240109_2.pdf,boc_20240109_2.pdf,851142,2026-07-25T22:42:02Z,boc-2024
c163df851fdacf8685429c824179861a6226b77f45267eb6e89933be72011a07,boc,2024-01,https://www.brvm.org/sites/default/files/boc_20240111_2.pdf,boc_20240111_2.pdf,896639,2026-07-26T06:28:31Z,boc-2024
e74f41e8f87d7bb86c689e7c9d1ad115d29312f6837918bd4a1b67a3db87361e,boc,2024-01,https://www.brvm.org/sites/default/files/boc_20240112_2.pdf,boc_20240112_2.pdf,667122,2026-07-26T06:28:48Z,boc-2024
53287531bb13d68e03a11df62d709591b88ca813f8c1c24f60b36967aa30c506,boc,2024-01,https://www.brvm.org/sites/default/files/boc_20240115_2.pdf,boc_20240115_2.pdf,724413,2026-07-26T06:29:05Z,boc-2024
2a82c7acb8fcebf617019977742462a53bb83867b72af059cabdf15707970c31,boc,2024-01,https://www.brvm.org/sites/default/files/boc_20240116_2.pdf,boc_20240116_2.pdf,665971,2026-07-26T06:29:21Z,boc-2024
a091e006f2aa4c3a626209ac4f11889743990ca60078e83996b8f2d1c897ef8d,boc,2024-01,https://www.brvm.org/sites/default/files/boc_20240117_2.pdf,boc_20240117_2.pdf,658206,2026-07-26T06:29:37Z,boc-2024
1189a7a3d3e79a8a796c87746ba713eb817bfc4395eac23662a9e0225bad1d74,boc,2024-01,https://www.brvm.org/sites/default/files/boc_20240118_2.pdf,boc_20240118_2.pdf,689072,2026-07-26T06:29:54Z,boc-2024
ea817ace92e8e71af89ff47d0d47a7eb3781fb6abc0f4bb7b6edf0e64d724ad2,boc,2024-01,https://www.brvm.org/sites/default/files/boc_20240119_2.pdf,boc_20240119_2.pdf,682409,2026-07-26T06:30:10Z,boc-2024
07d4e440e922d4610b217bb60a04486870b56fe8137c034fda7b02dabf122a9f,boc,2024-01,https://www.brvm.org/sites/default/files/boc_20240122_2.pdf,boc_20240122_2.pdf,673811,2026-07-26T06:30:27Z,boc-2024
e98f8263174ab12256ddaef1b8578791c2e3dfc2a7bdf7a43c38d8bf102f501c,boc,2024-01,https://www.brvm.org/sites/default/files/boc_20240123_2.pdf,boc_20240123_2.pdf,656954,2026-07-26T06:30:43Z,boc-2024
fabbdb781337e7d810e4a4a012b72a4eb370df2d1d8fd090b0dd531a954b77cb,boc,2024-01,https://www.brvm.org/sites/default/files/boc_20240124_2.pdf,boc_20240124_2.pdf,647412,2026-07-26T06:31:00Z,boc-2024
a04465d0400fdffa971c186da39af8abcba74be7f04baa1e4f88a765c54a382d,boc,2024-01,https://www.brvm.org/sites/default/files/boc_20240125_2.pdf,boc_20240125_2.pdf,658745,2026-07-26T06:31:16Z,boc-2024
dce7997357f99ca34ac2e8218db6bb9e5299bf9f9f07b83837a550c72893ab5c,boc,2024-01,https://www.brvm.org/sites/default/files/boc_20240126_2.pdf,boc_20240126_2.pdf,653094,2026-07-26T06:31:33Z,boc-2024
7224914fddce1a2a55fd9897621f95d2a2cb1da4b88b3716acf55fe2801f056d,boc,2024-01,https://www.brvm.org/sites/default/files/boc_20240129_2.pdf,boc_20240129_2.pdf,684957,2026-07-26T06:31:50Z,boc-2024
aef2c966ca29e2827c7b374ac9fb9e930f019827187996107548af45efc22a60,boc,2024-01,https://www.brvm.org/sites/default/files/boc_20240130.pdf,boc_20240130.pdf,1083298,2026-07-26T06:32:28Z,boc-2024
c13c5e65ff39c19acff4dbf16c4a839d83368bbddfca13c6e532aef6182e3fc7,boc,2023-12,https://www.brvm.org/sites/default/files/boc_20231201_2.pdf,boc_20231201_2.pdf,931106,2026-07-26T06:32:45Z,boc-2023
975bb4201a9d340c15b3aab96e982b3ebcb835aec5e9173525aafb7599bc9dcd,boc,2023-12,https://www.brvm.org/sites/default/files/boc_20231204_2.pdf,boc_20231204_2.pdf,925049,2026-07-26T06:33:02Z,boc-2023
dbfa44749622ecdfae14885192d745c9622576345933c6b14038f3d627839a5f,boc,2023-12,https://www.brvm.org/sites/default/files/boc_20231205_2.pdf,boc_20231205_2.pdf,923519,2026-07-26T06:33:19Z,boc-2023
80d950acb591e96f3e283ae96863acf56bc1708222b676799abe9a72e2255e87,boc,2023-12,https://www.brvm.org/sites/default/files/boc_20231206_2.pdf,boc_20231206_2.pdf,921827,2026-07-26T06:33:36Z,boc-2023
5f33c04f04a94dc3544253168206c3301b2ac0d3bd81d4718e2b145e59da80b0,boc,2023-12,https://www.brvm.org/sites/default/files/boc_20231207_2.pdf,boc_20231207_2.pdf,927231,2026-07-26T06:33:53Z,boc-2023
1dfc7f2f5578ceb94ebcffcdb81ef29eec329ac1745c1c628230ed76bb377327,boc,2023-12,https://www.brvm.org/sites/default/files/boc_20231208_2.pdf,boc_20231208_2.pdf,931062,2026-07-26T06:34:10Z,boc-2023
269ddf5c9e2072b3b7e98e3e752799ba718bb59dbca1bd875b935caa345d04cc,boc,2023-12,https://www.brvm.org/sites/default/files/boc_20231211_2.pdf,boc_20231211_2.pdf,932282,2026-07-26T06:34:27Z,boc-2023
aa32185c43c9358d90e6fce551a753d8698b472720ef98ea7ae602bc879ba590,boc,2023-12,https://www.brvm.org/sites/default/files/boc_20231212_2.pdf,boc_20231212_2.pdf,969603,2026-07-26T06:34:44Z,boc-2023
87794518ad10979d60c1738e53ca2f216dfa8356114b7bd1ccb8a58727bf31e9,boc,2023-12,https://www.brvm.org/sites/default/files/boc_20231213_2.pdf,boc_20231213_2.pdf,934434,2026-07-26T06:35:01Z,boc-2023
c80d284cab7a47d2be383e0b9787c0637fece7df26f09036fc5338e0f42c5dfc,boc,2023-12,https://www.brvm.org/sites/default/files/boc_20231214_2.pdf,boc_20231214_2.pdf,928962,2026-07-26T06:35:18Z,boc-2023
555f7362361cb4601d75758f3a45e4bfd151c06683fc808472e9cd47f6c4ae14,boc,2023-12,https://www.brvm.org/sites/default/files/boc_20231215.pdf,boc_20231215.pdf,1119691,2026-07-26T06:35:55Z,boc-2023
2c71d4463d0322338ad495bb4cd3ecd5e84042ccede5df68b81f366212c2eb16,boc,2023-12,https://www.brvm.org/sites/default/files/boc_20231218_2.pdf,boc_20231218_2.pdf,924414,2026-07-26T06:36:13Z,boc-2023
0fbbda4c1f6f4c47502968fef4118bdc8535d31c1cd909d03a4c5b304b2709ed,boc,2023-12,https://www.brvm.org/sites/default/files/boc_20231219_2.pdf,boc_20231219_2.pdf,922573,2026-07-26T06:36:30Z,boc-2023
4dffab76746e9a73bc4df045f105a726d0c70f9163139eeeaa90a17d7b9687a5,boc,2023-12,https://www.brvm.org/sites/default/files/boc_20231220_2.pdf,boc_20231220_2.pdf,924215,2026-07-26T06:36:47Z,boc-2023
a9a65e6a074c985d2238572be0db5ad1c9a7347b5edfe4bb7be1aabbaeb1dcc6,boc,2023-12,https://www.brvm.org/sites/default/files/boc_20231221_2.pdf,boc_20231221_2.pdf,924413,2026-07-26T06:37:04Z,boc-2023
f5e63e40194ebfeab0a3a0fa23ba57e6dea37eda78ed5a4316210658fc284dcd,boc,2023-12,https://www.brvm.org/sites/default/files/boc_20231222_2.pdf,boc_20231222_2.pdf,747587,2026-07-26T06:37:21Z,boc-2023
4378b8a1bd458cc0c81e0c7dbe6b397467b2b8cf0055fb9720d67a40fe5b923d,boc,2023-12,https://www.brvm.org/sites/default/files/boc_20231226_2.pdf,boc_20231226_2.pdf,757583,2026-07-26T06:38:10Z,boc-2023
3315619b8e3bbac9cd70ec5d4d2bb2a00e814cd6369892dd08b7940d6a0b914c,boc,2023-12,https://www.brvm.org/sites/default/files/boc_20231227_2.pdf,boc_20231227_2.pdf,924642,2026-07-26T06:38:27Z,boc-2023
173d1c6e3c659c861e95074e322db9265c0681ec93ab7467de7348e7c18a207c,boc,2023-12,https://www.brvm.org/sites/default/files/boc_20231228_2.pdf,boc_20231228_2.pdf,917371,2026-07-26T06:38:43Z,boc-2023
203199b0fd439ceafd01395fd90cc9bfb10f8c487545b0cf54d48c6c35ac20ee,boc,2023-11,https://www.brvm.org/sites/default/files/boc_20231102_2.pdf,boc_20231102_2.pdf,925764,2026-07-26T06:39:34Z,boc-2023
0c8fa6bba7e67110e1d51d98491122254eeec1a85032f3a5a183e6c0c044a053,boc,2023-11,https://www.brvm.org/sites/default/files/boc_20231103_2.pdf,boc_20231103_2.pdf,938175,2026-07-26T06:39:50Z,boc-2023
f97bf26b055fbe6bb132cab5f6e2ae6a0881e89e5888e999a75caae62de83232,boc,2023-11,https://www.brvm.org/sites/default/files/boc_20231106_2.pdf,boc_20231106_2.pdf,931579,2026-07-26T06:40:08Z,boc-2023
8809315e5bcefcc019021e665dfefb75987f1679625800d84076a522a81109d7,boc,2023-11,https://www.brvm.org/sites/default/files/boc_20231107_2.pdf,boc_20231107_2.pdf,927285,2026-07-26T06:40:24Z,boc-2023
07f2fd7b3226aa07c7a529ae02a1a3f7e5b2e75f2013ccca96f3b69c2bfc1e87,boc,2023-11,https://www.brvm.org/sites/default/files/boc_20231108_2.pdf,boc_20231108_2.pdf,927545,2026-07-26T06:40:41Z,boc-2023
125736ae39b390df7b27f47263d34d189ad3a401f2dee0b00189782ceaf81a25,boc,2023-11,https://www.brvm.org/sites/default/files/boc_20231109.pdf,boc_20231109.pdf,1119286,2026-07-26T06:41:20Z,boc-2023
887342f950e14ce2a82f86dbc8c3a88d9b979bfb96b6b51a4c13b293bb6f6366,boc,2023-11,https://www.brvm.org/sites/default/files/boc_20231110.pdf,boc_20231110.pdf,1115678,2026-07-26T06:41:58Z,boc-2023
11454c0e11ebf0532446e15891077da8cd50e40c27ee0a23f54eee49a13669ab,boc,2023-11,https://www.brvm.org/sites/default/files/boc_20231113_2.pdf,boc_20231113_2.pdf,922061,2026-07-26T06:42:15Z,boc-2023
00b4efb9ef3df5fc87afe0e062d97d3621aaf93de2d61829e224e16f8f1df39c,boc,2023-11,https://www.brvm.org/sites/default/files/boc_20231114_2.pdf,boc_20231114_2.pdf,924154,2026-07-26T06:42:32Z,boc-2023
982e27fc6fc758d42d632da6b082f9c769e5d7fcbf8ecb8231c9d5e8204c7458,boc,2023-11,https://www.brvm.org/sites/default/files/boc_20231116.pdf,boc_20231116.pdf,1117109,2026-07-26T06:43:43Z,boc-2023
189f3ecd61b8bc55b436d88d62c71a5eb67bc2c7720224e1b39f3575806c9c04,boc,2023-11,https://www.brvm.org/sites/default/files/boc_20231117.pdf,boc_20231117.pdf,1118490,2026-07-26T06:44:21Z,boc-2023
f5a76ed63360902d683c736543142e30562557ccad8a4658a2cf45ce52f0eaf6,boc,2023-11,https://www.brvm.org/sites/default/files/boc_20231120_2.pdf,boc_20231120_2.pdf,922687,2026-07-26T06:44:38Z,boc-2023
32edca7d064e7e2e814c42318f329370c1adde5b0502f0653e91af5b8924ddb9,boc,2023-11,https://www.brvm.org/sites/default/files/boc_20231121_2.pdf,boc_20231121_2.pdf,928125,2026-07-26T06:44:55Z,boc-2023
088dc81aece3876b52af2cd5bef685d035255e27a3f2b14d97c5c2e8f5ab8f9b,boc,2023-11,https://www.brvm.org/sites/default/files/boc_20231122_2.pdf,boc_20231122_2.pdf,929734,2026-07-26T06:45:11Z,boc-2023
7025661e12e9675a3303196a63a9edeb3bf24b697eea70432a41993d9d8b7e17,boc,2023-11,https://www.brvm.org/sites/default/files/boc_20231123_2.pdf,boc_20231123_2.pdf,925764,2026-07-26T06:45:28Z,boc-2023
04d7cc66f2553f15b90ecb19948cdfbf79fc4bb66a2ff173f82a87c71ce88af0,boc,2023-11,https://www.brvm.org/sites/default/files/boc_20231124.pdf,boc_20231124.pdf,1120708,2026-07-26T06:46:07Z,boc-2023
4352dceac928d93f141443496f10ea4980718af75957a91ff0be0888c96413f5,boc,2023-11,https://www.brvm.org/sites/default/files/boc_20231127_2.pdf,boc_20231127_2.pdf,924894,2026-07-26T06:46:24Z,boc-2023
244468a96e381b1cf8122460105e2eb47ded7de47064dfbc395727e47420dacd,boc,2023-11,https://www.brvm.org/sites/default/files/boc_20231128_2.pdf,boc_20231128_2.pdf,926277,2026-07-26T06:46:41Z,boc-2023
88f7c393af16a8b42f0c8285c6c133845f11dc0d8aec4a5e9ad916d9c28f4af4,boc,2023-11,https://www.brvm.org/sites/default/files/boc_20231129_2.pdf,boc_20231129_2.pdf,916825,2026-07-26T06:46:57Z,boc-2023
9f6a82c89a91f7439d9e90a08df5a628b190efc90c857acf9f13211f8b34ffd1,boc,2023-10,https://www.brvm.org/sites/default/files/boc_20231002_2.pdf,boc_20231002_2.pdf,985982,2026-07-26T06:47:14Z,boc-2023
94d2a08ec01e6ab4658971679d0380aca74a5c3e12ca8b9e8ef16415a362ce88,boc,2023-10,https://www.brvm.org/sites/default/files/boc_20231003_2.pdf,boc_20231003_2.pdf,919305,2026-07-26T06:47:30Z,boc-2023
497a083c1eaf45a897dffd050bfa9d68e7a4988380a6381f4e0d4a827d29737a,boc,2023-10,https://www.brvm.org/sites/default/files/boc_20231004_2.pdf,boc_20231004_2.pdf,919123,2026-07-26T06:47:47Z,boc-2023
0b7361aeb22e265e79ab526213be2b866192fc31e14c08ce253f5a3bebbaaa58,boc,2023-10,https://www.brvm.org/sites/default/files/boc_20231005_2.pdf,boc_20231005_2.pdf,919154,2026-07-26T06:48:03Z,boc-2023
4834e8cb5b69db6cc9d5f492ac3b8b35c9994bb1da0ccedbaec705de6da9b4c1,boc,2023-10,https://www.brvm.org/sites/default/files/boc_20231006_2.pdf,boc_20231006_2.pdf,913426,2026-07-26T06:48:20Z,boc-2023
dc9ec31163bc0628928a183946e07fa9f435b14242dc6f0cb1f7a4d760ce0e7a,boc,2023-10,https://www.brvm.org/sites/default/files/boc_20231009_2.pdf,boc_20231009_2.pdf,921238,2026-07-26T06:48:36Z,boc-2023
a33ff2966afbc132933849604a76e457bc6fc777b9f50a3f0263d6affcdc7236,boc,2023-10,https://www.brvm.org/sites/default/files/boc_20231010_2.pdf,boc_20231010_2.pdf,914417,2026-07-26T06:48:53Z,boc-2023
b0b35bf3ce6914da22b55f5aa79921aa0f3f0bfaa963e09baf30a810e5968de5,boc,2023-10,https://www.brvm.org/sites/default/files/boc_20231011_2.pdf,boc_20231011_2.pdf,920274,2026-07-26T06:49:11Z,boc-2023
1c5d04438634d92c2d13fd8a4cc833d023fd7cc9f45ffada88616b7a87011291,boc,2023-10,https://www.brvm.org/sites/default/files/boc_20231012_2.pdf,boc_20231012_2.pdf,915291,2026-07-26T06:49:27Z,boc-2023
38f96193b1c50738ebb2c8f64f75f9564fcf16f3e7fa0ad539e8f0062f146bc6,boc,2023-10,https://www.brvm.org/sites/default/files/boc_20231013.pdf,boc_20231013.pdf,1117520,2026-07-26T06:50:07Z,boc-2023
35e76c23d71e4aa955cbcaaa8644e1840708d4eb834273efc34f4719e9a53c39,boc,2023-10,https://www.brvm.org/sites/default/files/boc_20231016_2.pdf,boc_20231016_2.pdf,909346,2026-07-26T06:50:24Z,boc-2023
9a31c384a8d2837dfe3a4a71f252bba553316927966233addc32bea26f3ce003,boc,2023-10,https://www.brvm.org/sites/default/files/boc_20231017_2.pdf,boc_20231017_2.pdf,916138,2026-07-26T06:50:40Z,boc-2023
f2baaa52f438ae20ae7fdb365b25b30a01109e24be6e7697217356dcf98cdeec,boc,2023-10,https://www.brvm.org/sites/default/files/boc_20231018_2.pdf,boc_20231018_2.pdf,917479,2026-07-26T06:50:57Z,boc-2023
e86441e6fc4806c4b697122fb57ef5dd8344e37d8e26e7dcb6d58f0b771f4191,boc,2023-10,https://www.brvm.org/sites/default/files/boc_20231019_2.pdf,boc_20231019_2.pdf,918580,2026-07-26T06:51:13Z,boc-2023
f03048af231135b7cf9b44ce9967325e0906deebe1ea0b4198b4d632d1ce06f3,boc,2023-10,https://www.brvm.org/sites/default/files/boc_20231020_2.pdf,boc_20231020_2.pdf,988432,2026-07-26T06:51:30Z,boc-2023
459df9081a6126562b6ecf9782235804d974980fe8552707d10d0f7607f14f76,boc,2023-10,https://www.brvm.org/sites/default/files/boc_20231023_2.pdf,boc_20231023_2.pdf,915398,2026-07-26T06:51:47Z,boc-2023
53756406eb41b8b986063627a7890cc51490139fd763e95dc61e1bd298dae867,boc,2023-10,https://www.brvm.org/sites/default/files/boc_20231024_2.pdf,boc_20231024_2.pdf,912664,2026-07-26T06:52:03Z,boc-2023
6d5e84787c6b7da174c320a518eab3ce9b099e051990db2ca326eeb1ad0f4ef6,boc,2023-10,https://www.brvm.org/sites/default/files/boc_20231025_2.pdf,boc_20231025_2.pdf,919677,2026-07-26T06:52:20Z,boc-2023
8f6fbee50b03b26de208d4088dc1ad0e70a5265030b19602a9b7b5b7a260e804,boc,2023-10,https://www.brvm.org/sites/default/files/boc_20231026_2.pdf,boc_20231026_2.pdf,926048,2026-07-26T06:52:36Z,boc-2023
6ecef841c6e3cdb4df574ed9b589e7dcc65bd06d71c083215c0f206a13e5a4c6,boc,2023-10,https://www.brvm.org/sites/default/files/boc_20231027_2.pdf,boc_20231027_2.pdf,920665,2026-07-26T06:52:53Z,boc-2023
b62d2231e7e016b8ac58a43268016e5b5b880e329f825a5d1d00c6e5f9dec5a8,boc,2023-10,https://www.brvm.org/sites/default/files/boc_20231030_2.pdf,boc_20231030_2.pdf,928192,2026-07-26T06:53:10Z,boc-2023
329a5135001cbe02ece7b25d65c85381c57dc6b0b35bd5b7a0a46fd794573713,boc,2023-09,https://www.brvm.org/sites/default/files/boc_20230901_2.pdf,boc_20230901_2.pdf,901390,2026-07-26T06:53:26Z,boc-2023
155d690dbe6e41035324748f8a2511f61c061968ced9397dfa67903fc5b12f43,boc,2023-09,https://www.brvm.org/sites/default/files/boc_20230904_2.pdf,boc_20230904_2.pdf,908974,2026-07-26T06:53:43Z,boc-2023
a9bd21f5c200a9b12f13a3a96cbe85e7894d47568c975fa7943b884616180d31,boc,2023-09,https://www.brvm.org/sites/default/files/boc_20230905_2.pdf,boc_20230905_2.pdf,903268,2026-07-26T06:53:59Z,boc-2023
0936e01c4c7852f863990a8e0a0fa7a617efeff5502025cda43936261eb92ec4,boc,2023-09,https://www.brvm.org/sites/default/files/boc_20230906_2.pdf,boc_20230906_2.pdf,919096,2026-07-26T06:54:16Z,boc-2023
2f3c2e096632bf8452c2760bf04c2e8384929b142ca564890401cf652108b12d,boc,2023-09,https://www.brvm.org/sites/default/files/boc_20230907.pdf,boc_20230907.pdf,1090732,2026-07-26T06:54:54Z,boc-2023
57c7dbe54992b9319e43d8d5a95d0e6a11ea8c5dbd1887f4bf111e8463a9d4b5,boc,2023-09,https://www.brvm.org/sites/default/files/boc_20230908_2.pdf,boc_20230908_2.pdf,919635,2026-07-26T06:55:11Z,boc-2023
bad9575bbd5b5a72afefbcb4f2130edb3c20aad3186b879886341fae6ba4f9c8,boc,2023-09,https://www.brvm.org/sites/default/files/boc_20230911_2.pdf,boc_20230911_2.pdf,911042,2026-07-26T06:55:28Z,boc-2023
d6be0e31143e5ff781c9482edca9d042476b43bf3920675fe0c7a6e2d1226ffb,boc,2023-09,https://www.brvm.org/sites/default/files/boc_20230912_2.pdf,boc_20230912_2.pdf,903399,2026-07-26T06:55:44Z,boc-2023
aab70a1191c29700529600c93b1b6c4448bfeb3eb189f1497b3ae56b373650ed,boc,2023-09,https://www.brvm.org/sites/default/files/boc_20230913_2.pdf,boc_20230913_2.pdf,909032,2026-07-26T06:56:01Z,boc-2023
74abd4b9ed4f6a5933d582168aaa23f255994a6e151f0e8d012695111ae2aefb,boc,2023-09,https://www.brvm.org/sites/default/files/boc_20230914.pdf,boc_20230914.pdf,770772,2026-07-26T06:56:39Z,boc-2023
851bb429caf9db472d9759b4f8de65cc7ada30b7553559e6321b40d6e5cca55f,boc,2023-09,https://www.brvm.org/sites/default/files/boc_20230915.pdf,boc_20230915.pdf,770483,2026-07-26T06:57:16Z,boc-2023
cc64bd7d0f0362349b5180ef8fe8616537277fef199a786ff5cf5f19dab4fd83,boc,2023-09,https://www.brvm.org/sites/default/files/boc_20230918_2.pdf,boc_20230918_2.pdf,965618,2026-07-26T06:57:32Z,boc-2023
5108d93c824e686b7e54f80d7e5e214d0b98d461cf7d8a30c9a2385febf956bf,boc,2023-09,https://www.brvm.org/sites/default/files/boc_20230919_2.pdf,boc_20230919_2.pdf,929208,2026-07-26T06:57:49Z,boc-2023
d44ca9a29d94dfcf03c6af6082f6d8a1bd325b8296a80634ae842d28d820528e,boc,2023-09,https://www.brvm.org/sites/default/files/boc_20230920_2.pdf,boc_20230920_2.pdf,927380,2026-07-26T06:58:05Z,boc-2023
099393436d6c8ec5a52b888f06b00dcf21da1439031852bd85887c276bedbce7,boc,2023-09,https://www.brvm.org/sites/default/files/boc_20230921_2.pdf,boc_20230921_2.pdf,816401,2026-07-26T06:58:22Z,boc-2023
cd319a7e796b53496b39f7659a1c9b491f0bf46124df55d732d817e874a923e2,boc,2023-09,https://www.brvm.org/sites/default/files/boc_20230922_2.pdf,boc_20230922_2.pdf,1038616,2026-07-26T06:58:39Z,boc-2023
329bceebc13877c9691483bc39a7b750726b27fd0e8d632bde2b04adca103391,boc,2023-09,https://www.brvm.org/sites/default/files/boc_20230925_2.pdf,boc_20230925_2.pdf,951596,2026-07-26T06:58:56Z,boc-2023
3f969f6aad150b2236eaeee5a5383ee955ecd3c97a9f4c2dadd10b0e0b4b2810,boc,2023-09,https://www.brvm.org/sites/default/files/boc_20230926_2.pdf,boc_20230926_2.pdf,947160,2026-07-26T06:59:14Z,boc-2023
77995adeea51f9a00c2e888b3eb247a7809d4fa9a1c1a7ade498d3cb577499bb,boc,2023-09,https://www.brvm.org/sites/default/files/boc_20230928_2.pdf,boc_20230928_2.pdf,948653,2026-07-26T07:00:02Z,boc-2023
b0979d516309bfef740cee999528201792c6d03507174a0d48dd9b69b8ba7142,boc,2023-08,https://www.brvm.org/sites/default/files/boc_20230801.pdf,boc_20230801.pdf,1088154,2026-07-26T07:00:42Z,boc-2023
2be19fa330fa398a46384544dbad5819c9ecde3eb6f190debc2ed9e452ecf308,boc,2023-08,https://www.brvm.org/sites/default/files/boc_20230802.pdf,boc_20230802.pdf,1088787,2026-07-26T07:01:23Z,boc-2023
bdfd19f60e11f4cd278e9c9c6cb80838031ffa15aebd286ef374111541bf901b,boc,2023-08,https://www.brvm.org/sites/default/files/boc_20230803.pdf,boc_20230803.pdf,1087835,2026-07-26T07:02:01Z,boc-2023
3d03fccc533d6c2a14ca195b0ffdda66372e66ad676c459542df4709b70b6eb8,boc,2023-08,https://www.brvm.org/sites/default/files/boc_20230804.pdf,boc_20230804.pdf,1087217,2026-07-26T07:02:39Z,boc-2023
c3f3afdf3d7e7ef729286c1e4106cdfbf3b55487708835157045023ec6d68f73,boc,2023-08,https://www.brvm.org/sites/default/files/boc_20230808.pdf,boc_20230808.pdf,1086133,2026-07-26T07:03:53Z,boc-2023
9850797b690a39e2e89d3b30c976554c2139069a07dd5fcd09dd4fea77f4e58a,boc,2023-08,https://www.brvm.org/sites/default/files/boc_20230809.pdf,boc_20230809.pdf,1088203,2026-07-26T07:04:31Z,boc-2023
1ce3ddf7332b2d69215d56db1794ba17b749b77586f925cecb74b056dfb45e29,boc,2023-08,https://www.brvm.org/sites/default/files/boc_20230810.pdf,boc_20230810.pdf,1086391,2026-07-26T07:05:10Z,boc-2023
9c353cf5243232f26775ee79ad3c0e7de5dd30f6bb1d8e5d4ab11785b284d068,boc,2023-08,https://www.brvm.org/sites/default/files/boc_20230814.pdf,boc_20230814.pdf,1084130,2026-07-26T07:06:21Z,boc-2023
7e3b7e727899bceeb68af2328a5d3cf694169c8e73f2c84563b15440de71f9d8,boc,2023-08,https://www.brvm.org/sites/default/files/boc_20230816.pdf,boc_20230816.pdf,1083171,2026-07-26T07:07:31Z,boc-2023
abd337d3221a020ff1b2b292560cdb639b3991144be5671f6ed9cccb9870957c,boc,2023-08,https://www.brvm.org/sites/default/files/boc_20230817.pdf,boc_20230817.pdf,1086436,2026-07-26T07:08:10Z,boc-2023
dbee2ff26f0de984e593b1d64e3d1a64517d22d04f23abcf4dd55ba606fdd975,boc,2023-08,https://www.brvm.org/sites/default/files/boc_20230818.pdf,boc_20230818.pdf,1086508,2026-07-26T07:08:50Z,boc-2023
92a71e34ab6f61adac2f564750a33fd3b3f26bad2c95d39096c94cb0b37fb06f,boc,2023-08,https://www.brvm.org/sites/default/files/boc_20230821.pdf,boc_20230821.pdf,1088067,2026-07-26T07:09:29Z,boc-2023
6a951386cd4034b63d4e478b5d318099a990551ba08cf8353dc727e516b552a0,boc,2023-08,https://www.brvm.org/sites/default/files/boc_20230822.pdf,boc_20230822.pdf,1087195,2026-07-26T07:10:09Z,boc-2023
4fb1ea04a7df4ba6aa6028d0e405bd0c1248488f37076b3a0a9ffd18dfd1b769,boc,2023-08,https://www.brvm.org/sites/default/files/boc_20230823.pdf,boc_20230823.pdf,1090317,2026-07-26T07:10:47Z,boc-2023
e2e5abf428c23ab31fa65343c5398eb3d52b477882086bf546529fa809f7a343,boc,2023-08,https://www.brvm.org/sites/default/files/boc_20230824.pdf,boc_20230824.pdf,1090222,2026-07-26T07:11:25Z,boc-2023
b36f84aa15bc69ff3382def1ad6f9b22d0f23058e40816f749062a3c61b63e55,boc,2023-08,https://www.brvm.org/sites/default/files/boc_20230825.pdf,boc_20230825.pdf,1089164,2026-07-26T07:12:03Z,boc-2023
a9823c6508911ea3c9d986dfcb7d45621a1e856fc6f8cb54c901e9501a97733d,boc,2023-08,https://www.brvm.org/sites/default/files/boc_20230828.pdf,boc_20230828.pdf,1090562,2026-07-26T07:12:43Z,boc-2023
b10e74bfe1fbd56526060abb1bfe1a844c70ee27de5a72b04b7086a4bb0fe846,boc,2023-08,https://www.brvm.org/sites/default/files/boc_20230829.pdf,boc_20230829.pdf,1090142,2026-07-26T07:13:22Z,boc-2023
9dab9a76b84fb3f44ebbd7734292dfeebe6143c9a2d69e7cd749d94ecaf4884d,boc,2023-08,https://www.brvm.org/sites/default/files/boc_20230830.pdf,boc_20230830.pdf,1089261,2026-07-26T07:14:01Z,boc-2023
b8589a0b8f62a8943ab80fa879ec9c61691a61a1410a52b8648b519e23376aed,boc,2023-07,https://www.brvm.org/sites/default/files/boc_20230703_2.pdf,boc_20230703_2.pdf,814455,2026-07-26T07:14:39Z,boc-2023
d92feb56b71abdbd87c22f957ba179bd452d206ba5ef06a0cf0d6f31e6e6a2ab,boc,2023-07,https://www.brvm.org/sites/default/files/boc_20230704_2.pdf,boc_20230704_2.pdf,812201,2026-07-26T07:14:56Z,boc-2023
2ad2b5ad96032105b797d2e126bcb31fa0dd38e262c38c95b90159de5eaf1db9,boc,2023-07,https://www.brvm.org/sites/default/files/boc_20230705_2.pdf,boc_20230705_2.pdf,816780,2026-07-26T07:15:12Z,boc-2023
441e8983e3a13cb11bb1a19878d703bed0ae44571495baa8509cf927b3b26617,boc,2023-07,https://www.brvm.org/sites/default/files/boc_20230706_2.pdf,boc_20230706_2.pdf,815372,2026-07-26T07:15:29Z,boc-2023
3bd1642bd77ce371c7f3dc229797b05b382cbe0ee5ca90ca7514e09d77ce6e13,boc,2023-07,https://www.brvm.org/sites/default/files/boc_20230707_2.pdf,boc_20230707_2.pdf,815808,2026-07-26T07:15:46Z,boc-2023
ab635d833df44072eeecdf6740a1e64b133f3346aa9f58cfb078e5ca31561456,boc,2023-07,https://www.brvm.org/sites/default/files/boc_20230710_2.pdf,boc_20230710_2.pdf,815520,2026-07-26T07:16:02Z,boc-2023
0cf423cce85fda6219e365ec6e8585359c06a93c6e6c110a7a167e08b3b8676f,boc,2023-07,https://www.brvm.org/sites/default/files/boc_20230711_2.pdf,boc_20230711_2.pdf,804622,2026-07-26T09:17:12Z,boc-2023
e133809606acd7621438a967982c496c7a64b5c75d52eff08b049d6e122950fc,boc,2023-07,https://www.brvm.org/sites/default/files/boc_20230712_2.pdf,boc_20230712_2.pdf,811764,2026-07-26T09:17:30Z,boc-2023
3f7010f76ee96bd3882eada7fc041bd80eedb47b4132801a8406ed8b630c5f2d,boc,2023-07,https://www.brvm.org/sites/default/files/boc_20230713_2.pdf,boc_20230713_2.pdf,813913,2026-07-26T09:17:47Z,boc-2023
2c43548e884c23e8dade90c31b5f9e46cdc3447cf1dbc919eb5a044abbafe31b,boc,2023-07,https://www.brvm.org/sites/default/files/boc_20230714_2.pdf,boc_20230714_2.pdf,809478,2026-07-26T09:18:03Z,boc-2023
f8edb659c1013f2e5b8214ad5fa226326f5ef776f2efa740529c703d67d15564,boc,2023-07,https://www.brvm.org/sites/default/files/boc_20230717_2.pdf,boc_20230717_2.pdf,815136,2026-07-26T09:18:20Z,boc-2023
4d122ac8d141e5fdb9401734147b2be3d17f7160e8a834571aca9846f4ce9fb6,boc,2023-07,https://www.brvm.org/sites/default/files/boc_20230718_2.pdf,boc_20230718_2.pdf,817200,2026-07-26T09:18:37Z,boc-2023
0878df4b6dd42146daed7a93468d594c1bdb3d7461ae44bffd906d8e32fa75a7,boc,2023-07,https://www.brvm.org/sites/default/files/boc_20230719_2.pdf,boc_20230719_2.pdf,816845,2026-07-26T09:18:54Z,boc-2023
45c549fee18e225ec2392efb90a479541e5736a4f4a1a92e5c4424d9b7f15acc,boc,2023-07,https://www.brvm.org/sites/default/files/boc_20230720_2.pdf,boc_20230720_2.pdf,809221,2026-07-26T09:19:11Z,boc-2023
b738210aaf5f39c387fa3501e0a9a2b45b5f4dad7be60719df42554d4ef7e0b8,boc,2023-07,https://www.brvm.org/sites/default/files/boc_20230721_2.pdf,boc_20230721_2.pdf,809841,2026-07-26T09:19:28Z,boc-2023
61b395f03edeb4fedc4eb7828f7bec6c812e631459ab242f316f6ea0abb941c4,boc,2023-07,https://www.brvm.org/sites/default/files/boc_20230724.pdf,boc_20230724.pdf,1801339,2026-07-26T09:20:06Z,boc-2023
1fe158f20e542a119f27a55561a0657a138f48b0eba5def0ce39eac018830194,boc,2023-07,https://www.brvm.org/sites/default/files/boc_20230725_2.pdf,boc_20230725_2.pdf,807133,2026-07-26T09:20:23Z,boc-2023
c21e2bf9563acefb2aa75d624844d96680c03d0fc216c347fae72fed36d20076,boc,2023-07,https://www.brvm.org/sites/default/files/boc_20230726_2.pdf,boc_20230726_2.pdf,806174,2026-07-26T09:20:40Z,boc-2023
837f856a86d472e843a13366cfdca234b8b429ef5815f36e84569955de9b4e6c,boc,2023-07,https://www.brvm.org/sites/default/files/boc_20230727_2.pdf,boc_20230727_2.pdf,816847,2026-07-26T09:20:57Z,boc-2023
9683d8175a68beb133bf1ef9781d666234b52fe5eecfda548fac882fd019d5ba,boc,2023-07,https://www.brvm.org/sites/default/files/boc_20230728_2.pdf,boc_20230728_2.pdf,806009,2026-07-26T09:21:13Z,boc-2023
11d356fb809b236e0f649d8ed8d806c56553ce970a89d131c4f0bc182e847cd9,boc,2023-06,https://www.brvm.org/sites/default/files/boc_20230601_2.pdf,boc_20230601_2.pdf,801790,2026-07-26T09:21:30Z,boc-2023
14d94624fe2d735743d742fde01b060642e78447dc269ee60c81a818e7305c3b,boc,2023-06,https://www.brvm.org/sites/default/files/boc_20230602_2.pdf,boc_20230602_2.pdf,699892,2026-07-26T09:21:46Z,boc-2023
0958540509ecd471b8316d29a604169b3c7e6fc1432f32ece0127fc44161dc09,boc,2023-06,https://www.brvm.org/sites/default/files/boc_20230605_2.pdf,boc_20230605_2.pdf,809323,2026-07-26T09:22:03Z,boc-2023
72ce567e466bf6b0a68f34b47c540c956961dffe38f86984837e9f0edfef1e0a,boc,2023-06,https://www.brvm.org/sites/default/files/boc_20230606_2.pdf,boc_20230606_2.pdf,806449,2026-07-26T09:22:19Z,boc-2023
b61ad8c97fc215877563fa2183ace60e95f0f8086e5323db59acbaaf3ea12bcb,boc,2023-06,https://www.brvm.org/sites/default/files/boc_20230607.pdf,boc_20230607.pdf,1082271,2026-07-26T09:22:57Z,boc-2023
c240626b20ada0a44f0d624d314c2ef9bceb4e3175727ae86926a90b3ac11ae4,boc,2023-06,https://www.brvm.org/sites/default/files/boc_20230608.pdf,boc_20230608.pdf,1084043,2026-07-26T09:23:34Z,boc-2023
9d5eb2b7fc04c93e5c608b3157c003f07949928d5a622be2c58afc33b36259ae,boc,2023-06,https://www.brvm.org/sites/default/files/boc_20230609.pdf,boc_20230609.pdf,1084407,2026-07-26T09:24:12Z,boc-2023
dad9388a0b7f4f2b6eddef4d32ba35fb5958351138f70e3141430342da748783,boc,2023-06,https://www.brvm.org/sites/default/files/boc_20230612_2.pdf,boc_20230612_2.pdf,812844,2026-07-26T09:24:29Z,boc-2023
ae65cbb6b425647c37a16dcd8bab3b340e2a2926b785bde1f5f013c459d5bed2,boc,2023-06,https://www.brvm.org/sites/default/files/boc_20230613_2.pdf,boc_20230613_2.pdf,813770,2026-07-26T09:24:45Z,boc-2023
1a7dc594d79eab3f73ff2e70860aa0d2f44340dba60e66fd4e783cc2f871af47,boc,2023-06,https://www.brvm.org/sites/default/files/boc_20230614_2.pdf,boc_20230614_2.pdf,813972,2026-07-26T09:25:02Z,boc-2023
f822f80b1e1c91f07115bdc89fe9a300a56643b07858fd1c0caf5d8c17e8dbba,boc,2023-06,https://www.brvm.org/sites/default/files/boc_20230615_2.pdf,boc_20230615_2.pdf,813978,2026-07-26T09:25:19Z,boc-2023
82af0c8a90362d3e5ec0d36042d3ad640599e56091ab3ce121d649f0bc80d015,boc,2023-06,https://www.brvm.org/sites/default/files/boc_20230616_2.pdf,boc_20230616_2.pdf,1009785,2026-07-26T09:25:35Z,boc-2023
44808c1c5125d6864b63745eac0d68c80f7b5c45aad7b5c599eac2eb1acef7bb,boc,2023-06,https://www.brvm.org/sites/default/files/boc_20230619_2.pdf,boc_20230619_2.pdf,814333,2026-07-26T09:25:52Z,boc-2023
99463acbc6f4dc3c6e9632cc1397a004a2dc2227adfdd6390e69cef66fdff1eb,boc,2023-06,https://www.brvm.org/sites/default/files/boc_20230620_2.pdf,boc_20230620_2.pdf,811877,2026-07-26T09:26:09Z,boc-2023
e3da50ed719806564da25b791d80a67990a5417cc631273e2be4dde1d9cddf23,boc,2023-06,https://www.brvm.org/sites/default/files/boc_20230621_2.pdf,boc_20230621_2.pdf,812776,2026-07-26T09:26:26Z,boc-2023
60d213bc5c887864c4d3f42ab4be89264ae1c84eaf5dca2e9847c5d8fcc5c632,boc,2023-06,https://www.brvm.org/sites/default/files/boc_20230622.pdf,boc_20230622.pdf,1083956,2026-07-26T09:27:03Z,boc-2023
11d2a3f1c8a0b48441f409a6da125dd89d7a364457403eef30695bbf5ffc0135,boc,2023-06,https://www.brvm.org/sites/default/files/boc_20230623.pdf,boc_20230623.pdf,1084206,2026-07-26T09:27:41Z,boc-2023
ed054ad8a4c4f0c81a4d93d8e9b3ce63bffa022c18e0767a013cda597a839197,boc,2023-06,https://www.brvm.org/sites/default/files/boc_20230626_2.pdf,boc_20230626_2.pdf,812710,2026-07-26T09:27:59Z,boc-2023
05e86b2e4fed15c6f0e6ebeab5b6ad9dc9798d616885acf2304b7a34b408fec4,boc,2023-06,https://www.brvm.org/sites/default/files/boc_20230627.pdf,boc_20230627.pdf,1090177,2026-07-26T09:28:38Z,boc-2023
3aa6f901929f3e4a7e760ba219c42d9fa08845582b68a134e820d79c65d049d1,boc,2023-06,https://www.brvm.org/sites/default/files/boc_20230629.pdf,boc_20230629.pdf,1087111,2026-07-26T09:29:48Z,boc-2023
f8065ef47fd49fd8d946e297840684f07dd5ede5deb940184da14dd27ae4ccbf,boc,2023-05,https://www.brvm.org/sites/default/files/boc_20230502_2.pdf,boc_20230502_2.pdf,834958,2026-07-26T09:30:40Z,boc-2023
c98e90f9cb42f6c3bc136b43ca63f16c329d0832ed7a7586e73f98e0fbdac59d,boc,2023-05,https://www.brvm.org/sites/default/files/boc_20230503.pdf,boc_20230503.pdf,760513,2026-07-26T09:31:18Z,boc-2023
e90f89ae2678f8011e46638206aa5761b721db343926c9ed5194a36e955a7731,boc,2023-05,https://www.brvm.org/sites/default/files/boc_20230504_2.pdf,boc_20230504_2.pdf,836215,2026-07-26T09:31:33Z,boc-2023
1b6059c57742ee18c9329cfdb94e321e4c34f42e62029a20698c574e95ec87cd,boc,2023-05,https://www.brvm.org/sites/default/files/boc_20230505_2.pdf,boc_20230505_2.pdf,839273,2026-07-26T09:31:50Z,boc-2023
244eee7d4a237cb4f3e21496b022e703d1a45e68694587e9124f940fe4ae045a,boc,2023-05,https://www.brvm.org/sites/default/files/boc_20230508.pdf,boc_20230508.pdf,1114448,2026-07-26T09:32:28Z,boc-2023
5269ff99568ec736208c512bec10266aa496912668258f11fd96428ee75b5d3e,boc,2023-05,https://www.brvm.org/sites/default/files/boc_20230509.pdf,boc_20230509.pdf,1116179,2026-07-26T09:33:05Z,boc-2023
d710638d9321d1fd2de75c755582848b8e07868a7c4116d98474a8ddf5889bb9,boc,2023-05,https://www.brvm.org/sites/default/files/boc_20230510.pdf,boc_20230510.pdf,1113984,2026-07-26T09:33:43Z,boc-2023
02862c091fe53f7e7b8e268326bc142ff8e13d6c133dd977296fc70f23ee403b,boc,2023-05,https://www.brvm.org/sites/default/files/boc_20230511.pdf,boc_20230511.pdf,1114668,2026-07-26T09:34:21Z,boc-2023
163b76cbd1a87e2ef48bdb2cd0a675396dd3ef618b0f9cec896f9ca04ee88e10,boc,2023-05,https://www.brvm.org/sites/default/files/boc_20230512.pdf,boc_20230512.pdf,910197,2026-07-26T09:35:00Z,boc-2023
edaec1593823fd1b237282e2558a4dce5932f663162be0f01faed38597b5527a,boc,2023-05,https://www.brvm.org/sites/default/files/boc_20230515_2.pdf,boc_20230515_2.pdf,837270,2026-07-26T09:35:16Z,boc-2023
e47f9425bfaa283d751bc8049aa185f9d0bfa1ada7272505306810db9b95bd26,boc,2023-05,https://www.brvm.org/sites/default/files/boc_20230516.pdf,boc_20230516.pdf,1110731,2026-07-26T09:35:54Z,boc-2023
a33dcc963e40f5e02ad0d9754270bb0a24b99f6d044283cce8af077ee0acfb17,boc,2023-05,https://www.brvm.org/sites/default/files/boc_20230517_2.pdf,boc_20230517_2.pdf,837391,2026-07-26T09:36:10Z,boc-2023
187d2d371890942f57114a82311e4d295bbdc7f8ba5d33133e050e35cc7d8715,boc,2023-05,https://www.brvm.org/sites/default/files/boc_20230519_2.pdf,boc_20230519_2.pdf,836451,2026-07-26T09:37:00Z,boc-2023
a35b63fefd35fd30f8cbd90873edd69e13b86a229a53827972e15c3d222e7ff4,boc,2023-05,https://www.brvm.org/sites/default/files/boc_20230522_2.pdf,boc_20230522_2.pdf,834484,2026-07-26T09:37:16Z,boc-2023
047277ea182b812d1626d9dc2d0eecdbe88221c1ec3b99d4506a79e03ccbe0f5,boc,2023-05,https://www.brvm.org/sites/default/files/boc_20230523_2.pdf,boc_20230523_2.pdf,826679,2026-07-26T09:37:32Z,boc-2023
fb0d723ab1ca869363e3fe309850b9f9bc5a5998a2f821380d8420cc5b9e71ba,boc,2023-05,https://www.brvm.org/sites/default/files/boc_20230524_2.pdf,boc_20230524_2.pdf,827322,2026-07-26T09:37:49Z,boc-2023
df6e4f7f2ebeab12b0a0775d85593dcefb8340036ddda9c9084feab2f0a9dc84,boc,2023-05,https://www.brvm.org/sites/default/files/boc_20230525_2.pdf,boc_20230525_2.pdf,826638,2026-07-26T09:38:06Z,boc-2023
3fb142c281aacd6eebbe33e1aac0f375f4d6a82a14b9ed0b8529836284e4eb72,boc,2023-05,https://www.brvm.org/sites/default/files/boc_20230530_2.pdf,boc_20230530_2.pdf,809145,2026-07-26T09:39:26Z,boc-2023
bf993d626d21377aa32604baa4bed7530dfd50a3e143095fdd7aae65cf6626b0,boc,2023-04,https://www.brvm.org/sites/default/files/boc_20230403_2.pdf,boc_20230403_2.pdf,803451,2026-07-26T09:39:43Z,boc-2023
44b29932c199575aedfe07a46433af55205408c2087d739ae12b2b8631d2bc37,boc,2023-04,https://www.brvm.org/sites/default/files/boc_20230404_2.pdf,boc_20230404_2.pdf,800422,2026-07-26T09:39:59Z,boc-2023
35c7b2c59f5788d507b5c42b4fbbb0b2b758b7f37841067be3646d45a0cb783f,boc,2023-04,https://www.brvm.org/sites/default/files/boc_20230405.pdf,boc_20230405.pdf,1074602,2026-07-26T09:40:37Z,boc-2023
56759774de8adb893ba1bb64cf196212008e626135b08edccc8067482a128517,boc,2023-04,https://www.brvm.org/sites/default/files/boc_20230406.pdf,boc_20230406.pdf,1074405,2026-07-26T09:41:16Z,boc-2023
99a03b12a27e8d1b78685dfb919ed89bfaad6e1ff479d8b91900fef9190d6de9,boc,2023-04,https://www.brvm.org/sites/default/files/boc_20230407_2.pdf,boc_20230407_2.pdf,802946,2026-07-26T09:41:32Z,boc-2023
962f1eddceb71ab0fe8568b151ab3966b62d8759cdc5a5bddce412cbdc79bb83,boc,2023-04,https://www.brvm.org/sites/default/files/boc_20230411_2.pdf,boc_20230411_2.pdf,806071,2026-07-26T09:42:20Z,boc-2023
bb7aa634b14f5d066b8103ac006cb044394e4ed852d63e3862cddd4c2e282813,boc,2023-04,https://www.brvm.org/sites/default/files/boc_20230412_2.pdf,boc_20230412_2.pdf,804380,2026-07-26T09:42:37Z,boc-2023
83aa97b8b29414b1f86a7a02e2b465f756d08dc5decc7a27653a0f5445da9e9a,boc,2023-04,https://www.brvm.org/sites/default/files/boc_20230413_2.pdf,boc_20230413_2.pdf,803818,2026-07-26T09:42:53Z,boc-2023
cab3394c3b3f31eca4b2358134260e5c37eeda76383d8e82914dc1f82218026d,boc,2023-04,https://www.brvm.org/sites/default/files/boc_20230414_2.pdf,boc_20230414_2.pdf,800597,2026-07-26T09:43:09Z,boc-2023
1dca57fc1d8e055f333cf2e40ce199e28cabbda3acd4ddd3cd0ad4bdcf835f98,boc,2023-04,https://www.brvm.org/sites/default/files/boc_20230417_2.pdf,boc_20230417_2.pdf,799685,2026-07-26T09:43:26Z,boc-2023
fac6a2082b3d32982944afe18cd4d603126629e2a5c5a87a36ae2daa45dcefca,boc,2023-04,https://www.brvm.org/sites/default/files/boc_20230419_2.pdf,boc_20230419_2.pdf,803286,2026-07-26T09:44:14Z,boc-2023
9c7ad017422b2b1ff2e5572458b6ba1cc39ba75410abeba9cabbb80fd211a05f,boc,2023-04,https://www.brvm.org/sites/default/files/boc_20230420_2.pdf,boc_20230420_2.pdf,823516,2026-07-26T09:44:30Z,boc-2023
38a40e48f3770c31f28c21ee91fe61242b37bee3213149733a30f18251217c30,boc,2023-04,https://www.brvm.org/sites/default/files/boc_20230424_2.pdf,boc_20230424_2.pdf,832772,2026-07-26T09:45:19Z,boc-2023
8ab7f7bdedd2e95eaadaa588cd86fdb1572cb3d5be5975c618389d2053ebfccb,boc,2023-04,https://www.brvm.org/sites/default/files/boc_20230425_2.pdf,boc_20230425_2.pdf,833881,2026-07-26T09:45:35Z,boc-2023
073dca15d40cfadaeea1dd57c8e0914ef335931f2bee60cdd07300aa9ebba2aa,boc,2023-04,https://www.brvm.org/sites/default/files/boc_20230426_2.pdf,boc_20230426_2.pdf,832768,2026-07-26T09:45:52Z,boc-2023
3554a146b021727a5d80d8fe46e657d00d56f7b913fa3389de57719b59f468c9,boc,2023-04,https://www.brvm.org/sites/default/files/boc_20230427_2.pdf,boc_20230427_2.pdf,835365,2026-07-26T09:46:08Z,boc-2023
963d758a281441f312a742b8bf0bddf1418c94d40ef7a079011e9c3be8162d4f,boc,2023-03,https://www.brvm.org/sites/default/files/boc_20230301_2.pdf,boc_20230301_2.pdf,798112,2026-07-26T09:46:25Z,boc-2023
ccee954c182814f6648a621c1ddb02fabb9a4b9b4d717d0600bf8b7e57f37ed0,boc,2023-03,https://www.brvm.org/sites/default/files/boc_20230302_2.pdf,boc_20230302_2.pdf,797182,2026-07-26T09:46:41Z,boc-2023
df45994267a296666758ee0fe413b06b566741e7d57e4c99f627373ca45480c4,boc,2023-03,https://www.brvm.org/sites/default/files/boc_20230303_2.pdf,boc_20230303_2.pdf,789503,2026-07-26T09:46:57Z,boc-2023
f4655cea7b239f6cac8af3d1a7042e8a05acddf97207d8339a8f389e196ef0bb,boc,2023-03,https://www.brvm.org/sites/default/files/boc_20230306_2.pdf,boc_20230306_2.pdf,793613,2026-07-26T09:47:13Z,boc-2023
8aae4615655457782cfbe749f8771e3924240a4c7a3b35bdeefd2640839a9488,boc,2023-03,https://www.brvm.org/sites/default/files/boc_20230307_2.pdf,boc_20230307_2.pdf,795600,2026-07-26T09:47:29Z,boc-2023
ada83c62f0f124420de4053c338cd7caa293225a2a1749711f0da945bcd68416,boc,2023-03,https://www.brvm.org/sites/default/files/boc_20230308_2.pdf,boc_20230308_2.pdf,797190,2026-07-26T09:47:45Z,boc-2023
8abe5bd8551ec0f76612ab8178b2b6d01e483290f2a24006d3033e0280bf4ec5,boc,2023-03,https://www.brvm.org/sites/default/files/boc_20230309_2.pdf,boc_20230309_2.pdf,790331,2026-07-26T09:48:02Z,boc-2023
f842c5bf18fcf49c4235119efb1af88d1c6c7b99ccb1c0d202a5fec64d582156,boc,2023-03,https://www.brvm.org/sites/default/files/boc_20230310_2.pdf,boc_20230310_2.pdf,791176,2026-07-26T09:48:19Z,boc-2023
379535282f1564cd34ba2c16c283de1f28c74c21f06e6b0fbcfa84da4abddcdf,boc,2023-03,https://www.brvm.org/sites/default/files/boc_20230313_2.pdf,boc_20230313_2.pdf,799658,2026-07-26T09:48:35Z,boc-2023
552d68c12849ff944d06072561105b891a43df4dee2e918b1e121c1ee06fadd7,boc,2023-03,https://www.brvm.org/sites/default/files/boc_20230314_2.pdf,boc_20230314_2.pdf,799985,2026-07-26T09:48:52Z,boc-2023
af2ea87f4dd2e09daf9d3c571e3a3f46bd61f53b0f71557311e559b97d0a4f5c,boc,2023-03,https://www.brvm.org/sites/default/files/boc_20230315_2.pdf,boc_20230315_2.pdf,798996,2026-07-26T09:49:08Z,boc-2023
eced79f98d5fce1e7c1042c7c4062243d3aa83bed10832e862f033a2562349fc,boc,2023-03,https://www.brvm.org/sites/default/files/boc_20230316_2.pdf,boc_20230316_2.pdf,800228,2026-07-26T09:49:24Z,boc-2023
bb6fb6115a0127af897b9396d6c3a56fb145478a22f4480e94a4b9b73275cf30,boc,2023-03,https://www.brvm.org/sites/default/files/boc_20230317_2.pdf,boc_20230317_2.pdf,800168,2026-07-26T09:49:40Z,boc-2023
fd789a3d01b9cd8670b9eaf059724d42fb975a93aea61f156d83df4f014e39f2,boc,2023-03,https://www.brvm.org/sites/default/files/boc_20230320.pdf,boc_20230320.pdf,1074916,2026-07-26T09:50:18Z,boc-2023
b779d0ede68590882a677e08b797cad10c322ff9142a7bf9268c3841ac684e82,boc,2023-03,https://www.brvm.org/sites/default/files/boc_20230321.pdf,boc_20230321.pdf,1073405,2026-07-26T09:50:55Z,boc-2023
01a1cf0ae1364633601fe15f27fc16eb95b49bb408b36dad8f5ce6d76c102543,boc,2023-03,https://www.brvm.org/sites/default/files/boc_20230322_2.pdf,boc_20230322_2.pdf,800117,2026-07-26T09:51:12Z,boc-2023
5b28374eb416dea4c93ce45c9e04601de69649f93dd50d540392d3ff93297a5d,boc,2023-03,https://www.brvm.org/sites/default/files/boc_20230323_2.pdf,boc_20230323_2.pdf,803846,2026-07-26T09:51:28Z,boc-2023
20f8516add0d6a951786da6ab8d20c3fcd17ea1740b39dab98a9f4459c597379,boc,2023-03,https://www.brvm.org/sites/default/files/boc_20230324_2.pdf,boc_20230324_2.pdf,803713,2026-07-26T09:51:45Z,boc-2023
ed11bb52382ca775668563acc604236286a774d7260fa04a9c5bc652cdc39177,boc,2023-03,https://www.brvm.org/sites/default/files/boc_20230327_2.pdf,boc_20230327_2.pdf,801299,2026-07-26T09:52:01Z,boc-2023
45b6818d9dc0324698d3424f5f195d40009942bf35002e4ee5926cb867753d36,boc,2023-03,https://www.brvm.org/sites/default/files/boc_20230328_2.pdf,boc_20230328_2.pdf,800906,2026-07-26T09:52:18Z,boc-2023
abfb08d4860a139834b88cad220304fc26a7d6de009f58226fd4517c9d436f46,boc,2023-03,https://www.brvm.org/sites/default/files/boc_20230329_2.pdf,boc_20230329_2.pdf,802452,2026-07-26T09:52:34Z,boc-2023
37d6bd7144812dd6d376b4055974fce181f725c9e7f8881fe8a1488b946f809a,boc,2023-03,https://www.brvm.org/sites/default/files/boc_20230330_2.pdf,boc_20230330_2.pdf,801640,2026-07-26T09:52:51Z,boc-2023
39f577231130a6b9b3133be60ac9d8a3dd434c9cecff1300adca6f889c1905ee,boc,2023-02,https://www.brvm.org/sites/default/files/boc_20230201_2.pdf,boc_20230201_2.pdf,821560,2026-07-26T09:53:07Z,boc-2023
df83521dfddfcd4ff5ad5f506d2b267c9707ac0d345166b06a62ebf3061f7ed4,boc,2023-02,https://www.brvm.org/sites/default/files/boc_20230202_2.pdf,boc_20230202_2.pdf,822896,2026-07-26T09:53:23Z,boc-2023
06b8adf604062a2bd2a7451d273a0563d65800d8b2505b9887ee46bb6466f6cb,boc,2023-02,https://www.brvm.org/sites/default/files/boc_20230203_2.pdf,boc_20230203_2.pdf,823037,2026-07-26T09:53:39Z,boc-2023
1e1ee6b95b259dab3e0be1b608d96571dd0053b70e9b61c4c33b1a3a5ba30454,boc,2023-02,https://www.brvm.org/sites/default/files/boc_20230206_2.pdf,boc_20230206_2.pdf,823038,2026-07-26T09:53:55Z,boc-2023
5121198ce44fd84411cc76a80f101218017bd063d38fc970be41a506a1a39ff2,boc,2023-02,https://www.brvm.org/sites/default/files/boc_20230207_2.pdf,boc_20230207_2.pdf,825353,2026-07-26T09:54:11Z,boc-2023
283f68ee39c53069efded64a101d5f9fda73a68b1891282a2225bcd3ef1ad1c0,boc,2023-02,https://www.brvm.org/sites/default/files/boc_20230208_2.pdf,boc_20230208_2.pdf,823815,2026-07-26T09:54:27Z,boc-2023
870dc918945d5571b2f72448725ca38ed763c9383dc3cffcb7b9210a65cfdc33,boc,2023-02,https://www.brvm.org/sites/default/files/boc_20230209_2.pdf,boc_20230209_2.pdf,824595,2026-07-26T09:54:43Z,boc-2023
c7f99c89a02db49ced36d741e32f1ec563a72c30657adedfb0d93a7f24d6d5e3,boc,2023-02,https://www.brvm.org/sites/default/files/boc_20230210.pdf,boc_20230210.pdf,755842,2026-07-26T09:55:20Z,boc-2023
d9ec1f0fe634a9c558d4cf711854eff5e1a1560b1970e2d5291047b087f066cf,boc,2023-02,https://www.brvm.org/sites/default/files/boc_20230213_2.pdf,boc_20230213_2.pdf,814148,2026-07-26T09:55:35Z,boc-2023
8009e48505d0380610b4c5f586792857a8171a56202074924b1889856c328ff2,boc,2023-02,https://www.brvm.org/sites/default/files/boc_20230214_2.pdf,boc_20230214_2.pdf,872353,2026-07-26T09:55:51Z,boc-2023
fba39ed3e751b944c401f4eaabed1a04eb9bc25c610aa9406b396204dd3d972e,boc,2023-02,https://www.brvm.org/sites/default/files/boc_20230215_2.pdf,boc_20230215_2.pdf,824967,2026-07-26T09:56:07Z,boc-2023
8c4b571f936fd4588cf57fed98faf4e096462f45dacef0a91e7123ef06b981b6,boc,2023-02,https://www.brvm.org/sites/default/files/boc_20230216_2.pdf,boc_20230216_2.pdf,815867,2026-07-26T09:56:23Z,boc-2023
4aba453e9367f6fef3af2cd03c467ec4521123505b0c62b036e203c85bcdfc92,boc,2023-02,https://www.brvm.org/sites/default/files/boc_20230217_2.pdf,boc_20230217_2.pdf,821512,2026-07-26T09:56:38Z,boc-2023
6417c01ef7a7f4ef9a511199df4c803562d84f904a1d44aff408286d8f2e1faa,boc,2023-02,https://www.brvm.org/sites/default/files/boc_20230220_2.pdf,boc_20230220_2.pdf,794307,2026-07-26T09:56:54Z,boc-2023
0dbc462f7b5ac8d3c42ad7d71f528a0851e174a36f1041bbc79e584ba331a654,boc,2023-02,https://www.brvm.org/sites/default/files/boc_20230221_2.pdf,boc_20230221_2.pdf,794644,2026-07-26T09:57:10Z,boc-2023
42fc7dd0d7ff351833bd794e6c52bc7b7a1204de58d6225492dd9587557ccef9,boc,2023-02,https://www.brvm.org/sites/default/files/boc_20230222_2.pdf,boc_20230222_2.pdf,799477,2026-07-26T09:57:27Z,boc-2023
40d92bb92276bab1a7f59e772dfe9925ad887ae7c27e8eee6da2f0566bcb218b,boc,2023-02,https://www.brvm.org/sites/default/files/boc_20230223_2.pdf,boc_20230223_2.pdf,801124,2026-07-26T09:57:43Z,boc-2023
faf8917891bbff065ce3d129132389b0ae9197422a5fb16e1b31fa7bf2190f66,boc,2023-02,https://www.brvm.org/sites/default/files/boc_20230224_2.pdf,boc_20230224_2.pdf,801551,2026-07-26T09:57:59Z,boc-2023
5e72b42edac6c4725d8510e5f77a054825af552a2ebb783de9319aa60b074e22,boc,2023-02,https://www.brvm.org/sites/default/files/boc_20230227_2.pdf,boc_20230227_2.pdf,801132,2026-07-26T09:58:15Z,boc-2023
8d8fd4a2edcac71c1fabbdd60f738fffc63386bd82cfab8971239b5a7b3c5c2c,boc,2023-01,https://www.brvm.org/sites/default/files/boc_20230102_2.pdf,boc_20230102_2.pdf,801198,2026-07-26T09:58:32Z,boc-2023
d77acf7630a80677c921157a1cc6dc6dbe25e862ebe9b7f7d7ca1b9409c55603,boc,2023-01,https://www.brvm.org/sites/default/files/boc_20230103.pdf,boc_20230103.pdf,744999,2026-07-26T09:59:09Z,boc-2023
d5fbe1181bd524a04ac8a01148e9f0eeced4d9c4950595910076c9bbc1ede3da,boc,2023-01,https://www.brvm.org/sites/default/files/boc_20230104_2.pdf,boc_20230104_2.pdf,873188,2026-07-26T09:59:24Z,boc-2023
c2bd622b88726f039ee7b3f3437d094a6d90bbe685e8aa4062b058394312b373,boc,2023-01,https://www.brvm.org/sites/default/files/boc_20230105_2.pdf,boc_20230105_2.pdf,815764,2026-07-26T09:59:40Z,boc-2023
2c160bfa3c7efa907cf1a06f540dcf6fd5cc060c5b696ee825bd34b6e8895f40,boc,2023-01,https://www.brvm.org/sites/default/files/boc_20230106_2.pdf,boc_20230106_2.pdf,863892,2026-07-26T09:59:55Z,boc-2023
c7d78eba1a5d0def5c20a13552f4eabf0740f30154f047da2c543a86a3454539,boc,2023-01,https://www.brvm.org/sites/default/files/boc_20230109_2.pdf,boc_20230109_2.pdf,817231,2026-07-26T10:00:11Z,boc-2023
6d86c7cf3ed60047649a8340916f921df2027eef259a13bcc8f9ed7720f8d5fe,boc,2023-01,https://www.brvm.org/sites/default/files/boc_20230110_2.pdf,boc_20230110_2.pdf,812604,2026-07-26T10:00:27Z,boc-2023
e91c04e76bc25e6416b2088f4177a3308a3988deab9bc00481148254e3ff2b71,boc,2023-01,https://www.brvm.org/sites/default/files/boc_20230111_2.pdf,boc_20230111_2.pdf,820887,2026-07-26T10:00:42Z,boc-2023
c0ed9dbd2ba2053fab5dacb1bba230f334eb8dd6a3ce4fdf2b7070f0560959fe,boc,2023-01,https://www.brvm.org/sites/default/files/boc_20230112_2.pdf,boc_20230112_2.pdf,820851,2026-07-26T10:00:58Z,boc-2023
2c23993843ac0076db4bb9ec99dcf4e811e26bb9aa806362995d191b4c35d879,boc,2023-01,https://www.brvm.org/sites/default/files/boc_20230113_2.pdf,boc_20230113_2.pdf,871076,2026-07-26T10:01:14Z,boc-2023
4dffe32f7ea60d3b06676ae89f00b5905b1d27927905b0f0dc110ad4c7e90c5c,boc,2023-01,https://www.brvm.org/sites/default/files/boc_20230116_2.pdf,boc_20230116_2.pdf,822511,2026-07-26T10:01:29Z,boc-2023
e992d48b016efc846eace3a7a716b9a31749f9e133ecaa245cabab1642d3feb5,boc,2023-01,https://www.brvm.org/sites/default/files/boc_20230117_2.pdf,boc_20230117_2.pdf,818521,2026-07-26T10:01:45Z,boc-2023
7dab9609d3286cb870169a744ba8090ebff2d89eefa16150fb8d66a93537d296,boc,2023-01,https://www.brvm.org/sites/default/files/boc_20230118_2.pdf,boc_20230118_2.pdf,816161,2026-07-26T10:02:01Z,boc-2023
6f9462bf2d27d25344e9e2e454cbf72238a68a06a87564dbee89c094d500bfb1,boc,2023-01,https://www.brvm.org/sites/default/files/boc_20230119_2.pdf,boc_20230119_2.pdf,815929,2026-07-26T10:02:17Z,boc-2023
343b834829bd7595fbd6054d03d76859c3388f5bd1ed144304eecfc7a1550bd1,boc,2023-01,https://www.brvm.org/sites/default/files/boc_20230120_2.pdf,boc_20230120_2.pdf,815693,2026-07-26T10:02:32Z,boc-2023
458bc9f11d29805498e24ac6d6794e3c4cc222995c3a9d733b6571cff43a810d,boc,2023-01,https://www.brvm.org/sites/default/files/boc_20230123.pdf,boc_20230123.pdf,1059221,2026-07-26T10:03:09Z,boc-2023
777ef83f6ce1be44e48e745c5f1cc4e0cceb23c4483bf013214452748e4b0d91,boc,2023-01,https://www.brvm.org/sites/default/files/boc_20230124.pdf,boc_20230124.pdf,1059317,2026-07-26T10:03:49Z,boc-2023
7957fb35758a76d4622887c53805c9e6b3b3f39c55b706430826fdebab60acc4,boc,2023-01,https://www.brvm.org/sites/default/files/boc_20230125.pdf,boc_20230125.pdf,1062638,2026-07-26T10:04:26Z,boc-2023
d591610a53811ed14ba716c9f1d05d4a02b61836679c694e29ecf14a4ad9260a,boc,2023-01,https://www.brvm.org/sites/default/files/boc_20230126_2.pdf,boc_20230126_2.pdf,819827,2026-07-26T10:04:42Z,boc-2023
00b12aef7d807bd8651339f02a4fda25aaab242b06e6fc9554852a1a8fb9f21a,boc,2023-01,https://www.brvm.org/sites/default/files/boc_20230127_2.pdf,boc_20230127_2.pdf,817879,2026-07-26T10:27:57Z,boc-2023
b4d65f2c450f5debf88f97ed134e2d0442368f8b2b6dd3ec5d54072b6161d143,boc,2023-01,https://www.brvm.org/sites/default/files/boc_20230130_2.pdf,boc_20230130_2.pdf,819854,2026-07-26T10:28:14Z,boc-2023
6f32541bd15c29fab6bcc222dbcf7aecef40957470c693fd1fefbc0ee7f5fa68,boc,2022-12,https://www.brvm.org/sites/default/files/boc_20221201_2.pdf,boc_20221201_2.pdf,1041843,2026-07-26T10:28:29Z,boc-2022
0bce134a5d001fda57450234270e0943dd66528cf35c1db6138bb335062bb17e,boc,2022-12,https://www.brvm.org/sites/default/files/boc_20221202.pdf,boc_20221202.pdf,1206060,2026-07-26T10:29:07Z,boc-2022
d92d0118ca2d4c385e3aca125a0179e9a55ce33f1d1b7ca8567a5bb9791d087e,boc,2022-12,https://www.brvm.org/sites/default/files/boc_20221205_2.pdf,boc_20221205_2.pdf,1033396,2026-07-26T10:29:24Z,boc-2022
2e1742fa73bc6ec80614b0ccf9b3cd4420de1b7b0c4799974686b118f461871c,boc,2022-12,https://www.brvm.org/sites/default/files/boc_20221206_2.pdf,boc_20221206_2.pdf,1026782,2026-07-26T10:29:39Z,boc-2022
f8bf39b88145f5f8e7d5a78d7899cfc8eb80d1e3c4fb4685c6e436166dd38e6b,boc,2022-12,https://www.brvm.org/sites/default/files/boc_20221207_2.pdf,boc_20221207_2.pdf,1043455,2026-07-26T10:29:55Z,boc-2022
605e2c7bde32efc7399281b878f9c1372bfcdbed9774ff7583895f8b7a2902a8,boc,2022-12,https://www.brvm.org/sites/default/files/boc_20221208_2.pdf,boc_20221208_2.pdf,1259875,2026-07-26T10:30:11Z,boc-2022
34a6f0d9dbbf6b054016fa827a481dd80b72f989feba6268e88ce06e55f8d56c,boc,2022-12,https://www.brvm.org/sites/default/files/boc_20221209_2.pdf,boc_20221209_2.pdf,1039256,2026-07-26T10:30:27Z,boc-2022
abc2969d4def73a03f569abe3017d5df91e6fe6f71a67ccf2f71270dbfa0316f,boc,2022-12,https://www.brvm.org/sites/default/files/boc_20221212_2.pdf,boc_20221212_2.pdf,1037152,2026-07-26T10:30:43Z,boc-2022
546952d3c8c248f572f97edd2ff86e1a6318a74082b11cd4bdcd56a96119c543,boc,2022-12,https://www.brvm.org/sites/default/files/boc_20221213_2.pdf,boc_20221213_2.pdf,1027638,2026-07-26T10:30:59Z,boc-2022
af5fe5e14f944a0ccadf309338cf0bb1e95b1683a81e4b9bf9404374216cc401,boc,2022-12,https://www.brvm.org/sites/default/files/boc_20221214_2.pdf,boc_20221214_2.pdf,1028816,2026-07-26T10:31:15Z,boc-2022
423b3089d5e646f621c2fb928c51a4f5b0d731095b277f6feec209b824c6fdd4,boc,2022-12,https://www.brvm.org/sites/default/files/boc_20221215_2.pdf,boc_20221215_2.pdf,1032230,2026-07-26T10:31:31Z,boc-2022
dd83054ac87fe0c8054d4356071a89e7f79ffff5a83a119edc01a04446f29dfe,boc,2022-12,https://www.brvm.org/sites/default/files/boc_20221216_2.pdf,boc_20221216_2.pdf,1039026,2026-07-26T10:31:47Z,boc-2022
87910757cd299a6e1e308387d768420e67258bfbaba4092d0f1e8c697b23c15e,boc,2022-12,https://www.brvm.org/sites/default/files/boc_20221219_2.pdf,boc_20221219_2.pdf,1035755,2026-07-26T10:32:03Z,boc-2022
56f30f98e377adb36b7328e13fe01e2d9ba17ea6b17639f2dfb07bbad54fb5d3,boc,2022-12,https://www.brvm.org/sites/default/files/boc_20221220_2.pdf,boc_20221220_2.pdf,1035823,2026-07-26T10:32:19Z,boc-2022
fb392c262c2db137d481d00b963efa7ca3c96f6bca43c38213c75019ca74945c,boc,2022-12,https://www.brvm.org/sites/default/files/boc_20221221_2.pdf,boc_20221221_2.pdf,1045030,2026-07-26T10:32:35Z,boc-2022
788b4232afc8d32b623d1bebb7ee943217010f6b47efff591ecfd2f006ee9768,boc,2022-12,https://www.brvm.org/sites/default/files/boc_20221222_2.pdf,boc_20221222_2.pdf,1045153,2026-07-26T10:32:50Z,boc-2022
d0b275f9d986bb89749b5e25ace3f6c19a9ee6f68835ae4e29654a9cf5f6ecd4,boc,2022-12,https://www.brvm.org/sites/default/files/boc_20221223_2.pdf,boc_20221223_2.pdf,1034721,2026-07-26T10:33:06Z,boc-2022
36c6a80e2992408f02361a6a22bfc6aa227b346628fc36f507e8ea35a237b6b5,boc,2022-12,https://www.brvm.org/sites/default/files/boc_20221227_2.pdf,boc_20221227_2.pdf,1030525,2026-07-26T10:33:55Z,boc-2022
2fd0fef6caa3e687e19b6f37496b8e0bb4b276cb151bce47bf26e85362cc282d,boc,2022-12,https://www.brvm.org/sites/default/files/boc_20221228_2.pdf,boc_20221228_2.pdf,1031414,2026-07-26T10:34:11Z,boc-2022
651b6f7a253603d5acf51d199b8d371dedfdad8168d28e7a5d0c073c5c9f65f7,boc,2022-12,https://www.brvm.org/sites/default/files/boc_20221229_2.pdf,boc_20221229_2.pdf,1042056,2026-07-26T10:34:27Z,boc-2022
93b48b1ca30bd03a52346099a1696da7be0d4379a8ece624e58c0968716864c1,boc,2022-11,https://www.brvm.org/sites/default/files/boc_20221102_2.pdf,boc_20221102_2.pdf,1041699,2026-07-26T10:35:16Z,boc-2022
e319390bd3e573f0d8998e6675befcbba3381a4ac049aa7cd5bfb00dbdb6d3a0,boc,2022-11,https://www.brvm.org/sites/default/files/boc_20221103_2.pdf,boc_20221103_2.pdf,1041008,2026-07-26T10:35:32Z,boc-2022
b8ef22b77bd2722a85bc029a22bdac52d0d27865148efdf29af7eb42e732dc6a,boc,2022-11,https://www.brvm.org/sites/default/files/boc_20221104_2.pdf,boc_20221104_2.pdf,1023675,2026-07-26T10:35:48Z,boc-2022
f968402817ae455f796f7231fbae5b2af576bd8b0daa38f586948ac7bfc0700f,boc,2022-11,https://www.brvm.org/sites/default/files/boc_20221107_2.pdf,boc_20221107_2.pdf,1039191,2026-07-26T10:36:04Z,boc-2022
6cadbd132eb563a66f33e21a636a37a6dc130debde292bc2cb57e1c7a6719de8,boc,2022-11,https://www.brvm.org/sites/default/files/boc_20221108_2.pdf,boc_20221108_2.pdf,1038519,2026-07-26T10:36:20Z,boc-2022
7f9fcc17328aaf09c9b1729be453e970c3f5425d60a2e52422a60c71ed276b45,boc,2022-11,https://www.brvm.org/sites/default/files/boc_20221109_2.pdf,boc_20221109_2.pdf,1030060,2026-07-26T10:36:36Z,boc-2022
2e6de124de88c5f72760e3f8ce6344b1515f09b4c69a5d04119bf25a687ec6d7,boc,2022-11,https://www.brvm.org/sites/default/files/boc_20221110_2.pdf,boc_20221110_2.pdf,1029759,2026-07-26T10:36:52Z,boc-2022
e4f2339f034a39cfd9cccebc5ea0c43b66276a8b0bb3e6957b24f6fb86003f04,boc,2022-11,https://www.brvm.org/sites/default/files/boc_20221111_2.pdf,boc_20221111_2.pdf,1037661,2026-07-26T10:37:08Z,boc-2022
795c1c24a6e8c689d1ec2432dd178b1b122bb8d424c553aa4386b0a17f3e4b18,boc,2022-11,https://www.brvm.org/sites/default/files/boc_20221114.pdf,boc_20221114.pdf,1201937,2026-07-26T10:37:46Z,boc-2022
34e7df5683bfa31d5fd444ef43cd017271ac5d84bfcb39c765bb3eb516dd4987,boc,2022-11,https://www.brvm.org/sites/default/files/boc_20221116_2.pdf,boc_20221116_2.pdf,1030542,2026-07-26T10:38:36Z,boc-2022
45fb38aec0b40d6fef962ea0b0c8ddc946576aa5819c94217483b88cd502c48c,boc,2022-11,https://www.brvm.org/sites/default/files/boc_20221117.pdf,boc_20221117.pdf,1203951,2026-07-26T10:39:18Z,boc-2022
837bc840883df5a2b45fb821172726fab7be6c4359a583a45709f36a2cf36312,boc,2022-11,https://www.brvm.org/sites/default/files/boc_20221118.pdf,boc_20221118.pdf,1204773,2026-07-26T10:39:59Z,boc-2022
e9b65cac671588b43a1b447b80c76c3253b493a4a7b0aa63128d5974e928b188,boc,2022-11,https://www.brvm.org/sites/default/files/boc_20221121_2.pdf,boc_20221121_2.pdf,1028982,2026-07-26T10:40:15Z,boc-2022
d60bff303547d91a085969f1351fe9d61938f1cfeecba5df09b1fe01d087fc9b,boc,2022-11,https://www.brvm.org/sites/default/files/boc_20221122_2.pdf,boc_20221122_2.pdf,1040802,2026-07-26T10:40:31Z,boc-2022
4216dad6d67c32b18d000bdc87ec61f13fb7cd54e0847dffeaac83a05b87f5c5,boc,2022-11,https://www.brvm.org/sites/default/files/boc_20221123_2.pdf,boc_20221123_2.pdf,1031779,2026-07-26T10:40:47Z,boc-2022
98439a14fb8f3b757a03f723679409863a4747d008f49631c1039ed7e508c56e,boc,2022-11,https://www.brvm.org/sites/default/files/boc_20221124_2.pdf,boc_20221124_2.pdf,1032915,2026-07-26T10:41:03Z,boc-2022
2f958a56489a482e5ff1dc110fce2568a7e1c2a217f68d167d3dda25ccef4269,boc,2022-11,https://www.brvm.org/sites/default/files/boc_20221125_2.pdf,boc_20221125_2.pdf,1037545,2026-07-26T10:41:19Z,boc-2022
c1245706c3643422b728135eb75740278722668b506cf7005efcd0c216251955,boc,2022-11,https://www.brvm.org/sites/default/files/boc_20221128.pdf,boc_20221128.pdf,1202791,2026-07-26T10:41:56Z,boc-2022
f17da9445b21686d7448fe622fd54d21c38c66e3f288f8c9ee766b8a1141649d,boc,2022-11,https://www.brvm.org/sites/default/files/boc_20221129.pdf,boc_20221129.pdf,1206855,2026-07-26T10:42:34Z,boc-2022
fe105fb8ab5d27199e3130257d06b7595763ee0344ae570e88e5e8cb06d5c8ea,boc,2022-10,https://www.brvm.org/sites/default/files/boc_20221003_2.pdf,boc_20221003_2.pdf,1028709,2026-07-26T10:42:50Z,boc-2022
e2a7339c35da787cd95c11af60f2aad976b907cfb4713f97fd07cba019fa0eab,boc,2022-10,https://www.brvm.org/sites/default/files/boc_20221004_2.pdf,boc_20221004_2.pdf,1032271,2026-07-26T10:43:06Z,boc-2022
05e315bd035a4db39e44515ab2f802efabc50a3b866a619584bfcfbba55c7c03,boc,2022-10,https://www.brvm.org/sites/default/files/boc_20221005_2.pdf,boc_20221005_2.pdf,1225804,2026-07-26T10:43:22Z,boc-2022
b87ca0b09d1754b20acb6231e39d2b90279375bf6e538fbf8712dfc985a71ea6,boc,2022-10,https://www.brvm.org/sites/default/files/boc_20221006_2.pdf,boc_20221006_2.pdf,1015499,2026-07-26T10:43:37Z,boc-2022
38d951d13ab67b43c3b589a743e5113c6745675f98bdc3b03ac07b209c9f6dc5,boc,2022-10,https://www.brvm.org/sites/default/files/boc_20221007.pdf,boc_20221007.pdf,924197,2026-07-26T10:44:15Z,boc-2022
cca2c59837469508389869ec185bd3f1db1760ef392a7beaac0105c5020f65c2,boc,2022-10,https://www.brvm.org/sites/default/files/boc_20221010_2.pdf,boc_20221010_2.pdf,1026105,2026-07-26T10:44:31Z,boc-2022
32223bacd6d239c2e3a57f3f33fcd5d20c9227d0652542a5e0bb34dc67a542b0,boc,2022-10,https://www.brvm.org/sites/default/files/boc_20221011.pdf,boc_20221011.pdf,928153,2026-07-26T10:45:08Z,boc-2022
44703a190cf666e178e1eeba9c5245871c5433fd18176243c1ee3791274433a8,boc,2022-10,https://www.brvm.org/sites/default/files/boc_20221012.pdf,boc_20221012.pdf,922688,2026-07-26T10:45:46Z,boc-2022
7f5d7e96feb56ae22d769167928cc683d8f734bab271635f3280ef490fb33426,boc,2022-10,https://www.brvm.org/sites/default/files/boc_20221013_2.pdf,boc_20221013_2.pdf,1024949,2026-07-26T10:46:02Z,boc-2022
8a4cd520b2eed3ec18138f6c5fe263a471b60b2e28c1dfd5f3eb8e03719d0efc,boc,2022-10,https://www.brvm.org/sites/default/files/boc_20221014_2.pdf,boc_20221014_2.pdf,1034375,2026-07-26T10:46:18Z,boc-2022
1fbf77e129a47e5103f130833a857cab93e898eac24f04fb3cdba4b5f08ba87f,boc,2022-10,https://www.brvm.org/sites/default/files/boc_20221017_2.pdf,boc_20221017_2.pdf,1038209,2026-07-26T10:46:34Z,boc-2022
3b812a8536c54ca53aa29b0e547d6dd55d79ce81900c2ea7c5c206f6fb58864c,boc,2022-10,https://www.brvm.org/sites/default/files/boc_20221018_2.pdf,boc_20221018_2.pdf,1029327,2026-07-26T10:46:49Z,boc-2022
2d4c3003c1b76164619bdacbe29c0576fce9f510be47b6f112c04ddd317b8290,boc,2022-10,https://www.brvm.org/sites/default/files/boc_20221019_2.pdf,boc_20221019_2.pdf,1029477,2026-07-26T10:47:05Z,boc-2022
776306f9175358779a31c80765bbe9989db401a8fd947d0d035ea0b3cd05d927,boc,2022-10,https://www.brvm.org/sites/default/files/boc_20221020_2.pdf,boc_20221020_2.pdf,1026330,2026-07-26T10:47:21Z,boc-2022
28dd19a9f69ba82420ffb4c2829ddd49661a083afa621384fae7f4bae08fedc6,boc,2022-10,https://www.brvm.org/sites/default/files/boc_20221021_2.pdf,boc_20221021_2.pdf,1036733,2026-07-26T10:47:37Z,boc-2022
62751361bce474fe9a91af88afd3565aff1605a6adb2113336ccd657e0e2f0f3,boc,2022-10,https://www.brvm.org/sites/default/files/boc_20221024_2.pdf,boc_20221024_2.pdf,1038854,2026-07-26T10:47:53Z,boc-2022
233c6f16af6da3554e7ea8f46fff50d63cae7a66baba198d4b231be865ae09d8,boc,2022-10,https://www.brvm.org/sites/default/files/boc_20221025_2.pdf,boc_20221025_2.pdf,1033900,2026-07-26T10:48:09Z,boc-2022
e79766c0fe429422f0ba27531333dc8a2ee4f6affcbc69c59bf10ce882f361b0,boc,2022-10,https://www.brvm.org/sites/default/files/boc_20221026_2.pdf,boc_20221026_2.pdf,1034804,2026-07-26T10:48:24Z,boc-2022
701e4375b773c81bd0e7ea38beff8f4f432e6f6247c6dfcdc2e53eb42409609e,boc,2022-10,https://www.brvm.org/sites/default/files/boc_20221027_2.pdf,boc_20221027_2.pdf,1045201,2026-07-26T10:48:41Z,boc-2022
77c088127660bab003117d7605014b7fcfb2a9f39eb941d8c4160bd9071eb9bd,boc,2022-10,https://www.brvm.org/sites/default/files/boc_20221028_2.pdf,boc_20221028_2.pdf,1045061,2026-07-26T10:48:57Z,boc-2022
749095d47a10971e00e1da8c4fe3b17bc8fe56df1d388217525749ba3337b1b9,boc,2022-09,https://www.brvm.org/sites/default/files/boc_20220901.pdf,boc_20220901.pdf,2460476,2026-07-26T10:49:35Z,boc-2022
fd7725fadff94da543b236665adcc818053db82ae618ede4ee28565e8c4cb90a,boc,2022-09,https://www.brvm.org/sites/default/files/boc_20220902.pdf,boc_20220902.pdf,1197486,2026-07-26T10:50:16Z,boc-2022
2092d031f7fc0eff073d381659949de3cb01e01b59f89aa7cf82b8a0616c6335,boc,2022-09,https://www.brvm.org/sites/default/files/boc_20220905.pdf,boc_20220905.pdf,1196886,2026-07-26T10:51:08Z,boc-2022
c3d901767bb7bc03b8f68d7f368e397d6de3de7f7d99502aa12043be24b06499,boc,2022-09,https://www.brvm.org/sites/default/files/boc_20220906.pdf,boc_20220906.pdf,1198408,2026-07-26T10:51:50Z,boc-2022
21a41dc2abda608e6dd82577032b77caf82253fc23f7c8cadca6d4899f22c0e6,boc,2022-09,https://www.brvm.org/sites/default/files/boc_20220907.pdf,boc_20220907.pdf,1198053,2026-07-26T10:52:31Z,boc-2022
e7cf13565ca4729a1ae9bb7bc3c83715b3bd7dff49f2028956bc8395984c031a,boc,2022-09,https://www.brvm.org/sites/default/files/boc_20220908.pdf,boc_20220908.pdf,1196616,2026-07-26T10:53:11Z,boc-2022
7ba88da1840302487ad7b50ea5aae5723f550d63c50c2ddff5f8c96f249de6b6,boc,2022-09,https://www.brvm.org/sites/default/files/boc_20220909.pdf,boc_20220909.pdf,1199421,2026-07-26T10:53:49Z,boc-2022
92a269797ee46b95275f9d9ec144989067c5abdccc6621c7a280597cdbda331d,boc,2022-09,https://www.brvm.org/sites/default/files/boc_20220912.pdf,boc_20220912.pdf,1199094,2026-07-26T10:54:26Z,boc-2022
630193b867ee15f3478d3f25ded2a977d63d140e27935ebf60995c3d053d162e,boc,2022-09,https://www.brvm.org/sites/default/files/boc_20220913.pdf,boc_20220913.pdf,1195915,2026-07-26T10:55:04Z,boc-2022
ba15fea584c10e93cf4939cc914d3c6d237a70fb153eae99cca4c73aa866e614,boc,2022-09,https://www.brvm.org/sites/default/files/boc_20220914.pdf,boc_20220914.pdf,1200919,2026-07-26T10:55:41Z,boc-2022
d2caee978af3f0a1b7c62f7cf7e97e0bafd72e07bbc664e414f8ef3eddce8769,boc,2022-09,https://www.brvm.org/sites/default/files/boc_20220915.pdf,boc_20220915.pdf,1200237,2026-07-26T10:56:20Z,boc-2022
a63bbe5d774c88cf0f14f6f5e93989ef7ebf687e2ad3153e95846b147fc19f95,boc,2022-09,https://www.brvm.org/sites/default/files/boc_20220916.pdf,boc_20220916.pdf,911737,2026-07-26T10:56:58Z,boc-2022
52a653ee1fad15fb28aed8b6a3633ca56dbc533e61411f1df6b3c7f2cc2844ef,boc,2022-09,https://www.brvm.org/sites/default/files/boc_20220919.pdf,boc_20220919.pdf,1197480,2026-07-26T10:57:36Z,boc-2022
39b1aa07361babe700ecb53e4a08c3ece01b38c50cd7ab8ca570c7d9aad83a1b,boc,2022-09,https://www.brvm.org/sites/default/files/boc_20220920.pdf,boc_20220920.pdf,1064999,2026-07-26T10:58:14Z,boc-2022
385304ea64212bf928aaeef89f540ef5a0ded152b0caf6198e2c281fa3c64cf2,boc,2022-09,https://www.brvm.org/sites/default/files/boc_20220921_2.pdf,boc_20220921_2.pdf,1038062,2026-07-26T10:58:30Z,boc-2022
fda29f308e2e572c0586a265caf7893ae0d6e7ca12de37ee1033ea1bd2f3ae7c,boc,2022-09,https://www.brvm.org/sites/default/files/boc_20220922_2.pdf,boc_20220922_2.pdf,1039872,2026-07-26T10:58:47Z,boc-2022
d798b25f513ffd35ba159e75da25913c9effcda2edbc20dfa96f2fb505ccf064,boc,2022-09,https://www.brvm.org/sites/default/files/boc_20220923.pdf,boc_20220923.pdf,923946,2026-07-26T10:59:24Z,boc-2022
f01826e50252c3116d8edb1acaef4df8317c1f169108f2aea5e89c7ae5b25424,boc,2022-09,https://www.brvm.org/sites/default/files/boc_20220926_2.pdf,boc_20220926_2.pdf,1034101,2026-07-26T10:59:41Z,boc-2022
3a863c04f02ff3a1865c7c194956adce69eff1299265901c5d9c4ad0a00ce84f,boc,2022-09,https://www.brvm.org/sites/default/files/boc_20220927_2.pdf,boc_20220927_2.pdf,1037591,2026-07-26T10:59:57Z,boc-2022
57a9d6e978ea68aa4ac3218392ba7a06530fe29d6e56467469682b7a8ace4175,boc,2022-09,https://www.brvm.org/sites/default/files/boc_20220928_2.pdf,boc_20220928_2.pdf,1029532,2026-07-26T11:00:13Z,boc-2022
28d03a2b819c52107b469ae430406a8a30fb221a87efcc1f7d939cc59685ead7,boc,2022-09,https://www.brvm.org/sites/default/files/boc_20220929.pdf,boc_20220929.pdf,921300,2026-07-26T11:00:50Z,boc-2022
3694aeed8fe0949569a671648ea42c83cf90c25d80ba29dba75ed11ca0fd986a,boc,2022-08,https://www.brvm.org/sites/default/files/boc_20220801_2.pdf,boc_20220801_2.pdf,1033127,2026-07-26T11:01:07Z,boc-2022
e329b9870e5fbc9ac7cc3c0fbbb463930f4b57d33d801da42010d4c7cd11f546,boc,2022-08,https://www.brvm.org/sites/default/files/boc_20220802_2.pdf,boc_20220802_2.pdf,1031666,2026-07-26T11:01:23Z,boc-2022
acc081718ab910fff93d467bbcedf0daf92f5e33df4409bc38e4ec241a2554a1,boc,2022-08,https://www.brvm.org/sites/default/files/boc_20220803_2.pdf,boc_20220803_2.pdf,1016397,2026-07-26T11:01:39Z,boc-2022
58b25ca697dc6f6bd06d3cbb971dd1c840030656cb19506402e87988782d2712,boc,2022-08,https://www.brvm.org/sites/default/files/boc_20220804_2.pdf,boc_20220804_2.pdf,1021179,2026-07-26T11:01:55Z,boc-2022
ac17935464551156c9179d3c16d7a5dc49e74e2c60db00edf53a0f0815fc67e1,boc,2022-08,https://www.brvm.org/sites/default/files/boc_20220805_2.pdf,boc_20220805_2.pdf,1019459,2026-07-26T11:02:10Z,boc-2022
349c1b677cc9767b879beac663dfe619c178be16157838cba07e1cea575c59aa,boc,2022-08,https://www.brvm.org/sites/default/files/boc_20220809_2.pdf,boc_20220809_2.pdf,1038283,2026-07-26T11:03:00Z,boc-2022
84adc81d85e018389b69d55f1eca27b51d08f181d2faf5256d9c7e9ffee6483a,boc,2022-08,https://www.brvm.org/sites/default/files/boc_20220810_2.pdf,boc_20220810_2.pdf,1036818,2026-07-26T11:03:16Z,boc-2022
fddb0478f51ad557ec16b363a7405b97365829a9e4d9ce0774c964e0c3c3e8e1,boc,2022-08,https://www.brvm.org/sites/default/files/boc_20220811_2.pdf,boc_20220811_2.pdf,1020090,2026-07-26T11:03:32Z,boc-2022
cacea79a147d02ce0954d4a09a818bde79a0d068f52848a5393c594eec54dfb8,boc,2022-08,https://www.brvm.org/sites/default/files/boc_20220812_2.pdf,boc_20220812_2.pdf,1030214,2026-07-26T11:03:48Z,boc-2022
adf4b0c2caa3ec41c40bf5bee1e26e79c2ba77b1fc413d3b6f6ce447f3d33e8d,boc,2022-08,https://www.brvm.org/sites/default/files/boc_20220816_2.pdf,boc_20220816_2.pdf,1032761,2026-07-26T11:04:37Z,boc-2022
477404fbfeb1c3e17f2bf5b022c0deae237663e1ee04c7cf668b0e3e78e31c3d,boc,2022-08,https://www.brvm.org/sites/default/files/boc_20220817_2.pdf,boc_20220817_2.pdf,1028830,2026-07-26T11:04:53Z,boc-2022
910d8f647eed091632dc42eff1b0ab9dd8b0fe8cdcaa8494b13d1352eec2a307,boc,2022-08,https://www.brvm.org/sites/default/files/boc_20220818.pdf,boc_20220818.pdf,1203228,2026-07-26T11:05:32Z,boc-2022
6aab5d977cdf85ebaf8449d7c7dbc0325442dc91aec9a97aa29c887062eb41db,boc,2022-08,https://www.brvm.org/sites/default/files/boc_20220819.pdf,boc_20220819.pdf,1203513,2026-07-26T11:06:10Z,boc-2022
63cbb9e486622b78ad0cac3644dff83c0fcb9dcaae87bddac68cde66f95eb0f9,boc,2022-08,https://www.brvm.org/sites/default/files/boc_20220822_2.pdf,boc_20220822_2.pdf,1036498,2026-07-26T11:06:26Z,boc-2022
c40c55090ceee1114cdd7b9c6d7bb3af1aabd887cd780c742d8016b925b7f603,boc,2022-08,https://www.brvm.org/sites/default/files/boc_20220823_2.pdf,boc_20220823_2.pdf,1039166,2026-07-26T11:06:42Z,boc-2022
42e0fc1875b9bfa6a3eb03514a8e06374bddd3e0d96a434119536ad98cefa41e,boc,2022-08,https://www.brvm.org/sites/default/files/boc_20220824_2.pdf,boc_20220824_2.pdf,1026022,2026-07-26T11:06:58Z,boc-2022
fc069d6209b0a8e9e872bbdebe570ce07df43707af04ced6880cd8341cce7745,boc,2022-08,https://www.brvm.org/sites/default/files/boc_20220825.pdf,boc_20220825.pdf,1199828,2026-07-26T11:07:36Z,boc-2022
52a7cf374b5669145a2686a500c8bb172d91ca55a52b94ac8bb4115cc3471b8e,boc,2022-08,https://www.brvm.org/sites/default/files/boc_20220826.pdf,boc_20220826.pdf,1199471,2026-07-26T11:08:15Z,boc-2022
4f3fdac731bf12763daf01c5ff4583bf8d06654bc96cf05a48cce1903586fb81,boc,2022-08,https://www.brvm.org/sites/default/files/boc_20220829.pdf,boc_20220829.pdf,1190076,2026-07-26T11:08:52Z,boc-2022
ebd3b1ee9ece6c3fe4cbd2980a3ff5838fab2d22f23e638eb15d346496ee9094,boc,2022-08,https://www.brvm.org/sites/default/files/boc_20220830.pdf,boc_20220830.pdf,1198078,2026-07-26T11:09:31Z,boc-2022
ede47536978f744bf3d06faccaf4b0164b0d9dbc7b926c21dc386d4d71d93844,boc,2022-07,https://www.brvm.org/sites/default/files/boc_20220701_2.pdf,boc_20220701_2.pdf,1030002,2026-07-26T11:10:09Z,boc-2022
37ee0770e28f4944788d216bf2c4276f7642b6e62822fe9b0ded3e88bf7cb139,boc,2022-07,https://www.brvm.org/sites/default/files/boc_20220704_2.pdf,boc_20220704_2.pdf,1032952,2026-07-26T11:10:25Z,boc-2022
916e43b6267142091218d689e4e4b0caef3881ca639e3202d3627f5b11f1f581,boc,2022-07,https://www.brvm.org/sites/default/files/boc_20220705_2.pdf,boc_20220705_2.pdf,1026504,2026-07-26T11:10:40Z,boc-2022
2eb56b0c9026f625cc0f79042bd2b1c9c7d08d9d1883a79b0b838560fb1367ae,boc,2022-07,https://www.brvm.org/sites/default/files/boc_20220706_2.pdf,boc_20220706_2.pdf,1034947,2026-07-26T11:10:56Z,boc-2022
b38b4fbff8ee97002db5558543d133fe6e4a45e5fb96f1ba357bf9dc28fef89c,boc,2022-07,https://www.brvm.org/sites/default/files/boc_20220707_2.pdf,boc_20220707_2.pdf,1006046,2026-07-26T11:11:12Z,boc-2022
ca6f28d2806d7f63ae4d7127ccca135ed60005f0522a0b35e7d59121a54b68fc,boc,2022-07,https://www.brvm.org/sites/default/files/boc_20220708.pdf,boc_20220708.pdf,1202471,2026-07-26T11:11:50Z,boc-2022
058578150cf72151ebc04f42420bbdd26b3aee5bf2171c87b23ff4944c3e61ef,boc,2022-07,https://www.brvm.org/sites/default/files/boc_20220711_2.pdf,boc_20220711_2.pdf,1018053,2026-07-26T11:12:06Z,boc-2022
7a0d368834da8f077573a17300a205ddef1f3748be30b6bb04d6238d0abe2951,boc,2022-07,https://www.brvm.org/sites/default/files/boc_20220712_2.pdf,boc_20220712_2.pdf,1033701,2026-07-26T11:12:22Z,boc-2022
53b54e42c5c5328e07aadee874aa14de191d2270e8a7d890fc724d46ac3dbd8e,boc,2022-07,https://www.brvm.org/sites/default/files/boc_20220713_2.pdf,boc_20220713_2.pdf,1033971,2026-07-26T11:12:37Z,boc-2022
aa78344059c4cd180408e8da73a1dd41d30a98a52d2ce779b2d27492d10adad9,boc,2022-07,https://www.brvm.org/sites/default/files/boc_20220714_2.pdf,boc_20220714_2.pdf,1015945,2026-07-26T11:12:53Z,boc-2022
a9ebc208d807cf803776948a6f112d6b76844062c00d3d8af593d37810a39902,boc,2022-07,https://www.brvm.org/sites/default/files/boc_20220715_2.pdf,boc_20220715_2.pdf,1035601,2026-07-26T11:13:09Z,boc-2022
94b368b30056fd0cb4e3289ac1db9f89c932db2123cce3a705848194419902a4,boc,2022-07,https://www.brvm.org/sites/default/files/boc_20220718_2.pdf,boc_20220718_2.pdf,1023160,2026-07-26T11:13:25Z,boc-2022
46427f6b5dbb0cb17218ef8ddaca1d41d3518d1ad7fddd647f6beb72fe8c6ea5,boc,2022-07,https://www.brvm.org/sites/default/files/boc_20220719_2.pdf,boc_20220719_2.pdf,1024670,2026-07-26T11:13:41Z,boc-2022
312bfa4f789e295d30e947ef811e5abfa2e8976934019d7f86d09c6cb22fefbf,boc,2022-07,https://www.brvm.org/sites/default/files/boc_20220720_2.pdf,boc_20220720_2.pdf,1031124,2026-07-26T11:13:56Z,boc-2022
145b2c2dbcddd173248d8c369a4915ba9039d8794a436ebdc41939df3450094a,boc,2022-07,https://www.brvm.org/sites/default/files/boc_20220721_2.pdf,boc_20220721_2.pdf,1016043,2026-07-26T11:14:12Z,boc-2022
1884bb76040198af3fab8b8f4bfa6c3d23833da6c92dc27af5bd1a83ed133417,boc,2022-07,https://www.brvm.org/sites/default/files/boc_20220722_2.pdf,boc_20220722_2.pdf,1030077,2026-07-26T11:14:28Z,boc-2022
a07e935944364ca423a898e24472a28a8e0ea9b98a70d4757aa2825eb2560370,boc,2022-07,https://www.brvm.org/sites/default/files/boc_20220725_2.pdf,boc_20220725_2.pdf,1023538,2026-07-26T11:14:43Z,boc-2022
3693d1d329929c362944a539b5ebe505b4309aea087e8a7f02ac0d951dadf6ca,boc,2022-07,https://www.brvm.org/sites/default/files/boc_20220726_2.pdf,boc_20220726_2.pdf,1031010,2026-07-26T12:16:27Z,boc-2022
38b60a088a80590b6240e3c32b9b7d2112bbbc84bdb619ae47023fe97c0e99df,boc,2022-07,https://www.brvm.org/sites/default/files/boc_20220727_2.pdf,boc_20220727_2.pdf,1017314,2026-07-26T12:16:44Z,boc-2022
05de5227d6570cb3813243fa6bab38f845b800aae259193504e580aa3ad0cd21,boc,2022-07,https://www.brvm.org/sites/default/files/boc_20220728_2.pdf,boc_20220728_2.pdf,1026778,2026-07-26T12:17:01Z,boc-2022
a73afde3a37437dd697f86eb5372aad1dc8c2895d9aed2088332a03f46309b25,boc,2022-06,https://www.brvm.org/sites/default/files/boc_20220601_2.pdf,boc_20220601_2.pdf,1027657,2026-07-26T12:17:17Z,boc-2022
01ac31495198c86d55bd595afc2b9f790af51364c6cd52ec07423a01c129757e,boc,2022-06,https://www.brvm.org/sites/default/files/boc_20220602_2.pdf,boc_20220602_2.pdf,1018827,2026-07-26T12:17:33Z,boc-2022
69f1a7932690c81844fb5c5a364020e22d6555cdada18de21974c4876208ed97,boc,2022-06,https://www.brvm.org/sites/default/files/boc_20220603_2.pdf,boc_20220603_2.pdf,1021202,2026-07-26T12:17:49Z,boc-2022
21e0810f32b275ba5ff3b2db4ee8e607d2466b0179bd2242fd2ac1fe4664accc,boc,2022-06,https://www.brvm.org/sites/default/files/boc_20220607.pdf,boc_20220607.pdf,1195702,2026-07-26T12:18:59Z,boc-2022
419115bb0f40393f9ecf274b197d45bce2ccccbe7e2e931066ec882178d602db,boc,2022-06,https://www.brvm.org/sites/default/files/boc_20220609.pdf,boc_20220609.pdf,1193134,2026-07-26T12:20:10Z,boc-2022
49f7b9fe07cc25248e69e48a0f27cb7c771965101ecb6ddfee0f71a558500380,boc,2022-06,https://www.brvm.org/sites/default/files/boc_20220610.pdf,boc_20220610.pdf,1194992,2026-07-26T12:20:49Z,boc-2022
dccad13a52d2ec7789a90c3b41ed935a161a782ba1a09935f588c1e0acd8e30c,boc,2022-06,https://www.brvm.org/sites/default/files/boc_20220613_2.pdf,boc_20220613_2.pdf,1026078,2026-07-26T12:21:05Z,boc-2022
f22fbb09d8d97f1dc89656f5363099e4e4569bbf210add731b78bbacccea0543,boc,2022-06,https://www.brvm.org/sites/default/files/boc_20220614_2.pdf,boc_20220614_2.pdf,1028228,2026-07-26T12:21:21Z,boc-2022
939d156071bde2c621c1ae4f3154df4c4983711c89fa8769ab4a81df8e9dd0fd,boc,2022-06,https://www.brvm.org/sites/default/files/boc_20220615_2.pdf,boc_20220615_2.pdf,1035231,2026-07-26T12:21:37Z,boc-2022
ea6dd4eb3309d5905a3b0372a34dea7413770b6399a4e024429f398e9bf991b8,boc,2022-06,https://www.brvm.org/sites/default/files/boc_20220616_2.pdf,boc_20220616_2.pdf,1016574,2026-07-26T12:21:53Z,boc-2022
76bf901a5fef941b26a568fbd71ec171339488c771c04740ffbd2418fb93ab4b,boc,2022-06,https://www.brvm.org/sites/default/files/boc_20220617_2.pdf,boc_20220617_2.pdf,1015796,2026-07-26T12:22:09Z,boc-2022
f80d12b2c92b46775a772a76b85ac05551bf0f61f1f7761a40d1094176f6007d,boc,2022-06,https://www.brvm.org/sites/default/files/boc_20220620_2.pdf,boc_20220620_2.pdf,1032794,2026-07-26T12:22:26Z,boc-2022
baa2a579746b32effaa106b78a672de81859544629bef4398bbc3f54465d9ad4,boc,2022-06,https://www.brvm.org/sites/default/files/boc_20220621_2.pdf,boc_20220621_2.pdf,1025833,2026-07-26T12:22:42Z,boc-2022
aff60399e2af7e7bc93daaac22efb2c13a4a809d505c4f1044aab3edceef3e43,boc,2022-06,https://www.brvm.org/sites/default/files/boc_20220622_2.pdf,boc_20220622_2.pdf,1028396,2026-07-26T12:22:58Z,boc-2022
80cd93e6c5ce3aed7b1b175f982cf020325542a57c843fd326fc922d1a4cfdff,boc,2022-06,https://www.brvm.org/sites/default/files/boc_20220623_2.pdf,boc_20220623_2.pdf,1033317,2026-07-26T12:23:14Z,boc-2022
68f6282fa338a75d9af764ea1d88ed56d46c4e5fcb75e59c6e47aa64b78ab08a,boc,2022-06,https://www.brvm.org/sites/default/files/boc_20220624_2.pdf,boc_20220624_2.pdf,1023898,2026-07-26T12:23:30Z,boc-2022
ddbfe6605aa4e9e5c4cb52c3efc15e3bdd866eafbbb4b7318c6c7fb5310f93b0,boc,2022-06,https://www.brvm.org/sites/default/files/boc_20220627_2.pdf,boc_20220627_2.pdf,1017310,2026-07-26T12:23:47Z,boc-2022
5b79599f3254c9ed7d4d286ac3767f28d031590775e5b262466680aeb5bb2c29,boc,2022-06,https://www.brvm.org/sites/default/files/boc_20220628_2.pdf,boc_20220628_2.pdf,1033737,2026-07-26T12:24:03Z,boc-2022
451387cb1ceea037b4ed5762a79e4578ab425e4aa6ffdfc04c5540d6afa7bbeb,boc,2022-06,https://www.brvm.org/sites/default/files/boc_20220629_2.pdf,boc_20220629_2.pdf,1017736,2026-07-26T12:24:19Z,boc-2022
4f0a4b41ae9a616dca745ff2fa340b94a28b6fc0a1e5ea76a29f132a192afd2d,boc,2022-05,https://www.brvm.org/sites/default/files/boc_20220503_2.pdf,boc_20220503_2.pdf,1017544,2026-07-26T12:25:07Z,boc-2022
c718d76d9c7028c893c494ebea3289c1bd6a82473fbe12bd01dd6e13a91ec26f,boc,2022-05,https://www.brvm.org/sites/default/files/boc_20220504_2.pdf,boc_20220504_2.pdf,1019717,2026-07-26T12:25:23Z,boc-2022
1cbc8c71e11cdfe612833da7c4d200ddda9c3470ca2d45e209c15acbbd0463c5,boc,2022-05,https://www.brvm.org/sites/default/files/boc_20220505_2.pdf,boc_20220505_2.pdf,1017949,2026-07-26T12:25:39Z,boc-2022
26c0d90a0569c0c81fcff7dc8096af3d8fdabe6663dcee92a27f5c88e2ff83ac,boc,2022-05,https://www.brvm.org/sites/default/files/boc_20220506_2.pdf,boc_20220506_2.pdf,1016676,2026-07-26T12:25:55Z,boc-2022
1722812748adbd9e5eb909ab597947042d59d5792b7d1072f245d9caa9683f51,boc,2022-05,https://www.brvm.org/sites/default/files/boc_20220509_2.pdf,boc_20220509_2.pdf,1023604,2026-07-26T12:26:11Z,boc-2022
e6ac4503a43ee2189b197f71265377fe181e94630fe67fe6fba0d206d45e33ea,boc,2022-05,https://www.brvm.org/sites/default/files/boc_20220510_2.pdf,boc_20220510_2.pdf,1015639,2026-07-26T12:26:27Z,boc-2022
b605deb9963760d01635496341f335b8cc091b4c44acf70d3cfcdebd0e33be4b,boc,2022-05,https://www.brvm.org/sites/default/files/boc_20220511_2.pdf,boc_20220511_2.pdf,1006940,2026-07-26T12:26:45Z,boc-2022
c1b12f46071e279a0920a981218dc6681bec8ccd80437a574f69c22bbb44a184,boc,2022-05,https://www.brvm.org/sites/default/files/boc_20220512_2.pdf,boc_20220512_2.pdf,1016385,2026-07-26T12:27:01Z,boc-2022
c3370aa047a88d55a76153df0eee64f055717164b9f65aadd6b76879fedc287b,boc,2022-05,https://www.brvm.org/sites/default/files/boc_20220516_2.pdf,boc_20220516_2.pdf,1020258,2026-07-26T12:27:49Z,boc-2022
d27da5036b4744aea8c274e701b432d34f62b6a46cb47eef5c2980ecc9125981,boc,2022-05,https://www.brvm.org/sites/default/files/boc_20220517_2.pdf,boc_20220517_2.pdf,1003338,2026-07-26T12:28:05Z,boc-2022
2cf78a32dc78c10c76f17db200769e1d9478de05fd9a840833df18fb6d2944a7,boc,2022-05,https://www.brvm.org/sites/default/files/boc_20220518_2.pdf,boc_20220518_2.pdf,1024047,2026-07-26T12:28:21Z,boc-2022
354d7566892d9add94734f232cf3cff0d8b2d98210a4f8dbd396002756a6eaee,boc,2022-05,https://www.brvm.org/sites/default/files/boc_20220519_2.pdf,boc_20220519_2.pdf,1021338,2026-07-26T12:28:37Z,boc-2022
5311ee5163c96dfff0c79f7677e8993d0dfe45680b1da2d91e1d0112192d9bae,boc,2022-05,https://www.brvm.org/sites/default/files/boc_20220520_2.pdf,boc_20220520_2.pdf,1021428,2026-07-26T12:28:53Z,boc-2022
31915752a6d578552b86f2ca5f94b6b42e615101ac3a4835dd2b396d78482bfe,boc,2022-05,https://www.brvm.org/sites/default/files/boc_20220523_2.pdf,boc_20220523_2.pdf,1030490,2026-07-26T12:29:09Z,boc-2022
c5e438720d49768f86799e96d6836d03acb005b6055653ea85e2adb73209e7d0,boc,2022-05,https://www.brvm.org/sites/default/files/boc_20220524_2.pdf,boc_20220524_2.pdf,1025988,2026-07-26T12:29:25Z,boc-2022
57883be76d625f3da57fe0fbe3897a6749fb114c4ccf13fafe0776be7be2d110,boc,2022-05,https://www.brvm.org/sites/default/files/boc_20220527_2.pdf,boc_20220527_2.pdf,1024442,2026-07-26T12:30:49Z,boc-2022
d3ab6754f23378f64793f7f57315fa98f92ea7851b86f216fe74678bc1c4ab0f,boc,2022-05,https://www.brvm.org/sites/default/files/boc_20220530_2.pdf,boc_20220530_2.pdf,1010645,2026-07-26T12:31:05Z,boc-2022
f7987a8b7b049de3057f54ccc1db7904f192453938c150371463497a197ce3b6,boc,2022-04,https://www.brvm.org/sites/default/files/boc_20220401_2.pdf,boc_20220401_2.pdf,1015157,2026-07-26T12:31:21Z,boc-2022
9d42a721bef62416d2f9adb2b974ac62ed077efbcaf943e141019b61b4d0dfe6,boc,2022-04,https://www.brvm.org/sites/default/files/boc_20220404.pdf,boc_20220404.pdf,1187452,2026-07-26T12:31:59Z,boc-2022
3ff9160e19642ca6fcdf7c96df9d49b6761dbc60daeb114fb1b0987d44c36270,boc,2022-04,https://www.brvm.org/sites/default/files/boc_20220405_2.pdf,boc_20220405_2.pdf,1018864,2026-07-26T12:32:16Z,boc-2022
94e5114d164333d9392d8dd6e4322a50694a2bc45aad56d9ae772e6546fcd87d,boc,2022-04,https://www.brvm.org/sites/default/files/boc_20220406_2.pdf,boc_20220406_2.pdf,1013396,2026-07-26T12:32:31Z,boc-2022
c2e6c652b6663aa3c7b5ca3a80cb11f4b64cec735a209836a4cca5a81604cdbe,boc,2022-04,https://www.brvm.org/sites/default/files/boc_20220407.pdf,boc_20220407.pdf,1184045,2026-07-26T12:33:10Z,boc-2022
6d6f280ae8e42eaa181b11266770075373e13232da84d3748849f43a6f0f759b,boc,2022-04,https://www.brvm.org/sites/default/files/boc_20220408.pdf,boc_20220408.pdf,916657,2026-07-26T12:33:47Z,boc-2022
0cbf37919834300eab15e6f7a0fefabbb4071ec92de04502d0867c9a5c91bfb9,boc,2022-04,https://www.brvm.org/sites/default/files/boc_20220411_2.pdf,boc_20220411_2.pdf,1015205,2026-07-26T12:34:04Z,boc-2022
914244a1096b06509ef02924ba96daca35a511a45d3cddc046a236960f7ca375,boc,2022-04,https://www.brvm.org/sites/default/files/boc_20220412_2.pdf,boc_20220412_2.pdf,1009875,2026-07-26T12:34:20Z,boc-2022
d3cdc4a915e613360e03f4501886d6429cbaf0de8b197d5e9db7feb7cde3a2a8,boc,2022-04,https://www.brvm.org/sites/default/files/boc_20220413.pdf,boc_20220413.pdf,1184872,2026-07-26T12:34:59Z,boc-2022
72709e93770eda1fcad659c29aaa6807b77912f79e8e257fa4db3774a0c644e5,boc,2022-04,https://www.brvm.org/sites/default/files/boc_20220414_2.pdf,boc_20220414_2.pdf,1013357,2026-07-26T12:35:15Z,boc-2022
9ed0ab31c6cdd7fa0344ab03fc79cb7e174b4bc5a72bffe6ba0e45e9eefaedf5,boc,2022-04,https://www.brvm.org/sites/default/files/boc_20220415_2.pdf,boc_20220415_2.pdf,1011823,2026-07-26T12:35:31Z,boc-2022
080c8070081c4ea73e8f212a1e5385c0edeb108d7c1dce97e277bd7b894f360d,boc,2022-04,https://www.brvm.org/sites/default/files/boc_20220419_2.pdf,boc_20220419_2.pdf,1019050,2026-07-26T12:36:22Z,boc-2022
e91d2030825b9742f8ff057d420cdac0e030b484b256cce85144d1457f2d8964,boc,2022-04,https://www.brvm.org/sites/default/files/boc_20220420_2.pdf,boc_20220420_2.pdf,1012698,2026-07-26T12:36:38Z,boc-2022
08fc48a8493e0883d219d77bbeb7f8230c1f754b3eb97eedc7ede262e34cb299,boc,2022-04,https://www.brvm.org/sites/default/files/boc_20220421_2.pdf,boc_20220421_2.pdf,991530,2026-07-26T12:36:55Z,boc-2022
8cdcece12c819096adc7255656ed6bdff9bc6f04df8884a2141c2bfd82480754,boc,2022-04,https://www.brvm.org/sites/default/files/boc_20220422_2.pdf,boc_20220422_2.pdf,1020450,2026-07-26T12:37:11Z,boc-2022
004f0b188168301313072dd7a4f4a82d95411f274f1e9fde3cdeaf59544c19a9,boc,2022-04,https://www.brvm.org/sites/default/files/boc_20220425_2.pdf,boc_20220425_2.pdf,1005153,2026-07-26T12:37:27Z,boc-2022
dea4f081542ce11ec8a7842b2dce4d8d75e776485cb22ec6cb4a7bf064f843f1,boc,2022-04,https://www.brvm.org/sites/default/files/boc_20220426_2.pdf,boc_20220426_2.pdf,1018063,2026-07-26T12:37:43Z,boc-2022
3739a81e7d6008e0ac3a6d46d55aff9e0086ea66374dce72d154bf4dd5360f52,boc,2022-04,https://www.brvm.org/sites/default/files/boc_20220427.pdf,boc_20220427.pdf,888249,2026-07-26T12:38:20Z,boc-2022
1863721cdb3b5cce18b758a90c80c878e1f0d25628274d2f2b17c5929ce42724,boc,2022-03,https://www.brvm.org/sites/default/files/boc_20220301_2.pdf,boc_20220301_2.pdf,950953,2026-07-26T12:39:08Z,boc-2022
fa508926cb91a8788ff70b296389dd95fe7d6df6fee708ea14357470a85c6725,boc,2022-03,https://www.brvm.org/sites/default/files/boc_20220302_2.pdf,boc_20220302_2.pdf,999306,2026-07-26T12:39:23Z,boc-2022
7f8d99068fbc528becf1f8a5416b404900cfa726dbacdb31748b12f8f39f4a91,boc,2022-03,https://www.brvm.org/sites/default/files/boc_20220303_2.pdf,boc_20220303_2.pdf,947762,2026-07-26T12:39:39Z,boc-2022
127de5b460c9988811adc77de13a236f45b2eb8eca047b7867b5b36aca3c275b,boc,2022-03,https://www.brvm.org/sites/default/files/boc_20220304_2.pdf,boc_20220304_2.pdf,949302,2026-07-26T12:39:55Z,boc-2022
91303e30ea5b8af432f2a4b36db735c8724df8fad4e66e2fe1c763fdb19eba6c,boc,2022-03,https://www.brvm.org/sites/default/files/boc_20220307_2.pdf,boc_20220307_2.pdf,946270,2026-07-26T12:40:10Z,boc-2022
8eed27744ce343cb60f824ee51133548979e26d83e7f526f8958430fd51b559d,boc,2022-03,https://www.brvm.org/sites/default/files/boc_20220308_2.pdf,boc_20220308_2.pdf,940528,2026-07-26T12:40:26Z,boc-2022
d101cf27191d38fcf7a0a1cff67b4339098bdad0216807ce62651dca8c14b3a8,boc,2022-03,https://www.brvm.org/sites/default/files/boc_20220309_2.pdf,boc_20220309_2.pdf,1139233,2026-07-26T12:40:42Z,boc-2022
2fb61d6f843b9e7d7e0c05172c48fd8557a306d4776038e7e2bea88e3b346cb0,boc,2022-03,https://www.brvm.org/sites/default/files/boc_20220310_2.pdf,boc_20220310_2.pdf,942297,2026-07-26T12:40:58Z,boc-2022
27a59729269323540c140b74a05dc20e263151ed6ddcae7b22aa0a5c6fac45e3,boc,2022-03,https://www.brvm.org/sites/default/files/boc_20220311.pdf,boc_20220311.pdf,1174857,2026-07-26T12:41:35Z,boc-2022
1c90b0acf1694ca40db7c89d47457223454f2ca7d7d815fa1c982dfe8f9279ce,boc,2022-03,https://www.brvm.org/sites/default/files/boc_20220314_2.pdf,boc_20220314_2.pdf,950757,2026-07-26T12:41:51Z,boc-2022
5e71510fd749a575489fbd7c0b71fc32da2f9752b2b81ecb632efe38e5822b1e,boc,2022-03,https://www.brvm.org/sites/default/files/boc_20220315_2.pdf,boc_20220315_2.pdf,946352,2026-07-26T12:42:07Z,boc-2022
d50ce110387ef044e99c1d68949394120c46106e5e6a1c686525704383c150e6,boc,2022-03,https://www.brvm.org/sites/default/files/boc_20220316.pdf,boc_20220316.pdf,1176898,2026-07-26T12:42:45Z,boc-2022
0f106fed7f1f4bbc4b63a9a5e769a896906bf7af231abd70e5ad88eeeb119125,boc,2022-03,https://www.brvm.org/sites/default/files/boc_20220317_2.pdf,boc_20220317_2.pdf,942071,2026-07-26T12:43:01Z,boc-2022
d2f3ab9cf8fd693c1459dcb87fe9d6fc107c4f66b1f11d27c469e429db422163,boc,2022-03,https://www.brvm.org/sites/default/files/boc_20220318.pdf,boc_20220318.pdf,1176016,2026-07-26T12:43:40Z,boc-2022
71441f1d2147427464a1fc45afd8df7acccb0cae5bb75d57690913cbb9fc491d,boc,2022-03,https://www.brvm.org/sites/default/files/boc_20220321_2.pdf,boc_20220321_2.pdf,995425,2026-07-26T12:43:56Z,boc-2022
5f97e56ee7c826a70bdfc954dadf47b737d96451bded5ea5c36b97ad93c928b8,boc,2022-03,https://www.brvm.org/sites/default/files/boc_20220322_2.pdf,boc_20220322_2.pdf,1005558,2026-07-26T12:44:12Z,boc-2022
058c9b84477b7ade3944836d61c287d4e9d503a2c1d22361beb038939486ade0,boc,2022-03,https://www.brvm.org/sites/default/files/boc_20220323_2.pdf,boc_20220323_2.pdf,1012516,2026-07-26T12:44:28Z,boc-2022
709dea7acd533d5dc45d3c7b45fdb1be2618385533501b8622701d77cf0ae491,boc,2022-03,https://www.brvm.org/sites/default/files/boc_20220324_2.pdf,boc_20220324_2.pdf,998300,2026-07-26T12:44:44Z,boc-2022
ee726de9b810b26cd8a73a13da927354322b1a7e7ac4305b2c0fa1de82baabba,boc,2022-03,https://www.brvm.org/sites/default/files/boc_20220325.pdf,boc_20220325.pdf,1176731,2026-07-26T12:45:22Z,boc-2022
3c61b2d87d556b331b48ccb61fbdddccda44769d4fc2c235457e85d833a86dd8,boc,2022-03,https://www.brvm.org/sites/default/files/boc_20220328_2.pdf,boc_20220328_2.pdf,1013346,2026-07-26T12:45:38Z,boc-2022
7cfa8518396c8ee3b8a98de200f488a89895c17d39ec7fff294ef9ca164a7d99,boc,2022-03,https://www.brvm.org/sites/default/files/boc_20220329_2.pdf,boc_20220329_2.pdf,1015089,2026-07-26T12:45:53Z,boc-2022
456e1a4097b2737d05807b270dc52e99485e50bdf72675db1865daac3d95c10e,boc,2022-03,https://www.brvm.org/sites/default/files/boc_20220330_2.pdf,boc_20220330_2.pdf,1013683,2026-07-26T12:46:09Z,boc-2022
af4fe7a1ef9739633f4a8ed958561ed82d9ccd65d3bc8641f497a04f2e70b548,boc,2022-02,https://www.brvm.org/sites/default/files/boc_20220201_2.pdf,boc_20220201_2.pdf,947334,2026-07-26T12:46:25Z,boc-2022
a20b26f1c4ca69a59702d4406c1eedb276aec0281ad0fafa18098ccf128a3243,boc,2022-02,https://www.brvm.org/sites/default/files/boc_20220202_2.pdf,boc_20220202_2.pdf,954284,2026-07-26T12:46:41Z,boc-2022
