ticker,date_bulletin,cours,per,rendement
ABJC,2026-07-17,2990.0,24.51,0.069
BICB,2026-07-17,6300.0,10.04,0.0404
BICC,2026-07-17,28100.0,12.82,0.0412
BNBC,2026-07-17,1875.0,556.5,0.08
BOAB,2026-07-17,8700.0,17.55,0.0672
BOABF,2026-07-17,7200.0,16.46,0.055099999999999996
BOAC,2026-07-17,9745.0,10.97,0.0613
BOAM,2026-07-17,5755.0,14.26,0.053
BOAN,2026-07-17,5350.0,271.9,0.0391
BOAS,2026-07-17,7700.0,12.65,0.0584
CABC,2026-07-17,3650.0,15.01,0.0416
CBIBF,2026-07-17,28490.0,13.92,0.0316
CFAC,2026-07-17,1600.0,34.48,0.0044
CIEC,2026-07-17,5195.0,22.16,0.0305
ECOC,2026-07-17,16000.0,13.87,0.048799999999999996
ETIT,2026-07-17,68.0,3.56,0.013500000000000002
FTSC,2026-07-17,1990.0,60.23,0.8676
LNBB,2026-07-17,4300.0,18.61,0.0641
NEIC,2026-07-17,2295.0,14.39,0.0356
NSBC,2026-07-17,23650.0,14.37,0.028300000000000002
NTLC,2026-07-17,15800.0,18.92,0.045700000000000005
ONTBF,2026-07-17,2675.0,12.53,0.054299999999999994
ORAC,2026-07-17,16160.0,14.51,0.0436
ORGT,2026-07-17,2680.0,8.6,0.0222
PALC,2026-07-17,8690.0,8.66,0.0508
PRSC,2026-07-17,4500.0,19.46,0.0405
SAFC,2026-07-17,4295.0,49.75,
SCRC,2026-07-17,3705.0,,0.0109
SDCC,2026-07-17,11300.0,17.29,0.031200000000000002
SDSC,2026-07-17,2720.0,7.03,0.0338
SEMC,2026-07-17,1500.0,37.33,0.009300000000000001
SGBC,2026-07-17,37995.0,11.66,0.0433
SHEC,2026-07-17,2190.0,22.89,0.0344
SIBC,2026-07-17,8760.0,15.76,0.0377
SICC,2026-07-17,5300.0,,
SIVC,2026-07-17,2400.0,116.91,
SLBC,2026-07-17,39155.0,14.08,0.0274
SMBC,2026-07-17,15195.0,9.06,0.0405
SNTS,2026-07-17,32000.0,7.74,0.054400000000000004
SOGC,2026-07-17,8010.0,13.85,0.0659
SPHC,2026-07-17,7500.0,7.68,0.0432
STAC,2026-07-17,3185.0,,0.0208
STBC,2026-07-17,23900.0,11.77,0.0877
TTLC,2026-07-17,2900.0,20.09,0.0675
TTLS,2026-07-17,3995.0,19.2,0.044199999999999996
UNLC,2026-07-17,54495.0,781.54,
UNXC,2026-07-17,1845.0,,0.0329
ABJC,2026-07-21,2960.0,24.27,0.0697
BICB,2026-07-21,6600.0,10.52,0.038599999999999995
BICC,2026-07-21,28040.0,12.8,0.041299999999999996
BNBC,2026-07-21,1985.0,589.15,0.0756
BOAB,2026-07-21,8580.0,17.31,0.0682
BOABF,2026-07-21,7200.0,16.46,0.055099999999999996
BOAC,2026-07-21,9885.0,11.13,0.0604
BOAM,2026-07-21,5665.0,14.03,0.0538
BOAN,2026-07-21,5195.0,264.02,0.0403
BOAS,2026-07-21,7485.0,12.3,0.0601
CABC,2026-07-21,3950.0,16.24,0.0385
CBIBF,2026-07-21,26250.0,12.83,0.034300000000000004
CFAC,2026-07-21,1605.0,34.59,0.0044
CIEC,2026-07-21,5190.0,22.14,0.0305
ECOC,2026-07-21,15715.0,13.63,0.049699999999999994
ETIT,2026-07-21,66.0,3.45,0.0139
FTSC,2026-07-21,1990.0,60.23,0.8676
LNBB,2026-07-21,4100.0,17.74,0.0672
NEIC,2026-07-21,2200.0,13.79,0.037200000000000004
NSBC,2026-07-21,22000.0,13.37,0.0304
NTLC,2026-07-21,15985.0,19.15,0.0451
ONTBF,2026-07-21,2745.0,12.86,0.0529
ORAC,2026-07-21,16000.0,14.37,0.044000000000000004
ORGT,2026-07-21,2720.0,8.72,0.0219
PALC,2026-07-21,8750.0,8.72,0.0504
PRSC,2026-07-21,4645.0,20.09,0.0392
SAFC,2026-07-21,4385.0,50.79,
SCRC,2026-07-21,3525.0,,0.0115
SDCC,2026-07-21,11970.0,18.32,0.0294
SDSC,2026-07-21,2790.0,7.21,0.033
SEMC,2026-07-21,1430.0,35.59,0.0098
SGBC,2026-07-21,38000.0,11.66,0.0433
SHEC,2026-07-21,2200.0,22.99,0.0342
SIBC,2026-07-21,8855.0,15.93,0.0373
SICC,2026-07-21,5600.0,,
SIVC,2026-07-21,2160.0,105.22,
SLBC,2026-07-21,38995.0,14.02,0.0275
SMBC,2026-07-21,16295.0,9.71,0.0378
SNTS,2026-07-21,31500.0,7.62,0.0552
SOGC,2026-07-21,8150.0,14.09,0.06480000000000001
SPHC,2026-07-21,7350.0,7.52,0.0441
STAC,2026-07-21,3100.0,,0.0213
STBC,2026-07-21,23500.0,11.57,0.0892
TTLC,2026-07-21,2885.0,19.99,0.0678
TTLS,2026-07-21,3745.0,18.0,0.0472
UNLC,2026-07-21,50500.0,724.25,
UNXC,2026-07-21,1875.0,,0.032400000000000005
ABJC,2026-07-23,3180.0,26.07,0.06480000000000001
BICB,2026-07-23,7085.0,11.29,0.0359
BICC,2026-07-23,27505.0,12.55,0.0421
BNBC,2026-07-23,1990.0,590.63,0.0754
BOAB,2026-07-23,8695.0,17.54,0.0673
BOABF,2026-07-23,7150.0,16.34,0.0555
BOAC,2026-07-23,10000.0,11.25,0.059800000000000006
BOAM,2026-07-23,5615.0,13.91,0.054299999999999994
BOAN,2026-07-23,5345.0,271.64,0.0391
BOAS,2026-07-23,7580.0,12.46,0.0594
CABC,2026-07-23,3940.0,16.2,0.038599999999999995
CBIBF,2026-07-23,26450.0,12.92,0.034
CFAC,2026-07-23,1695.0,36.53,0.0042
CIEC,2026-07-23,5390.0,22.99,0.0294
ECOC,2026-07-23,15900.0,13.79,0.049100000000000005
ETIT,2026-07-23,75.0,3.93,0.012199999999999999
FTSC,2026-07-23,1970.0,59.63,0.8764
LNBB,2026-07-23,4320.0,18.69,0.0638
NEIC,2026-07-23,2190.0,13.73,0.0373
NSBC,2026-07-23,23000.0,13.97,0.0291
NTLC,2026-07-23,16495.0,19.76,0.0437
ONTBF,2026-07-23,2775.0,13.0,0.0524
ORAC,2026-07-23,16300.0,14.63,0.0432
ORGT,2026-07-23,2680.0,8.6,0.0222
PALC,2026-07-23,8850.0,8.82,0.049800000000000004
PRSC,2026-07-23,4605.0,19.92,0.039599999999999996
SAFC,2026-07-23,4550.0,52.7,
SCRC,2026-07-23,3500.0,,0.0116
SDCC,2026-07-23,11900.0,18.21,0.0296
SDSC,2026-07-23,2770.0,7.16,0.0332
SEMC,2026-07-23,1520.0,37.83,0.0092
SGBC,2026-07-23,37995.0,11.66,0.0433
SHEC,2026-07-23,2210.0,23.1,0.0341
SIBC,2026-07-23,8650.0,15.56,0.0382
SICC,2026-07-23,5300.0,,
SIVC,2026-07-23,2250.0,109.61,
SLBC,2026-07-23,39995.0,14.38,0.0268
SMBC,2026-07-23,16000.0,9.54,0.0385
SNTS,2026-07-23,31800.0,7.69,0.0547
SOGC,2026-07-23,8300.0,14.35,0.0636
SPHC,2026-07-23,7480.0,7.66,0.0433
STAC,2026-07-23,3000.0,,0.022099999999999998
STBC,2026-07-23,23405.0,11.52,0.08960000000000001
TTLC,2026-07-23,3000.0,20.79,0.0652
TTLS,2026-07-23,3800.0,18.26,0.04650000000000001
UNLC,2026-07-23,52000.0,745.76,
UNXC,2026-07-23,1830.0,,0.0332
NTLC,2026-07-01,15990.0,19.15,4.51
PALC,2026-07-01,8730.0,8.7,5.05
SPHC,2026-07-01,7995.0,8.18,4.05
SMBC,2026-07-01,17540.0,10.46,3.51
TTLC,2026-07-01,2950.0,20.44,6.63
TTLS,2026-07-01,4000.0,19.22,5.56
ECOC,2026-07-01,16250.0,14.09,4.81
SGBC,2026-07-01,39000.0,11.97,4.22
SIBC,2026-07-01,9015.0,16.21,3.66
ONTBF,2026-07-01,2800.0,13.11,5.19
ORAC,2026-07-01,16700.0,14.99,4.22
SNTS,2026-07-01,29300.0,7.08,5.94
SCRC,2026-07-01,3395.0,,1.19
SICC,2026-07-01,4700.0,,
SLBC,2026-07-01,38900.0,13.99,2.76
SOGC,2026-07-01,8395.0,14.52,6.29
STBC,2026-07-01,24450.0,12.04,8.57
UNLC,2026-07-01,55600.0,797.39,
ABJC,2026-07-01,3285.0,26.93,6.28
BNBC,2026-07-01,1985.0,589.15,7.56
CFAC,2026-07-01,1765.0,68.21,0.4
LNBB,2026-07-01,4300.0,18.61,6.41
NEIC,2026-07-01,2275.0,14.26,3.59
PRSC,2026-07-01,4600.0,19.9,3.96
UNXC,2026-07-01,1690.0,,3.59
SHEC,2026-07-01,2190.0,22.89,3.44
BICB,2026-07-01,5880.0,9.37,4.33
BICC,2026-07-01,29490.0,13.46,2.82
BOAB,2026-07-01,9025.0,18.21,6.48
BOABF,2026-07-01,5900.0,13.48,6.73
BOAC,2026-07-01,9395.0,10.57,6.36
BOAM,2026-07-01,4970.0,12.31,6.14
BOAN,2026-07-01,4190.0,212.95,4.99
BOAS,2026-07-01,7440.0,12.23,6.05
CBIBF,2026-07-01,24000.0,11.73,3.75
ETIT,2026-07-01,43.0,2.25,2.14
NSBC,2026-07-01,19995.0,12.15,3.34
ORGT,2026-07-01,2750.0,8.82,2.16
SAFC,2026-07-01,4600.0,53.28,
CABC,2026-07-01,4190.0,17.23,3.63
FTSC,2026-07-01,2000.0,60.53,86.33
SDSC,2026-07-01,2400.0,6.2,3.83
SEMC,2026-07-01,1520.0,37.83,0.92
SIVC,2026-07-01,2455.0,119.59,
STAC,2026-07-01,3450.0,,1.92
CIEC,2026-07-01,5300.0,22.61,2.99
SDCC,2026-07-01,12100.0,18.52,2.91
NTLC,2026-07-02,16490.0,19.75,4.38
PALC,2026-07-02,8665.0,8.64,5.09
SPHC,2026-07-02,7960.0,8.15,4.07
SMBC,2026-07-02,17720.0,10.56,3.48
TTLC,2026-07-02,2945.0,20.41,6.64
TTLS,2026-07-02,4050.0,19.46,5.49
ECOC,2026-07-02,16500.0,14.31,4.74
SGBC,2026-07-02,38990.0,11.97,4.22
SIBC,2026-07-02,9000.0,16.19,3.67
ONTBF,2026-07-02,2805.0,13.14,5.18
ORAC,2026-07-02,16750.0,15.04,4.2
SNTS,2026-07-02,29495.0,7.13,5.9
SCRC,2026-07-02,3500.0,,1.16
SICC,2026-07-02,5050.0,,
SLBC,2026-07-02,39000.0,14.02,2.75
SOGC,2026-07-02,8450.0,14.61,6.25
STBC,2026-07-02,24550.0,12.09,8.54
UNLC,2026-07-02,55555.0,796.75,
ABJC,2026-07-02,3285.0,26.93,6.28
BNBC,2026-07-02,1985.0,589.15,7.56
CFAC,2026-07-02,1780.0,68.79,0.4
LNBB,2026-07-02,4380.0,18.95,6.29
NEIC,2026-07-02,2270.0,14.23,3.6
PRSC,2026-07-02,4520.0,19.55,4.03
UNXC,2026-07-02,1565.0,,3.88
SHEC,2026-07-02,2200.0,22.99,3.42
BICB,2026-07-02,5955.0,9.49,4.28
BICC,2026-07-02,28095.0,13.35,3.96
BOAB,2026-07-02,9200.0,18.56,6.36
BOABF,2026-07-02,5940.0,13.58,6.68
BOAC,2026-07-02,9300.0,10.47,6.43
BOAM,2026-07-02,4965.0,12.3,6.14
BOAN,2026-07-02,4200.0,213.45,4.98
BOAS,2026-07-02,7305.0,12.01,6.16
CBIBF,2026-07-02,24000.0,11.73,3.75
ETIT,2026-07-02,46.0,2.41,2.0
NSBC,2026-07-02,19990.0,12.14,3.34
ORGT,2026-07-02,2780.0,8.92,2.14
SAFC,2026-07-02,4650.0,53.86,
CABC,2026-07-02,4500.0,18.51,3.38
FTSC,2026-07-02,2050.0,62.05,84.22
SDSC,2026-07-02,2395.0,6.19,3.84
SEMC,2026-07-02,1505.0,37.46,0.93
SIVC,2026-07-02,2430.0,118.37,
STAC,2026-07-02,3500.0,,1.89
CIEC,2026-07-02,5300.0,22.61,2.99
SDCC,2026-07-02,12045.0,18.43,2.92
NTLC,2026-07-03,16500.0,19.76,4.37
PALC,2026-07-03,8835.0,8.81,4.99
SPHC,2026-07-03,7675.0,7.86,4.22
SMBC,2026-07-03,17735.0,10.57,3.47
TTLC,2026-07-03,2925.0,20.27,6.69
TTLS,2026-07-03,4045.0,19.44,5.5
ECOC,2026-07-03,17270.0,14.98,4.52
SGBC,2026-07-03,37000.0,11.36,4.45
SIBC,2026-07-03,8860.0,15.94,3.72
ONTBF,2026-07-03,2800.0,13.11,5.19
ORAC,2026-07-03,16900.0,15.17,4.17
SNTS,2026-07-03,29500.0,7.13,5.9
SCRC,2026-07-03,3610.0,,1.12
SICC,2026-07-03,5200.0,,
SLBC,2026-07-03,39200.0,14.09,2.74
SOGC,2026-07-03,8450.0,14.61,6.25
STBC,2026-07-03,24350.0,11.99,8.61
UNLC,2026-07-03,51395.0,737.08,
ABJC,2026-07-03,3200.0,26.23,6.44
BNBC,2026-07-03,2000.0,593.6,7.5
CFAC,2026-07-03,1765.0,68.21,0.4
LNBB,2026-07-03,4350.0,18.82,6.33
NEIC,2026-07-03,2270.0,14.23,3.6
PRSC,2026-07-03,4500.0,19.46,4.05
UNXC,2026-07-03,1535.0,,3.96
SHEC,2026-07-03,2195.0,22.94,3.43
BICB,2026-07-03,6275.0,10.0,4.06
BICC,2026-07-03,29380.0,13.41,3.94
BOAB,2026-07-03,9100.0,18.36,6.43
BOABF,2026-07-03,5945.0,13.59,6.68
BOAC,2026-07-03,9200.0,10.35,6.49
BOAM,2026-07-03,4970.0,12.31,6.14
BOAN,2026-07-03,4240.0,215.49,4.94
BOAS,2026-07-03,7350.0,12.08,6.12
CBIBF,2026-07-03,23910.0,11.68,3.76
ETIT,2026-07-03,47.0,2.46,1.95
NSBC,2026-07-03,20000.0,12.15,3.34
ORGT,2026-07-03,2710.0,8.69,2.2
SAFC,2026-07-03,4580.0,53.05,
CABC,2026-07-03,4495.0,18.49,3.38
FTSC,2026-07-03,2020.0,61.14,85.47
SDSC,2026-07-03,2435.0,6.29,3.78
SEMC,2026-07-03,1500.0,37.33,0.93
SIVC,2026-07-03,2355.0,114.72,
STAC,2026-07-03,3440.0,,1.92
CIEC,2026-07-03,5300.0,22.61,2.99
SDCC,2026-07-03,12045.0,18.43,2.92
NTLC,2026-07-06,16480.0,19.74,4.38
PALC,2026-07-06,8850.0,8.82,4.98
SPHC,2026-07-06,7945.0,8.13,4.08
SMBC,2026-07-06,17700.0,10.55,3.48
TTLC,2026-07-06,2940.0,20.37,6.66
TTLS,2026-07-06,4200.0,20.18,5.3
ECOC,2026-07-06,16500.0,14.31,4.74
SGBC,2026-07-06,38150.0,11.71,4.31
SIBC,2026-07-06,9000.0,16.19,3.67
ONTBF,2026-07-06,2845.0,13.33,5.11
ORAC,2026-07-06,16300.0,14.63,4.32
SNTS,2026-07-06,29500.0,7.13,5.9
SCRC,2026-07-06,3675.0,,1.1
SICC,2026-07-06,5250.0,,
SLBC,2026-07-06,39900.0,14.35,2.69
SOGC,2026-07-06,8600.0,14.87,6.14
STBC,2026-07-06,24350.0,11.99,8.61
UNLC,2026-07-06,50000.0,717.08,
ABJC,2026-07-06,3150.0,25.82,6.55
BNBC,2026-07-06,1990.0,590.63,7.54
CFAC,2026-07-06,1725.0,66.66,0.41
LNBB,2026-07-06,4340.0,18.78,6.35
NEIC,2026-07-06,2185.0,13.7,3.74
PRSC,2026-07-06,4500.0,19.46,4.05
UNXC,2026-07-06,1475.0,,4.12
SHEC,2026-07-06,2200.0,22.99,3.42
BICB,2026-07-06,6360.0,10.14,4.0
BICC,2026-07-06,28110.0,12.83,4.12
BOAB,2026-07-06,9100.0,18.36,6.43
BOABF,2026-07-06,6000.0,13.71,6.62
BOAC,2026-07-06,9200.0,10.35,6.49
BOAM,2026-07-06,4930.0,12.21,6.19
BOAN,2026-07-06,4250.0,215.99,4.92
BOAS,2026-07-06,7300.0,12.0,6.16
CBIBF,2026-07-06,25000.0,12.21,3.6
ETIT,2026-07-06,50.0,2.62,1.84
NSBC,2026-07-06,20385.0,12.38,3.28
ORGT,2026-07-06,2730.0,8.76,2.18
SAFC,2026-07-06,4580.0,53.05,
CABC,2026-07-06,4490.0,18.47,3.39
FTSC,2026-07-06,1985.0,60.08,86.98
SDSC,2026-07-06,2480.0,6.41,3.71
SEMC,2026-07-06,1460.0,36.34,0.96
SIVC,2026-07-06,2335.0,113.75,
STAC,2026-07-06,3385.0,,1.95
CIEC,2026-07-06,5485.0,23.4,2.89
SDCC,2026-07-06,12040.0,18.43,2.92
NTLC,2026-07-08,16450.0,19.7,4.39
PALC,2026-07-08,8840.0,8.81,4.99
SPHC,2026-07-08,7505.0,7.68,4.31
SMBC,2026-07-08,17000.0,10.14,3.62
TTLC,2026-07-08,2850.0,19.75,6.87
TTLS,2026-07-08,4300.0,20.66,5.17
ECOC,2026-07-08,17000.0,14.74,4.6
SGBC,2026-07-08,38900.0,11.94,4.23
SIBC,2026-07-08,8975.0,16.14,3.68
ONTBF,2026-07-08,2795.0,13.09,5.2
ORAC,2026-07-08,16400.0,14.72,4.29
SNTS,2026-07-08,31000.0,7.5,5.61
SCRC,2026-07-08,3550.0,,1.14
SICC,2026-07-08,5200.0,,
SLBC,2026-07-08,39900.0,14.35,2.69
SOGC,2026-07-08,8390.0,14.51,6.29
STBC,2026-07-08,24055.0,11.84,8.71
UNLC,2026-07-08,53735.0,770.64,
ABJC,2026-07-08,3140.0,25.74,6.57
BNBC,2026-07-08,1950.0,578.76,7.69
CFAC,2026-07-08,1620.0,62.6,0.43
LNBB,2026-07-08,4060.0,17.57,6.79
NEIC,2026-07-08,2120.0,13.29,3.86
PRSC,2026-07-08,4500.0,19.46,4.05
UNXC,2026-07-08,1285.0,,4.73
SHEC,2026-07-08,2200.0,22.99,3.42
BICB,2026-07-08,6375.0,10.16,3.99
BICC,2026-07-08,28250.0,12.89,4.1
BOAB,2026-07-08,8870.0,17.89,6.6
BOABF,2026-07-08,5970.0,13.64,6.65
BOAC,2026-07-08,9490.0,10.68,6.3
BOAM,2026-07-08,5395.0,13.36,5.65
BOAN,2026-07-08,4340.0,220.57,4.82
BOAS,2026-07-08,7290.0,11.98,6.17
CBIBF,2026-07-08,27625.0,13.5,3.26
ETIT,2026-07-08,56.0,2.93,1.64
NSBC,2026-07-08,21950.0,13.34,3.04
ORGT,2026-07-08,2685.0,8.61,2.22
SAFC,2026-07-08,4270.0,49.46,
CABC,2026-07-08,4000.0,16.45,3.8
FTSC,2026-07-08,1990.0,60.23,86.76
SDSC,2026-07-08,2355.0,6.08,3.91
SEMC,2026-07-08,1350.0,33.6,1.04
SIVC,2026-07-08,2000.0,97.43,
STAC,2026-07-08,3055.0,,2.17
CIEC,2026-07-08,5300.0,22.61,2.99
SDCC,2026-07-08,12000.0,18.36,2.93
NTLC,2026-07-09,16395.0,19.64,4.4
PALC,2026-07-09,8800.0,8.77,5.01
SPHC,2026-07-09,7850.0,8.03,4.13
SMBC,2026-07-09,17350.0,10.34,3.55
TTLC,2026-07-09,2920.0,20.23,6.7
TTLS,2026-07-09,4250.0,20.42,5.23
ECOC,2026-07-09,16700.0,14.48,4.68
SGBC,2026-07-09,39000.0,11.97,4.22
SIBC,2026-07-09,9000.0,16.19,3.67
ONTBF,2026-07-09,2790.0,13.07,5.21
ORAC,2026-07-09,16000.0,14.37,4.4
SNTS,2026-07-09,31000.0,7.5,5.61
SCRC,2026-07-09,3305.0,,1.23
SICC,2026-07-09,5200.0,,
SLBC,2026-07-09,40100.0,14.42,2.68
SOGC,2026-07-09,8600.0,14.87,6.14
STBC,2026-07-09,24300.0,11.97,8.63
UNLC,2026-07-09,53735.0,770.64,
ABJC,2026-07-09,3150.0,25.82,6.55
BNBC,2026-07-09,1805.0,535.72,8.31
CFAC,2026-07-09,1575.0,60.86,0.45
LNBB,2026-07-09,4110.0,17.78,6.7
NEIC,2026-07-09,2095.0,13.13,3.9
PRSC,2026-07-09,4390.0,18.99,4.15
UNXC,2026-07-09,1250.0,,4.86
SHEC,2026-07-09,2200.0,22.99,3.42
BICB,2026-07-09,6385.0,10.18,3.99
BICC,2026-07-09,28350.0,12.94,4.08
BOAB,2026-07-09,8800.0,17.75,6.65
BOABF,2026-07-09,5970.0,13.64,6.65
BOAC,2026-07-09,9425.0,10.61,6.34
BOAM,2026-07-09,5425.0,13.44,5.62
BOAN,2026-07-09,4500.0,228.7,4.65
BOAS,2026-07-09,7300.0,12.0,6.16
CBIBF,2026-07-09,27545.0,13.46,3.27
ETIT,2026-07-09,60.0,3.14,1.53
NSBC,2026-07-09,21700.0,13.18,3.08
ORGT,2026-07-09,2675.0,8.58,2.23
SAFC,2026-07-09,4125.0,47.78,
CABC,2026-07-09,4000.0,16.45,3.8
FTSC,2026-07-09,2000.0,60.53,86.33
SDSC,2026-07-09,2290.0,5.92,4.02
SEMC,2026-07-09,1385.0,34.47,1.01
SIVC,2026-07-09,1920.0,93.53,
STAC,2026-07-09,3050.0,,2.17
CIEC,2026-07-09,5325.0,22.72,2.97
SDCC,2026-07-09,12000.0,18.36,2.93
NTLC,2026-07-10,16250.0,19.46,4.44
PALC,2026-07-10,8820.0,8.79,5.0
SPHC,2026-07-10,7550.0,7.73,4.29
SMBC,2026-07-10,17295.0,10.31,3.56
TTLC,2026-07-10,2800.0,19.4,6.99
TTLS,2026-07-10,4260.0,20.47,5.22
ECOC,2026-07-10,16795.0,14.56,4.65
SGBC,2026-07-10,39000.0,11.97,4.22
SIBC,2026-07-10,8950.0,16.1,3.69
ONTBF,2026-07-10,2800.0,13.11,5.19
ORAC,2026-07-10,16495.0,14.81,4.27
SNTS,2026-07-10,30900.0,7.47,5.63
SCRC,2026-07-10,3495.0,,1.16
SICC,2026-07-10,5195.0,,
SLBC,2026-07-10,39910.0,14.35,2.69
SOGC,2026-07-10,8360.0,14.46,6.32
STBC,2026-07-10,24105.0,11.87,8.7
UNLC,2026-07-10,50500.0,724.25,
ABJC,2026-07-10,3150.0,25.82,6.55
BNBC,2026-07-10,1755.0,520.88,8.55
CFAC,2026-07-10,1575.0,60.86,0.45
LNBB,2026-07-10,4415.0,19.1,6.24
NEIC,2026-07-10,2000.0,12.54,4.09
PRSC,2026-07-10,4280.0,18.51,4.26
UNXC,2026-07-10,1340.0,,4.53
SHEC,2026-07-10,2205.0,23.04,3.41
BICB,2026-07-10,6350.0,10.12,4.01
BICC,2026-07-10,28800.0,13.14,4.02
BOAB,2026-07-10,8750.0,17.65,6.69
BOABF,2026-07-10,6050.0,13.83,6.56
BOAC,2026-07-10,9500.0,10.69,6.29
BOAM,2026-07-10,5450.0,13.5,5.6
BOAN,2026-07-10,4790.0,243.44,4.37
BOAS,2026-07-10,7300.0,12.0,6.16
CBIBF,2026-07-10,29610.0,14.47,3.04
ETIT,2026-07-10,64.0,3.35,1.44
NSBC,2026-07-10,21695.0,13.18,3.08
ORGT,2026-07-10,2650.0,8.5,2.25
SAFC,2026-07-10,4270.0,49.46,
CABC,2026-07-10,3955.0,16.27,3.84
FTSC,2026-07-10,1975.0,59.78,87.42
SDSC,2026-07-10,2210.0,5.71,4.16
SEMC,2026-07-10,1455.0,36.21,0.96
SIVC,2026-07-10,2060.0,100.35,
STAC,2026-07-10,3200.0,,2.07
CIEC,2026-07-10,5340.0,22.78,2.97
SDCC,2026-07-10,12115.0,18.54,2.91
NTLC,2026-07-13,16000.0,19.16,4.51
PALC,2026-07-13,8770.0,8.74,5.03
SPHC,2026-07-13,7580.0,7.76,4.27
SMBC,2026-07-13,16605.0,9.9,3.71
TTLC,2026-07-13,2990.0,20.72,6.54
TTLS,2026-07-13,4295.0,20.64,5.18
ECOC,2026-07-13,16700.0,14.48,4.68
SGBC,2026-07-13,38890.0,11.94,4.23
SIBC,2026-07-13,8990.0,16.17,3.67
ONTBF,2026-07-13,2700.0,12.65,5.38
ORAC,2026-07-13,16000.0,14.37,4.4
SNTS,2026-07-13,30900.0,7.47,5.63
SCRC,2026-07-13,3460.0,,1.17
SICC,2026-07-13,5100.0,,
SLBC,2026-07-13,39100.0,14.06,2.75
SOGC,2026-07-13,8195.0,14.17,6.44
STBC,2026-07-13,24200.0,11.92,8.66
UNLC,2026-07-13,53735.0,770.64,
ABJC,2026-07-13,3125.0,25.62,6.6
BNBC,2026-07-13,1770.0,525.33,8.47
CFAC,2026-07-13,1550.0,33.4,0.45
LNBB,2026-07-13,4345.0,18.8,6.34
NEIC,2026-07-13,2150.0,13.48,3.8
PRSC,2026-07-13,4400.0,19.03,4.14
UNXC,2026-07-13,1440.0,,4.22
SHEC,2026-07-13,2200.0,22.99,3.42
BICB,2026-07-13,6480.0,10.33,3.93
BICC,2026-07-13,28650.0,13.08,4.04
BOAB,2026-07-13,8800.0,17.75,6.65
BOABF,2026-07-13,6100.0,13.94,6.51
BOAC,2026-07-13,9620.0,10.83,6.21
BOAM,2026-07-13,5595.0,13.86,5.45
BOAN,2026-07-13,4710.0,239.37,4.44
BOAS,2026-07-13,7300.0,12.0,6.16
CBIBF,2026-07-13,30005.0,14.66,3.0
ETIT,2026-07-13,68.0,3.56,1.35
NSBC,2026-07-13,21950.0,13.34,3.04
ORGT,2026-07-13,2690.0,8.63,2.21
SAFC,2026-07-13,4480.0,51.89,
CABC,2026-07-13,3910.0,16.08,3.89
FTSC,2026-07-13,1990.0,60.23,86.76
SDSC,2026-07-13,2190.0,5.66,4.2
SEMC,2026-07-13,1470.0,36.59,0.95
SIVC,2026-07-13,2210.0,107.66,
STAC,2026-07-13,3175.0,,2.08
CIEC,2026-07-13,5325.0,22.72,2.97
SDCC,2026-07-13,11340.0,17.35,3.1
NTLC,2026-07-14,16000.0,19.16,4.51
PALC,2026-07-14,8500.0,8.47,5.19
SPHC,2026-07-14,7500.0,7.68,4.32
SMBC,2026-07-14,17000.0,10.14,3.62
TTLC,2026-07-14,2945.0,20.41,6.64
TTLS,2026-07-14,4440.0,21.34,5.01
ECOC,2026-07-14,16370.0,14.2,4.77
SGBC,2026-07-14,38200.0,11.73,4.31
SIBC,2026-07-14,8900.0,16.01,3.71
ONTBF,2026-07-14,2700.0,12.65,5.38
ORAC,2026-07-14,16160.0,14.51,4.36
SNTS,2026-07-14,31505.0,7.62,5.52
SCRC,2026-07-14,3460.0,,1.17
SICC,2026-07-14,5100.0,,
SLBC,2026-07-14,39105.0,14.06,2.75
SOGC,2026-07-14,8200.0,14.18,6.44
STBC,2026-07-14,24195.0,11.91,8.66
UNLC,2026-07-14,53735.0,770.64,
ABJC,2026-07-14,3125.0,25.62,6.6
BNBC,2026-07-14,1750.0,519.4,8.57
CFAC,2026-07-14,1605.0,34.59,0.44
LNBB,2026-07-14,4340.0,18.78,6.35
NEIC,2026-07-14,2310.0,14.48,3.54
PRSC,2026-07-14,4300.0,18.6,4.24
UNXC,2026-07-14,1545.0,,3.93
SHEC,2026-07-14,2200.0,22.99,3.42
BICB,2026-07-14,6480.0,10.33,3.93
BICC,2026-07-14,28600.0,13.05,4.05
BOAB,2026-07-14,8840.0,17.83,6.62
BOABF,2026-07-14,6350.0,14.51,6.25
BOAC,2026-07-14,9750.0,10.97,6.13
BOAM,2026-07-14,5685.0,14.08,5.37
BOAN,2026-07-14,4755.0,241.66,4.4
BOAS,2026-07-14,7315.0,12.02,6.15
CBIBF,2026-07-14,30000.0,14.66,3.0
ETIT,2026-07-14,73.0,3.82,1.26
NSBC,2026-07-14,21260.0,12.92,3.14
ORGT,2026-07-14,2670.0,8.56,2.23
SAFC,2026-07-14,4400.0,50.97,
CABC,2026-07-14,3800.0,15.63,4.0
FTSC,2026-07-14,1990.0,60.23,86.76
SDSC,2026-07-14,2350.0,6.07,3.91
SEMC,2026-07-14,1495.0,37.21,0.94
SIVC,2026-07-14,2375.0,115.69,
STAC,2026-07-14,3100.0,,2.13
CIEC,2026-07-14,5200.0,22.18,3.05
SDCC,2026-07-14,11300.0,17.29,3.12
NTLC,2026-07-15,15930.0,19.08,4.53
PALC,2026-07-15,8700.0,8.67,5.07
SPHC,2026-07-15,7400.0,7.57,4.38
SMBC,2026-07-15,16315.0,9.73,3.78
TTLC,2026-07-15,2800.0,19.4,6.99
TTLS,2026-07-15,3935.0,19.75,4.3
ECOC,2026-07-15,15900.0,13.79,4.91
SGBC,2026-07-15,38010.0,11.67,4.33
SIBC,2026-07-15,8700.0,15.65,3.79
ONTBF,2026-07-15,2745.0,12.86,5.29
ORAC,2026-07-15,15800.0,14.19,4.46
SNTS,2026-07-15,32500.0,7.86,5.35
SCRC,2026-07-15,3650.0,,1.11
SICC,2026-07-15,4755.0,,
SLBC,2026-07-15,39900.0,14.35,2.69
SOGC,2026-07-15,8200.0,14.18,6.44
STBC,2026-07-15,23005.0,11.33,9.11
UNLC,2026-07-15,53735.0,770.64,
ABJC,2026-07-15,3150.0,25.82,6.55
BNBC,2026-07-15,1880.0,557.98,7.98
CFAC,2026-07-15,1560.0,33.62,0.45
LNBB,2026-07-15,4320.0,18.69,6.38
NEIC,2026-07-15,2310.0,14.48,3.54
PRSC,2026-07-15,4290.0,18.56,4.25
UNXC,2026-07-15,1660.0,,3.66
SHEC,2026-07-15,2170.0,22.68,3.47
BICB,2026-07-15,6550.0,10.44,3.89
BICC,2026-07-15,27800.0,12.69,4.16
BOAB,2026-07-15,8765.0,17.68,6.67
BOABF,2026-07-15,6825.0,15.6,5.82
BOAC,2026-07-15,9650.0,10.86,6.19
BOAM,2026-07-15,5680.0,14.07,5.37
BOAN,2026-07-15,5110.0,259.7,4.09
BOAS,2026-07-15,7320.0,12.03,6.15
CBIBF,2026-07-15,30005.0,14.66,3.0
ETIT,2026-07-15,78.0,4.08,1.18
NSBC,2026-07-15,21000.0,12.76,3.18
ORGT,2026-07-15,2680.0,8.6,2.22
SAFC,2026-07-15,4540.0,52.59,
CABC,2026-07-15,3710.0,15.26,4.1
FTSC,2026-07-15,1975.0,59.78,87.42
SDSC,2026-07-15,2525.0,6.52,3.64
SEMC,2026-07-15,1535.0,38.21,0.91
SIVC,2026-07-15,2530.0,123.25,
STAC,2026-07-15,3195.0,,2.07
CIEC,2026-07-15,5190.0,22.14,3.05
SDCC,2026-07-15,11275.0,17.25,3.12
NTLC,2026-07-16,16000.0,19.16,4.51
PALC,2026-07-16,8665.0,8.64,5.09
SPHC,2026-07-16,7495.0,7.67,4.32
SMBC,2026-07-16,15800.0,9.42,3.9
TTLC,2026-07-16,2900.0,20.09,6.75
TTLS,2026-07-16,4085.0,19.63,4.32
ECOC,2026-07-16,16000.0,13.87,4.88
SGBC,2026-07-16,37995.0,11.66,4.33
SIBC,2026-07-16,8700.0,15.65,3.79
ONTBF,2026-07-16,2695.0,12.62,5.39
ORAC,2026-07-16,16165.0,14.51,4.36
SNTS,2026-07-16,32000.0,7.74,5.44
SCRC,2026-07-16,3920.0,,1.03
SICC,2026-07-16,4995.0,,
SLBC,2026-07-16,39115.0,14.06,2.74
SOGC,2026-07-16,8000.0,13.83,6.6
STBC,2026-07-16,22235.0,10.95,9.43
UNLC,2026-07-16,55000.0,788.79,
ABJC,2026-07-16,2950.0,24.19,6.99
BNBC,2026-07-16,1875.0,556.5,8.0
CFAC,2026-07-16,1580.0,34.05,0.45
LNBB,2026-07-16,4320.0,18.69,6.38
NEIC,2026-07-16,2150.0,13.48,3.8
PRSC,2026-07-16,4470.0,19.33,4.08
UNXC,2026-07-16,1780.0,,3.41
SHEC,2026-07-16,2200.0,22.99,3.42
BICB,2026-07-16,6385.0,10.18,3.99
BICC,2026-07-16,27705.0,12.64,4.18
BOAB,2026-07-16,8780.0,17.71,6.66
BOABF,2026-07-16,7255.0,16.58,5.47
BOAC,2026-07-16,9720.0,10.94,6.15
BOAM,2026-07-16,5770.0,14.29,5.29
BOAN,2026-07-16,5395.0,274.19,3.88
BOAS,2026-07-16,7400.0,12.16,6.08
CBIBF,2026-07-16,30000.0,14.66,3.0
ETIT,2026-07-16,73.0,3.82,1.26
NSBC,2026-07-16,22000.0,13.37,3.04
ORGT,2026-07-16,2680.0,8.6,2.22
SAFC,2026-07-16,4400.0,50.97,
CABC,2026-07-16,3625.0,14.91,4.19
FTSC,2026-07-16,1995.0,60.38,86.54
SDSC,2026-07-16,2710.0,7.0,3.39
SEMC,2026-07-16,1500.0,37.33,0.93
SIVC,2026-07-16,2345.0,114.23,
STAC,2026-07-16,3195.0,,2.07
CIEC,2026-07-16,4905.0,20.92,3.23
SDCC,2026-07-16,11260.0,17.23,3.13
NTLC,2026-07-20,15985.0,19.15,4.51
PALC,2026-07-20,8680.0,8.65,5.08
SPHC,2026-07-20,7300.0,7.47,4.44
SMBC,2026-07-20,15700.0,9.36,3.92
TTLC,2026-07-20,2875.0,19.92,6.81
TTLS,2026-07-20,3800.0,18.26,4.65
ECOC,2026-07-20,15715.0,13.63,4.97
SGBC,2026-07-20,38000.0,11.66,4.33
SIBC,2026-07-20,8805.0,15.84,3.75
ONTBF,2026-07-20,2675.0,12.53,5.43
ORAC,2026-07-20,16150.0,14.5,4.36
SNTS,2026-07-20,32000.0,7.74,5.44
SCRC,2026-07-20,3720.0,,1.09
SICC,2026-07-20,5600.0,,
SLBC,2026-07-20,39005.0,14.02,2.75
SOGC,2026-07-20,8000.0,13.83,6.6
STBC,2026-07-20,23495.0,11.57,8.92
UNLC,2026-07-20,52000.0,745.76,
ABJC,2026-07-20,2950.0,24.19,6.99
BNBC,2026-07-20,1990.0,590.63,7.54
CFAC,2026-07-20,1700.0,36.63,0.41
LNBB,2026-07-20,4100.0,17.74,6.72
NEIC,2026-07-20,2190.0,13.73,3.73
PRSC,2026-07-20,4600.0,19.9,3.96
UNXC,2026-07-20,1870.0,,3.25
SHEC,2026-07-20,2105.0,22.0,3.58
BICB,2026-07-20,6450.0,10.28,3.95
BICC,2026-07-20,28000.0,12.78,4.13
BOAB,2026-07-20,8600.0,17.35,6.8
BOABF,2026-07-20,6950.0,15.88,5.71
BOAC,2026-07-20,9790.0,11.02,6.1
BOAM,2026-07-20,5700.0,14.12,5.35
BOAN,2026-07-20,5385.0,273.68,3.89
BOAS,2026-07-20,7550.0,12.41,5.96
CBIBF,2026-07-20,27500.0,13.44,3.27
ETIT,2026-07-20,63.0,3.3,1.46
NSBC,2026-07-20,22560.0,13.71,2.96
ORGT,2026-07-20,2690.0,8.63,2.21
SAFC,2026-07-20,4200.0,48.65,
CABC,2026-07-20,3695.0,15.2,4.11
FTSC,2026-07-20,1985.0,60.08,86.98
SDSC,2026-07-20,2820.0,7.29,3.26
SEMC,2026-07-20,1410.0,35.09,0.99
SIVC,2026-07-20,2300.0,112.04,
STAC,2026-07-20,3195.0,,2.07
CIEC,2026-07-20,5190.0,22.14,3.05
SDCC,2026-07-20,11900.0,18.21,2.96
NTLC,2026-07-22,16100.0,19.28,4.48
PALC,2026-07-22,8800.0,8.77,5.01
SPHC,2026-07-22,7350.0,7.52,4.41
SMBC,2026-07-22,16650.0,9.93,3.7
TTLC,2026-07-22,2950.0,20.44,6.63
TTLS,2026-07-22,3700.0,17.78,4.77
ECOC,2026-07-22,15715.0,13.63,4.97
SGBC,2026-07-22,38000.0,11.66,4.33
SIBC,2026-07-22,8800.0,15.83,3.75
ONTBF,2026-07-22,2745.0,12.86,5.29
ORAC,2026-07-22,16005.0,14.37,4.4
SNTS,2026-07-22,31500.0,7.62,5.52
SCRC,2026-07-22,3550.0,,1.14
SICC,2026-07-22,5600.0,,
SLBC,2026-07-22,38995.0,14.02,2.75
SOGC,2026-07-22,8200.0,14.18,6.44
STBC,2026-07-22,23500.0,11.57,8.92
UNLC,2026-07-22,52000.0,745.76,
ABJC,2026-07-22,3180.0,26.07,6.48
BNBC,2026-07-22,1975.0,586.18,7.59
CFAC,2026-07-22,1695.0,36.53,0.42
LNBB,2026-07-22,4310.0,18.65,6.39
NEIC,2026-07-22,2200.0,13.79,3.72
PRSC,2026-07-22,4630.0,20.03,3.93
UNXC,2026-07-22,1890.0,,3.21
SHEC,2026-07-22,2205.0,23.04,3.41
BICB,2026-07-22,6595.0,10.51,3.86
BICC,2026-07-22,28050.0,12.8,4.13
BOAB,2026-07-22,8700.0,17.55,6.72
BOABF,2026-07-22,7200.0,16.46,5.51
BOAC,2026-07-22,9875.0,11.11,6.05
BOAM,2026-07-22,5630.0,13.95,5.42
BOAN,2026-07-22,5200.0,264.28,4.02
BOAS,2026-07-22,7495.0,12.32,6.0
CBIBF,2026-07-22,26450.0,12.92,3.4
ETIT,2026-07-22,70.0,3.66,1.31
NSBC,2026-07-22,22900.0,13.91,2.92
ORGT,2026-07-22,2680.0,8.6,2.22
SAFC,2026-07-22,4580.0,53.05,
CABC,2026-07-22,3850.0,15.83,3.95
FTSC,2026-07-22,1985.0,60.08,86.98
SDSC,2026-07-22,2770.0,7.16,3.32
SEMC,2026-07-22,1430.0,35.59,0.98
SIVC,2026-07-22,2250.0,109.61,
STAC,2026-07-22,2990.0,,2.21
CIEC,2026-07-22,5200.0,22.18,3.05
SDCC,2026-07-22,11900.0,18.21,2.96
NTLC,2026-07-24,16490.0,19.75,4.38
PALC,2026-07-24,8700.0,8.67,5.07
SPHC,2026-07-24,7600.0,7.78,4.26
SMBC,2026-07-24,16000.0,9.54,3.85
TTLC,2026-07-24,2995.0,20.75,6.53
TTLS,2026-07-24,3750.0,18.02,4.71
ECOC,2026-07-24,16245.0,14.09,4.81
SGBC,2026-07-24,38000.0,11.66,4.33
SIBC,2026-07-24,8900.0,16.01,3.71
ONTBF,2026-07-24,2800.0,13.11,5.19
ORAC,2026-07-24,16725.0,15.02,4.21
SNTS,2026-07-24,31495.0,7.62,5.52
SCRC,2026-07-24,3495.0,,1.16
SICC,2026-07-24,5300.0,,
SLBC,2026-07-24,39495.0,14.2,2.72
SOGC,2026-07-24,8220.0,14.21,6.42
STBC,2026-07-24,23190.0,11.42,9.04
UNLC,2026-07-24,52000.0,745.76,
ABJC,2026-07-24,3145.0,25.78,6.56
BNBC,2026-07-24,1985.0,589.15,7.56
CFAC,2026-07-24,1680.0,36.2,0.42
LNBB,2026-07-24,4305.0,18.63,6.4
NEIC,2026-07-24,2250.0,14.1,3.63
PRSC,2026-07-24,4610.0,19.94,3.95
UNXC,2026-07-24,1850.0,,3.28
SHEC,2026-07-24,2195.0,22.94,3.43
BICB,2026-07-24,7615.0,12.14,3.34
BICC,2026-07-24,28305.0,12.92,4.09
BOAB,2026-07-24,8600.0,17.35,6.8
BOABF,2026-07-24,7150.0,16.34,5.55
BOAC,2026-07-24,10200.0,11.48,5.86
BOAM,2026-07-24,5600.0,13.87,5.45
BOAN,2026-07-24,5300.0,269.36,3.95
BOAS,2026-07-24,7845.0,12.89,5.74
CBIBF,2026-07-24,27000.0,13.19,3.33
ETIT,2026-07-24,73.0,3.82,1.26
NSBC,2026-07-24,23400.0,14.22,2.86
ORGT,2026-07-24,2700.0,8.66,2.2
SAFC,2026-07-24,4750.0,55.02,
CABC,2026-07-24,3795.0,15.61,4.01
FTSC,2026-07-24,1985.0,60.08,86.98
SDSC,2026-07-24,2760.0,7.13,3.33
SEMC,2026-07-24,1515.0,37.71,0.92
SIVC,2026-07-24,2250.0,109.61,
STAC,2026-07-24,2905.0,,2.28
CIEC,2026-07-24,5095.0,22.61,3.89
SDCC,2026-07-24,11825.0,18.1,2.98
NTLC,2026-06-01,12990.0,15.56,5.56
PALC,2026-06-01,7975.0,7.95,5.66
SPHC,2026-06-01,7100.0,7.27,4.56
SMBC,2026-06-01,13300.0,7.93,4.63
TTLC,2026-06-01,2850.0,19.75,6.87
TTLS,2026-06-01,3365.0,16.17,6.61
ECOC,2026-06-01,16250.0,14.09,4.81
SGBC,2026-06-01,37000.0,11.36,4.45
SIBC,2026-06-01,8500.0,15.29,3.88
ONTBF,2026-06-01,2900.0,13.58,6.54
ORAC,2026-06-01,16000.0,14.37,4.13
SNTS,2026-06-01,28400.0,6.87,6.13
SCRC,2026-06-01,2770.0,,1.46
SICC,2026-06-01,4270.0,133.12,
SLBC,2026-06-01,38000.0,13.66,2.83
SOGC,2026-06-01,7490.0,12.95,7.05
STBC,2026-06-01,21300.0,10.58,9.84
UNLC,2026-06-01,57100.0,818.9,
ABJC,2026-06-01,3210.0,26.32,6.42
BNBC,2026-06-01,1700.0,504.56,8.82
CFAC,2026-06-01,1505.0,58.16,0.47
LNBB,2026-06-01,3850.0,16.66,7.16
NEIC,2026-06-01,1990.0,12.47,4.11
PRSC,2026-06-01,4155.0,17.97,4.38
UNXC,2026-06-01,1780.0,,3.41
SHEC,2026-06-01,1915.0,20.01,3.93
BICB,2026-06-01,5250.0,9.99,4.85
BICC,2026-06-01,28300.0,12.92,2.94
BOAB,2026-06-01,8800.0,17.75,6.65
BOABF,2026-06-01,5585.0,12.76,7.11
BOAC,2026-06-01,8995.0,11.23,6.64
BOAM,2026-06-01,4940.0,12.99,5.82
BOAN,2026-06-01,3700.0,188.04,5.66
BOAS,2026-06-01,7565.0,12.43,5.95
CBIBF,2026-06-01,21510.0,10.51,2.58
ETIT,2026-06-01,30.0,1.57,2.02
NSBC,2026-06-01,18000.0,10.94,3.71
ORGT,2026-06-01,2630.0,8.44,2.26
SAFC,2026-06-01,3595.0,41.64,
CABC,2026-06-01,3465.0,14.25,4.39
FTSC,2026-06-01,2340.0,1.77,73.78
SDSC,2026-06-01,1880.0,4.86,4.89
SEMC,2026-06-01,1545.0,38.45,0.91
SIVC,2026-06-01,2860.0,66.27,
STAC,2026-06-01,2815.0,,2.35
CIEC,2026-06-01,4200.0,17.92,3.77
SDCC,2026-06-01,11025.0,16.87,3.19
NTLC,2026-06-02,12900.0,15.45,5.59
PALC,2026-06-02,8000.0,7.97,5.64
SPHC,2026-06-02,7305.0,7.48,4.43
SMBC,2026-06-02,13690.0,8.16,4.5
TTLC,2026-06-02,2900.0,20.09,6.75
TTLS,2026-06-02,3365.0,16.17,6.61
ECOC,2026-06-02,16345.0,14.17,4.78
SGBC,2026-06-02,37200.0,11.42,4.42
SIBC,2026-06-02,8770.0,15.77,3.76
ONTBF,2026-06-02,2900.0,13.58,6.54
ORAC,2026-06-02,15705.0,14.1,4.2
SNTS,2026-06-02,28300.0,6.84,6.15
SCRC,2026-06-02,2780.0,,1.46
SICC,2026-06-02,4270.0,133.12,
SLBC,2026-06-02,39300.0,14.13,2.73
SOGC,2026-06-02,7990.0,13.82,6.61
STBC,2026-06-02,21315.0,10.58,9.83
UNLC,2026-06-02,55000.0,788.79,
ABJC,2026-06-02,3230.0,26.48,6.38
BNBC,2026-06-02,1700.0,504.56,8.82
CFAC,2026-06-02,1530.0,59.12,0.46
LNBB,2026-06-02,3845.0,16.64,7.17
NEIC,2026-06-02,1995.0,12.5,4.1
PRSC,2026-06-02,4300.0,18.6,4.24
UNXC,2026-06-02,1790.0,,3.39
SHEC,2026-06-02,2000.0,20.9,3.76
BICB,2026-06-02,5350.0,10.18,4.76
BICC,2026-06-02,29000.0,13.23,2.86
BOAB,2026-06-02,8710.0,17.57,6.72
BOABF,2026-06-02,5590.0,12.78,7.1
BOAC,2026-06-02,8800.0,10.98,6.79
BOAM,2026-06-02,4980.0,12.34,6.13
BOAN,2026-06-02,3695.0,187.79,5.66
BOAS,2026-06-02,7290.0,11.98,6.17
CBIBF,2026-06-02,22500.0,10.99,2.47
ETIT,2026-06-02,30.0,1.57,2.02
NSBC,2026-06-02,17990.0,10.93,3.71
ORGT,2026-06-02,2800.0,8.98,2.13
SAFC,2026-06-02,3860.0,44.71,
CABC,2026-06-02,3400.0,13.98,4.47
FTSC,2026-06-02,2335.0,1.77,73.94
SDSC,2026-06-02,1920.0,4.96,4.79
SEMC,2026-06-02,1660.0,41.32,0.84
SIVC,2026-06-02,2845.0,65.92,
STAC,2026-06-02,3000.0,,2.21
CIEC,2026-06-02,4515.0,19.26,3.51
SDCC,2026-06-02,11000.0,16.83,3.2
NTLC,2026-06-03,12900.0,15.45,5.59
PALC,2026-06-03,8300.0,8.27,5.44
SPHC,2026-06-03,7495.0,7.67,4.32
SMBC,2026-06-03,13500.0,8.05,4.56
TTLC,2026-06-03,2905.0,20.13,6.74
TTLS,2026-06-03,3365.0,16.17,6.61
ECOC,2026-06-03,16345.0,14.17,4.78
SGBC,2026-06-03,36990.0,11.35,4.45
SIBC,2026-06-03,8830.0,15.88,3.74
ONTBF,2026-06-03,2900.0,13.58,6.54
ORAC,2026-06-03,16200.0,14.54,4.07
SNTS,2026-06-03,30000.0,7.25,5.8
SCRC,2026-06-03,2845.0,,1.42
SICC,2026-06-03,4380.0,136.55,
SLBC,2026-06-03,39000.0,14.02,2.75
SOGC,2026-06-03,8285.0,14.33,6.37
STBC,2026-06-03,21500.0,10.68,9.75
UNLC,2026-06-03,55200.0,791.65,
ABJC,2026-06-03,3055.0,25.05,6.75
BNBC,2026-06-03,1700.0,504.56,8.82
CFAC,2026-06-03,1545.0,59.7,0.46
LNBB,2026-06-03,3835.0,16.59,7.18
NEIC,2026-06-03,1990.0,12.47,4.11
PRSC,2026-06-03,4345.0,18.79,4.19
UNXC,2026-06-03,1800.0,,3.38
SHEC,2026-06-03,2095.0,21.9,3.59
BICB,2026-06-03,5365.0,10.21,4.75
BICC,2026-06-03,28975.0,13.22,2.87
BOAB,2026-06-03,8795.0,17.74,6.65
BOABF,2026-06-03,5580.0,12.75,7.11
BOAC,2026-06-03,8895.0,11.1,6.72
BOAM,2026-06-03,4890.0,12.11,6.24
BOAN,2026-06-03,3740.0,190.08,5.59
BOAS,2026-06-03,7500.0,12.33,6.0
CBIBF,2026-06-03,20900.0,10.21,2.66
ETIT,2026-06-03,31.0,1.62,1.95
NSBC,2026-06-03,18645.0,11.33,3.58
ORGT,2026-06-03,2855.0,9.16,2.08
SAFC,2026-06-03,3890.0,45.06,
CABC,2026-06-03,3650.0,15.01,4.16
FTSC,2026-06-03,2415.0,1.83,71.49
SDSC,2026-06-03,1950.0,5.04,4.72
SEMC,2026-06-03,1660.0,41.32,0.84
SIVC,2026-06-03,2685.0,62.21,
STAC,2026-06-03,2775.0,,2.38
CIEC,2026-06-03,4800.0,20.48,3.3
SDCC,2026-06-03,11000.0,16.83,3.2
NTLC,2026-06-04,12995.0,15.56,5.55
PALC,2026-06-04,7680.0,7.66,5.88
SPHC,2026-06-04,7600.0,7.78,4.26
SMBC,2026-06-04,13500.0,8.05,4.56
TTLC,2026-06-04,2890.0,20.02,6.77
TTLS,2026-06-04,3490.0,16.77,6.37
ECOC,2026-06-04,16345.0,14.17,4.78
SGBC,2026-06-04,37400.0,11.48,4.4
SIBC,2026-06-04,8920.0,16.04,3.7
ONTBF,2026-06-04,3070.0,14.38,6.17
ORAC,2026-06-04,16275.0,15.24,4.15
SNTS,2026-06-04,29490.0,7.13,5.9
SCRC,2026-06-04,2780.0,,1.46
SICC,2026-06-04,4450.0,138.74,
SLBC,2026-06-04,38980.0,14.02,2.75
SOGC,2026-06-04,8550.0,14.78,6.18
STBC,2026-06-04,21860.0,10.86,9.59
UNLC,2026-06-04,58000.0,831.81,
ABJC,2026-06-04,3050.0,25.0,6.76
BNBC,2026-06-04,1650.0,489.72,9.09
CFAC,2026-06-04,1570.0,60.67,0.45
LNBB,2026-06-04,3835.0,16.59,7.18
NEIC,2026-06-04,1990.0,12.47,4.11
PRSC,2026-06-04,4345.0,18.79,4.19
UNXC,2026-06-04,1865.0,,3.26
SHEC,2026-06-04,2075.0,21.69,3.63
BICB,2026-06-04,5355.0,10.19,4.75
BICC,2026-06-04,28970.0,13.22,2.87
BOAB,2026-06-04,8795.0,17.74,6.65
BOABF,2026-06-04,5590.0,12.78,7.1
BOAC,2026-06-04,8840.0,11.03,6.76
BOAM,2026-06-04,4690.0,11.62,6.5
BOAN,2026-06-04,3740.0,190.08,5.59
BOAS,2026-06-04,7450.0,12.24,6.04
CBIBF,2026-06-04,21200.0,10.36,2.62
ETIT,2026-06-04,32.0,1.67,1.89
NSBC,2026-06-04,18995.0,11.54,3.52
ORGT,2026-06-04,2865.0,9.19,2.08
SAFC,2026-06-04,3800.0,44.02,
CABC,2026-06-04,3700.0,15.22,4.11
FTSC,2026-06-04,2410.0,1.83,71.64
SDSC,2026-06-04,2080.0,5.37,4.42
SEMC,2026-06-04,1695.0,42.19,0.83
SIVC,2026-06-04,2820.0,65.34,
STAC,2026-06-04,2800.0,,2.36
CIEC,2026-06-04,4950.0,21.12,3.2
SDCC,2026-06-04,11050.0,16.91,3.19
NTLC,2026-06-05,13200.0,15.81,5.47
PALC,2026-06-05,8255.0,8.23,5.47
SPHC,2026-06-05,7720.0,7.9,4.19
SMBC,2026-06-05,13330.0,7.95,4.62
TTLC,2026-06-05,2890.0,20.02,6.77
TTLS,2026-06-05,3495.0,16.8,6.36
ECOC,2026-06-05,16400.0,14.22,4.76
SGBC,2026-06-05,37505.0,11.51,4.39
SIBC,2026-06-05,9000.0,16.19,3.67
ONTBF,2026-06-05,2905.0,13.61,6.52
ORAC,2026-06-05,16605.0,14.91,4.24
SNTS,2026-06-05,28500.0,6.89,6.11
SCRC,2026-06-05,2785.0,,1.45
SICC,2026-06-05,4490.0,139.98,
SLBC,2026-06-05,38500.0,13.84,2.79
SOGC,2026-06-05,8305.0,14.36,6.36
STBC,2026-06-05,21860.0,10.86,9.59
UNLC,2026-06-05,58000.0,831.81,
ABJC,2026-06-05,2900.0,23.78,7.11
BNBC,2026-06-05,1650.0,489.72,9.09
CFAC,2026-06-05,1580.0,61.06,0.45
LNBB,2026-06-05,3830.0,16.57,7.19
NEIC,2026-06-05,1995.0,12.5,4.1
PRSC,2026-06-05,4335.0,18.75,4.2
UNXC,2026-06-05,1880.0,,3.23
SHEC,2026-06-05,2035.0,21.27,3.7
BICB,2026-06-05,5455.0,10.38,4.67
BICC,2026-06-05,28970.0,13.22,2.87
BOAB,2026-06-05,8780.0,17.71,6.66
BOABF,2026-06-05,5590.0,12.78,7.1
BOAC,2026-06-05,8880.0,11.08,6.73
BOAM,2026-06-05,4675.0,11.58,6.52
BOAN,2026-06-05,3705.0,188.3,5.65
BOAS,2026-06-05,7420.0,12.19,6.06
CBIBF,2026-06-05,22000.0,10.75,2.52
ETIT,2026-06-05,31.0,1.62,1.95
NSBC,2026-06-05,19150.0,11.63,3.49
ORGT,2026-06-05,2900.0,9.3,2.05
SAFC,2026-06-05,3700.0,42.86,
CABC,2026-06-05,3975.0,16.35,3.82
FTSC,2026-06-05,2430.0,1.84,71.05
SDSC,2026-06-05,2055.0,5.31,4.48
SEMC,2026-06-05,1650.0,41.07,0.85
SIVC,2026-06-05,2830.0,65.57,
STAC,2026-06-05,2960.0,,2.23
CIEC,2026-06-05,5320.0,22.7,2.98
SDCC,2026-06-05,11100.0,16.99,3.17
NTLC,2026-06-08,13490.0,16.16,5.35
PALC,2026-06-08,8495.0,8.47,5.31
SPHC,2026-06-08,7580.0,7.76,4.27
SMBC,2026-06-08,14325.0,8.54,4.3
TTLC,2026-06-08,2825.0,19.57,6.93
TTLS,2026-06-08,3490.0,16.77,6.37
ECOC,2026-06-08,16400.0,14.22,4.76
SGBC,2026-06-08,38950.0,11.96,4.23
SIBC,2026-06-08,8875.0,15.96,3.72
ONTBF,2026-06-08,2990.0,14.0,6.34
ORAC,2026-06-08,16000.0,14.37,4.4
SNTS,2026-06-08,28500.0,6.89,6.11
SCRC,2026-06-08,2800.0,,1.45
SICC,2026-06-08,4490.0,139.98,
SLBC,2026-06-08,38020.0,13.67,2.82
SOGC,2026-06-08,8300.0,14.35,6.36
STBC,2026-06-08,21995.0,10.92,9.53
UNLC,2026-06-08,58000.0,831.81,
ABJC,2026-06-08,2900.0,23.78,7.11
BNBC,2026-06-08,1675.0,497.14,8.96
CFAC,2026-06-08,1570.0,60.67,0.45
LNBB,2026-06-08,3835.0,16.59,7.18
NEIC,2026-06-08,1995.0,12.5,4.1
PRSC,2026-06-08,4250.0,18.38,4.29
UNXC,2026-06-08,1890.0,,3.21
SHEC,2026-06-08,2075.0,21.69,3.63
BICB,2026-06-08,5555.0,10.57,4.58
BICC,2026-06-08,28965.0,13.22,2.87
BOAB,2026-06-08,8700.0,17.55,6.72
BOABF,2026-06-08,5550.0,12.68,7.15
BOAC,2026-06-08,8900.0,11.11,6.71
BOAM,2026-06-08,4665.0,11.56,6.54
BOAN,2026-06-08,3700.0,188.04,5.66
BOAS,2026-06-08,7450.0,12.24,6.04
CBIBF,2026-06-08,22000.0,10.75,2.52
ETIT,2026-06-08,33.0,1.73,1.83
NSBC,2026-06-08,19250.0,11.7,3.47
ORGT,2026-06-08,2850.0,9.14,2.09
SAFC,2026-06-08,3710.0,42.97,
CABC,2026-06-08,4100.0,16.86,3.71
FTSC,2026-06-08,2295.0,1.74,75.23
SDSC,2026-06-08,2030.0,5.24,4.53
SEMC,2026-06-08,1620.0,40.32,0.86
SIVC,2026-06-08,2840.0,65.8,
STAC,2026-06-08,2900.0,,2.28
CIEC,2026-06-08,5095.0,21.74,3.11
SDCC,2026-06-08,11700.0,17.91,3.01
NTLC,2026-06-09,14225.0,17.04,5.07
PALC,2026-06-09,8685.0,8.66,5.2
SPHC,2026-06-09,7550.0,7.73,4.29
SMBC,2026-06-09,15380.0,9.17,4.01
TTLC,2026-06-09,2805.0,19.44,6.98
TTLS,2026-06-09,3475.0,16.7,6.4
ECOC,2026-06-09,16800.0,14.57,4.65
SGBC,2026-06-09,39060.0,11.99,4.21
SIBC,2026-06-09,8510.0,15.31,3.88
ONTBF,2026-06-09,2950.0,13.82,6.42
ORAC,2026-06-09,15950.0,14.32,4.41
SNTS,2026-06-09,28420.0,6.87,6.12
SCRC,2026-06-09,2850.0,,1.42
SICC,2026-06-09,4490.0,139.98,
SLBC,2026-06-09,37005.0,13.31,2.9
SOGC,2026-06-09,8490.0,14.68,6.22
STBC,2026-06-09,21900.0,10.87,9.57
UNLC,2026-06-09,59300.0,850.45,
ABJC,2026-06-09,2915.0,23.9,7.07
BNBC,2026-06-09,1630.0,483.78,9.2
CFAC,2026-06-09,1575.0,60.86,0.45
LNBB,2026-06-09,3835.0,16.59,7.18
NEIC,2026-06-09,1960.0,12.29,4.17
PRSC,2026-06-09,4250.0,18.38,4.29
UNXC,2026-06-09,1905.0,,3.19
SHEC,2026-06-09,2075.0,21.69,3.63
BICB,2026-06-09,5590.0,10.64,4.55
BICC,2026-06-09,28900.0,13.19,2.87
BOAB,2026-06-09,8745.0,17.64,6.69
BOABF,2026-06-09,5595.0,12.79,7.1
BOAC,2026-06-09,8890.0,11.1,6.72
BOAM,2026-06-09,4630.0,11.47,6.59
BOAN,2026-06-09,3740.0,190.08,5.59
BOAS,2026-06-09,7400.0,12.16,6.08
CBIBF,2026-06-09,21500.0,10.5,2.58
ETIT,2026-06-09,33.0,1.73,1.83
NSBC,2026-06-09,19250.0,11.7,3.47
ORGT,2026-06-09,2775.0,8.9,2.14
SAFC,2026-06-09,3700.0,42.86,
CABC,2026-06-09,4000.0,16.45,3.8
FTSC,2026-06-09,2275.0,1.73,75.89
SDSC,2026-06-09,2000.0,5.17,4.6
SEMC,2026-06-09,1600.0,39.82,0.88
SIVC,2026-06-09,2845.0,65.92,
STAC,2026-06-09,3115.0,,2.12
CIEC,2026-06-09,5050.0,21.54,3.14
SDCC,2026-06-09,12000.0,18.36,2.93
NTLC,2026-06-12,15000.0,17.97,4.81
PALC,2026-06-12,8780.0,8.75,5.14
SPHC,2026-06-12,7685.0,7.87,4.21
SMBC,2026-06-12,16250.0,9.69,3.79
TTLC,2026-06-12,2870.0,19.89,6.82
TTLS,2026-06-12,3425.0,16.46,6.49
ECOC,2026-06-12,16795.0,14.56,4.65
SGBC,2026-06-12,38995.0,11.97,4.22
SIBC,2026-06-12,8820.0,15.86,3.74
ONTBF,2026-06-12,2815.0,13.19,5.16
ORAC,2026-06-12,15650.0,14.05,4.5
SNTS,2026-06-12,28400.0,6.87,6.13
SCRC,2026-06-12,3195.0,,1.27
SICC,2026-06-12,4480.0,,
SLBC,2026-06-12,39000.0,14.02,2.75
SOGC,2026-06-12,8495.0,14.69,6.22
STBC,2026-06-12,21900.0,10.87,9.57
UNLC,2026-06-12,58000.0,831.81,
ABJC,2026-06-12,3350.0,27.46,6.16
BNBC,2026-06-12,1880.0,557.98,7.98
CFAC,2026-06-12,1600.0,61.83,0.44
LNBB,2026-06-12,3835.0,16.59,7.18
NEIC,2026-06-12,2115.0,13.26,3.87
PRSC,2026-06-12,4075.0,17.63,4.47
UNXC,2026-06-12,1970.0,,3.08
SHEC,2026-06-12,2080.0,21.74,3.62
BICB,2026-06-12,5540.0,10.55,4.6
BICC,2026-06-12,28495.0,13.0,2.92
BOAB,2026-06-12,8780.0,17.71,6.66
BOABF,2026-06-12,5585.0,12.76,7.11
BOAC,2026-06-12,8950.0,10.07,6.68
BOAM,2026-06-12,4630.0,11.47,6.59
BOAN,2026-06-12,3700.0,188.04,5.66
BOAS,2026-06-12,7325.0,12.04,6.14
CBIBF,2026-06-12,21800.0,10.65,2.55
ETIT,2026-06-12,32.0,1.67,1.89
NSBC,2026-06-12,19150.0,11.63,3.49
ORGT,2026-06-12,2710.0,8.69,2.2
SAFC,2026-06-12,3700.0,42.86,
CABC,2026-06-12,4000.0,16.45,3.8
FTSC,2026-06-12,2230.0,67.49,77.42
SDSC,2026-06-12,1980.0,5.12,4.65
SEMC,2026-06-12,1570.0,39.08,0.89
SIVC,2026-06-12,2830.0,65.57,
STAC,2026-06-12,3550.0,,1.86
CIEC,2026-06-12,4995.0,21.31,3.17
SDCC,2026-06-12,12195.0,18.66,2.89
NTLC,2026-06-15,15150.0,18.15,4.76
PALC,2026-06-15,8775.0,8.75,5.14
SPHC,2026-06-15,7600.0,7.78,4.26
SMBC,2026-06-15,16250.0,9.69,3.79
TTLC,2026-06-15,2870.0,19.89,6.82
TTLS,2026-06-15,3350.0,16.1,6.64
ECOC,2026-06-15,16770.0,14.54,4.66
SGBC,2026-06-15,38900.0,11.94,4.23
SIBC,2026-06-15,8800.0,15.83,3.75
ONTBF,2026-06-15,2850.0,13.35,5.1
ORAC,2026-06-15,15800.0,14.19,4.46
SNTS,2026-06-15,28400.0,6.87,6.13
SCRC,2026-06-15,3150.0,,1.29
SICC,2026-06-15,4480.0,,
SLBC,2026-06-15,38900.0,13.99,2.76
SOGC,2026-06-15,8485.0,14.67,6.22
STBC,2026-06-15,22000.0,10.92,9.53
UNLC,2026-06-15,55600.0,797.39,
ABJC,2026-06-15,3500.0,28.69,5.89
BNBC,2026-06-15,1880.0,557.98,7.98
CFAC,2026-06-15,1610.0,62.22,0.44
LNBB,2026-06-15,3850.0,16.66,7.16
NEIC,2026-06-15,2230.0,13.98,3.67
PRSC,2026-06-15,4100.0,17.73,4.44
UNXC,2026-06-15,1980.0,,3.07
SHEC,2026-06-15,2080.0,21.74,3.62
BICB,2026-06-15,5600.0,10.66,4.55
BICC,2026-06-15,28295.0,12.91,2.94
BOAB,2026-06-15,8750.0,17.65,6.69
BOABF,2026-06-15,5400.0,12.34,7.35
BOAC,2026-06-15,8915.0,10.03,6.7
BOAM,2026-06-15,4505.0,11.16,6.77
BOAN,2026-06-15,3705.0,188.3,5.65
BOAS,2026-06-15,7285.0,11.97,6.18
CBIBF,2026-06-15,22085.0,10.79,2.51
ETIT,2026-06-15,32.0,1.67,1.89
NSBC,2026-06-15,19120.0,11.62,3.49
ORGT,2026-06-15,2715.0,8.71,2.19
SAFC,2026-06-15,3700.0,42.86,
CABC,2026-06-15,4005.0,16.47,3.8
FTSC,2026-06-15,2215.0,67.04,77.95
SDSC,2026-06-15,2125.0,5.49,4.33
SEMC,2026-06-15,1580.0,39.33,0.89
SIVC,2026-06-15,2800.0,64.88,
STAC,2026-06-15,3500.0,,1.89
CIEC,2026-06-15,4995.0,21.31,3.17
SDCC,2026-06-15,12050.0,18.44,2.92
NTLC,2026-06-16,14850.0,17.79,4.86
PALC,2026-06-16,8775.0,8.75,5.14
SPHC,2026-06-16,7590.0,7.77,4.27
SMBC,2026-06-16,16000.0,9.54,3.85
TTLC,2026-06-16,2800.0,19.4,6.99
TTLS,2026-06-16,3395.0,16.32,6.55
ECOC,2026-06-16,16500.0,14.31,4.74
SGBC,2026-06-16,38800.0,11.91,4.24
SIBC,2026-06-16,8650.0,15.56,3.82
ONTBF,2026-06-16,2805.0,13.14,5.18
ORAC,2026-06-16,15850.0,14.23,4.44
SNTS,2026-06-16,28205.0,6.82,6.17
SCRC,2026-06-16,3100.0,,1.31
SICC,2026-06-16,4460.0,,
SLBC,2026-06-16,39000.0,14.02,2.75
SOGC,2026-06-16,8395.0,14.52,6.29
STBC,2026-06-16,22095.0,10.97,9.49
UNLC,2026-06-16,55800.0,800.26,
ABJC,2026-06-16,3570.0,29.27,5.78
BNBC,2026-06-16,1900.0,563.92,7.89
CFAC,2026-06-16,1645.0,63.57,0.43
LNBB,2026-06-16,3900.0,16.87,7.06
NEIC,2026-06-16,2345.0,14.7,3.49
PRSC,2026-06-16,4105.0,17.76,4.44
UNXC,2026-06-16,1970.0,,3.08
SHEC,2026-06-16,2040.0,21.32,3.69
BICB,2026-06-16,5600.0,10.66,4.55
BICC,2026-06-16,27750.0,12.66,2.99
BOAB,2026-06-16,8700.0,17.55,6.72
BOABF,2026-06-16,5300.0,12.11,7.49
BOAC,2026-06-16,8970.0,10.1,6.66
BOAM,2026-06-16,4435.0,10.99,6.88
BOAN,2026-06-16,3705.0,188.3,5.65
BOAS,2026-06-16,7285.0,11.97,6.18
CBIBF,2026-06-16,22000.0,10.75,2.52
ETIT,2026-06-16,33.0,1.73,1.83
NSBC,2026-06-16,19075.0,11.59,3.5
ORGT,2026-06-16,2730.0,8.76,2.18
SAFC,2026-06-16,3945.0,45.7,
CABC,2026-06-16,4025.0,16.55,3.78
FTSC,2026-06-16,2190.0,66.28,78.84
SDSC,2026-06-16,2280.0,5.89,4.04
SEMC,2026-06-16,1590.0,39.57,0.88
SIVC,2026-06-16,2795.0,64.76,
STAC,2026-06-16,3495.0,,1.89
CIEC,2026-06-16,4995.0,21.31,3.17
SDCC,2026-06-16,12005.0,18.37,2.93
NTLC,2026-06-17,14650.0,17.55,4.93
PALC,2026-06-17,8625.0,8.6,5.23
SPHC,2026-06-17,7590.0,7.77,4.27
SMBC,2026-06-17,15515.0,9.25,3.97
TTLC,2026-06-17,2850.0,19.75,6.87
TTLS,2026-06-17,3460.0,16.63,6.43
ECOC,2026-06-17,16400.0,14.22,4.76
SGBC,2026-06-17,39000.0,11.97,4.22
SIBC,2026-06-17,8650.0,15.56,3.82
ONTBF,2026-06-17,2840.0,13.3,5.12
ORAC,2026-06-17,15805.0,14.19,4.45
SNTS,2026-06-17,28200.0,6.82,6.17
SCRC,2026-06-17,2990.0,,1.35
SICC,2026-06-17,4460.0,,
SLBC,2026-06-17,39000.0,14.02,2.75
SOGC,2026-06-17,8280.0,14.32,6.38
STBC,2026-06-17,22500.0,11.17,9.32
UNLC,2026-06-17,56000.0,803.13,
ABJC,2026-06-17,3495.0,28.65,5.9
BNBC,2026-06-17,1960.0,581.73,7.65
CFAC,2026-06-17,1765.0,68.21,0.4
LNBB,2026-06-17,3985.0,17.24,6.91
NEIC,2026-06-17,2385.0,14.95,3.43
PRSC,2026-06-17,4410.0,19.08,4.13
UNXC,2026-06-17,1945.0,,3.12
SHEC,2026-06-17,2085.0,21.79,3.61
BICB,2026-06-17,5805.0,11.05,4.39
BICC,2026-06-17,28200.0,12.87,2.95
BOAB,2026-06-17,8900.0,17.95,6.57
BOABF,2026-06-17,5380.0,12.3,7.38
BOAC,2026-06-17,9090.0,10.23,6.57
BOAM,2026-06-17,4450.0,11.02,6.85
BOAN,2026-06-17,3760.0,191.09,5.57
BOAS,2026-06-17,7350.0,12.08,6.12
CBIBF,2026-06-17,21500.0,10.94,4.02
ETIT,2026-06-17,32.0,1.67,1.89
NSBC,2026-06-17,18950.0,11.51,3.53
ORGT,2026-06-17,2690.0,8.63,2.21
SAFC,2026-06-17,3940.0,45.64,
CABC,2026-06-17,4015.0,16.51,3.79
FTSC,2026-06-17,2175.0,65.83,79.38
SDSC,2026-06-17,2310.0,5.97,3.98
SEMC,2026-06-17,1520.0,37.83,0.92
SIVC,2026-06-17,2795.0,64.76,
STAC,2026-06-17,3500.0,,1.89
CIEC,2026-06-17,4755.0,20.28,3.33
SDCC,2026-06-17,11900.0,18.21,2.96
NTLC,2026-06-18,15095.0,18.08,4.78
PALC,2026-06-18,8650.0,8.62,5.22
SPHC,2026-06-18,7575.0,7.75,4.28
SMBC,2026-06-18,15850.0,9.45,3.89
TTLC,2026-06-18,2845.0,19.71,6.88
TTLS,2026-06-18,3495.0,16.8,6.36
ECOC,2026-06-18,16500.0,14.31,4.74
SGBC,2026-06-18,39000.0,11.97,4.22
SIBC,2026-06-18,8650.0,15.56,3.82
ONTBF,2026-06-18,2750.0,12.88,5.28
ORAC,2026-06-18,15900.0,14.28,4.43
SNTS,2026-06-18,28000.0,6.77,6.21
SCRC,2026-06-18,3000.0,,1.35
SICC,2026-06-18,4460.0,,
SLBC,2026-06-18,39000.0,14.02,2.75
SOGC,2026-06-18,8300.0,14.35,6.36
STBC,2026-06-18,22450.0,11.15,9.34
UNLC,2026-06-18,57000.0,817.47,
ABJC,2026-06-18,3440.0,28.2,5.99
BNBC,2026-06-18,2015.0,598.05,7.44
CFAC,2026-06-18,1765.0,68.21,0.4
LNBB,2026-06-18,4100.0,17.74,6.72
NEIC,2026-06-18,2300.0,14.42,3.56
PRSC,2026-06-18,4740.0,20.5,3.84
UNXC,2026-06-18,1950.0,,3.12
SHEC,2026-06-18,2100.0,21.95,3.59
BICB,2026-06-18,5850.0,11.14,4.35
BICC,2026-06-18,28445.0,12.98,2.92
BOAB,2026-06-18,8945.0,18.04,6.54
BOABF,2026-06-18,5395.0,12.33,7.36
BOAC,2026-06-18,9055.0,10.19,6.6
BOAM,2026-06-18,4505.0,11.16,6.77
BOAN,2026-06-18,3705.0,188.3,5.65
BOAS,2026-06-18,7400.0,12.16,6.08
CBIBF,2026-06-18,22400.0,10.94,4.02
ETIT,2026-06-18,34.0,1.78,1.78
NSBC,2026-06-18,19040.0,11.57,3.51
ORGT,2026-06-18,2680.0,8.6,2.22
SAFC,2026-06-18,4095.0,47.43,
CABC,2026-06-18,3900.0,16.04,3.9
FTSC,2026-06-18,2100.0,63.56,82.22
SDSC,2026-06-18,2310.0,5.97,3.98
SEMC,2026-06-18,1560.0,38.83,0.9
SIVC,2026-06-18,2795.0,64.76,
STAC,2026-06-18,3500.0,,1.89
CIEC,2026-06-18,4995.0,21.31,3.17
SDCC,2026-06-18,11990.0,18.35,2.94
NTLC,2026-06-19,15005.0,17.97,4.81
PALC,2026-06-19,8680.0,8.65,5.2
SPHC,2026-06-19,7565.0,7.74,4.28
SMBC,2026-06-19,15950.0,9.51,3.86
TTLC,2026-06-19,2900.0,20.09,6.75
TTLS,2026-06-19,3500.0,16.82,6.35
ECOC,2026-06-19,16745.0,14.52,4.67
SGBC,2026-06-19,39150.0,12.02,4.2
SIBC,2026-06-19,8845.0,15.91,3.73
ONTBF,2026-06-19,2700.0,12.65,5.38
ORAC,2026-06-19,16695.0,14.99,4.22
SNTS,2026-06-19,28150.0,6.81,6.18
SCRC,2026-06-19,3100.0,,1.31
SICC,2026-06-19,4600.0,,
SLBC,2026-06-19,38800.0,13.95,2.77
SOGC,2026-06-19,8010.0,13.85,6.59
STBC,2026-06-19,22100.0,10.97,9.48
UNLC,2026-06-19,56000.0,803.13,
ABJC,2026-06-19,3440.0,28.2,5.99
BNBC,2026-06-19,2100.0,623.28,7.14
CFAC,2026-06-19,1825.0,70.52,0.39
LNBB,2026-06-19,4100.0,17.74,6.72
NEIC,2026-06-19,2375.0,14.89,3.44
PRSC,2026-06-19,4700.0,20.33,3.88
UNXC,2026-06-19,1930.0,,3.15
SHEC,2026-06-19,2170.0,22.68,3.47
BICB,2026-06-19,5870.0,9.36,4.34
BICC,2026-06-19,28420.0,12.97,2.92
BOAB,2026-06-19,8850.0,17.85,6.61
BOABF,2026-06-19,5555.0,12.7,7.15
BOAC,2026-06-19,9350.0,10.52,6.39
BOAM,2026-06-19,4555.0,11.28,6.7
BOAN,2026-06-19,3760.0,191.09,5.57
BOAS,2026-06-19,7445.0,12.24,6.04
CBIBF,2026-06-19,21500.0,10.5,4.19
ETIT,2026-06-19,34.0,1.78,1.78
NSBC,2026-06-19,19155.0,11.64,3.49
ORGT,2026-06-19,2665.0,8.55,2.23
SAFC,2026-06-19,4400.0,50.97,
CABC,2026-06-19,4000.0,16.45,3.8
FTSC,2026-06-19,2160.0,65.38,79.93
SDSC,2026-06-19,2320.0,5.99,3.97
SEMC,2026-06-19,1590.0,39.57,0.88
SIVC,2026-06-19,2640.0,61.17,
STAC,2026-06-19,3500.0,,1.89
CIEC,2026-06-19,4995.0,21.31,3.17
SDCC,2026-06-19,11990.0,18.35,2.94
NTLC,2026-06-22,15100.0,18.09,4.78
PALC,2026-06-22,8735.0,8.71,5.17
SPHC,2026-06-22,7650.0,7.83,4.23
SMBC,2026-06-22,16000.0,9.54,3.85
TTLC,2026-06-22,2900.0,20.09,6.75
TTLS,2026-06-22,3455.0,16.6,6.44
ECOC,2026-06-22,17000.0,14.74,4.6
SGBC,2026-06-22,39200.0,12.03,4.2
SIBC,2026-06-22,8840.0,15.9,3.73
ONTBF,2026-06-22,2800.0,13.11,5.19
ORAC,2026-06-22,16700.0,14.99,4.22
SNTS,2026-06-22,28450.0,6.88,6.12
SCRC,2026-06-22,3100.0,,1.31
SICC,2026-06-22,4460.0,,
SLBC,2026-06-22,38900.0,13.99,2.76
SOGC,2026-06-22,8295.0,14.34,6.37
STBC,2026-06-22,22300.0,11.07,9.4
UNLC,2026-06-22,57950.0,831.09,
ABJC,2026-06-22,3375.0,27.67,6.11
BNBC,2026-06-22,1990.0,590.63,7.54
CFAC,2026-06-22,1695.0,65.5,0.42
LNBB,2026-06-22,4000.0,17.31,6.89
NEIC,2026-06-22,2350.0,14.73,3.48
PRSC,2026-06-22,4695.0,20.31,3.88
UNXC,2026-06-22,1940.0,,3.13
SHEC,2026-06-22,2170.0,22.68,3.47
BICB,2026-06-22,5900.0,9.4,4.32
BICC,2026-06-22,28500.0,13.01,2.91
BOAB,2026-06-22,8950.0,18.05,6.54
BOABF,2026-06-22,5595.0,12.79,7.1
BOAC,2026-06-22,9200.0,10.35,6.49
BOAM,2026-06-22,4450.0,11.02,6.85
BOAN,2026-06-22,3850.0,195.67,5.44
BOAS,2026-06-22,7395.0,12.15,6.09
CBIBF,2026-06-22,22000.0,10.75,4.09
ETIT,2026-06-22,35.0,1.83,1.73
NSBC,2026-06-22,19300.0,11.73,3.46
ORGT,2026-06-22,2665.0,8.55,2.23
SAFC,2026-06-22,4500.0,52.12,
CABC,2026-06-22,4020.0,16.53,3.78
FTSC,2026-06-22,2150.0,65.07,80.3
SDSC,2026-06-22,2325.0,6.01,3.96
SEMC,2026-06-22,1555.0,38.7,0.9
SIVC,2026-06-22,2445.0,56.65,
STAC,2026-06-22,3460.0,,1.91
CIEC,2026-06-22,4995.0,21.31,3.17
SDCC,2026-06-22,11950.0,18.29,2.95
NTLC,2026-06-23,15100.0,18.09,4.78
PALC,2026-06-23,8740.0,8.71,5.17
SPHC,2026-06-23,7645.0,7.82,4.24
SMBC,2026-06-23,16200.0,9.66,3.8
TTLC,2026-06-23,2895.0,20.06,6.76
TTLS,2026-06-23,3450.0,16.58,6.45
ECOC,2026-06-23,16500.0,14.31,4.74
SGBC,2026-06-23,39000.0,11.97,4.22
SIBC,2026-06-23,8845.0,15.91,3.73
ONTBF,2026-06-23,2800.0,13.11,5.19
ORAC,2026-06-23,16695.0,14.99,4.22
SNTS,2026-06-23,28505.0,6.89,6.1
SCRC,2026-06-23,3050.0,,1.33
SICC,2026-06-23,4500.0,,
SLBC,2026-06-23,38100.0,13.7,2.82
SOGC,2026-06-23,8275.0,14.31,6.38
STBC,2026-06-23,22000.0,10.92,9.53
UNLC,2026-06-23,57950.0,831.09,
ABJC,2026-06-23,3395.0,27.83,6.07
BNBC,2026-06-23,1990.0,590.63,7.54
CFAC,2026-06-23,1675.0,64.73,0.42
LNBB,2026-06-23,4000.0,17.31,6.89
NEIC,2026-06-23,2340.0,14.67,3.49
PRSC,2026-06-23,4600.0,19.9,3.96
UNXC,2026-06-23,1945.0,,3.12
SHEC,2026-06-23,2160.0,22.57,3.49
BICB,2026-06-23,5810.0,9.26,4.38
BICC,2026-06-23,28460.0,12.99,2.92
BOAB,2026-06-23,8920.0,17.99,6.56
BOABF,2026-06-23,5565.0,12.72,7.13
BOAC,2026-06-23,9250.0,10.41,6.46
BOAM,2026-06-23,4425.0,10.96,6.89
BOAN,2026-06-23,3985.0,202.53,5.25
BOAS,2026-06-23,7305.0,12.01,6.16
CBIBF,2026-06-23,21785.0,10.64,4.13
ETIT,2026-06-23,35.0,1.83,1.73
NSBC,2026-06-23,19400.0,11.79,3.44
ORGT,2026-06-23,2610.0,8.37,2.28
SAFC,2026-06-23,4805.0,55.66,
CABC,2026-06-23,4015.0,16.51,3.79
FTSC,2026-06-23,2080.0,62.95,83.01
SDSC,2026-06-23,2440.0,6.3,3.77
SEMC,2026-06-23,1590.0,39.57,0.88
SIVC,2026-06-23,2625.0,60.82,
STAC,2026-06-23,3490.0,,1.9
CIEC,2026-06-23,4995.0,21.31,3.17
SDCC,2026-06-23,12120.0,18.55,2.9
NTLC,2026-06-24,15000.0,17.97,4.81
PALC,2026-06-24,8740.0,8.71,5.17
SPHC,2026-06-24,7645.0,7.82,4.24
SMBC,2026-06-24,16500.0,9.84,3.73
TTLC,2026-06-24,2855.0,19.78,6.85
TTLS,2026-06-24,3450.0,16.58,6.45
ECOC,2026-06-24,16500.0,14.31,4.74
SGBC,2026-06-24,38875.0,11.93,4.23
SIBC,2026-06-24,8845.0,15.91,3.73
ONTBF,2026-06-24,2800.0,13.11,5.19
ORAC,2026-06-24,16145.0,14.5,4.36
SNTS,2026-06-24,28515.0,6.89,6.1
SCRC,2026-06-24,3090.0,,1.31
SICC,2026-06-24,4500.0,,
SLBC,2026-06-24,38495.0,13.84,2.79
SOGC,2026-06-24,8280.0,14.32,6.38
STBC,2026-06-24,22300.0,11.07,9.4
UNLC,2026-06-24,57000.0,817.47,
ABJC,2026-06-24,3305.0,27.1,6.24
BNBC,2026-06-24,1965.0,583.21,7.63
CFAC,2026-06-24,1550.0,59.9,0.45
LNBB,2026-06-24,4000.0,17.31,6.89
NEIC,2026-06-24,2300.0,14.42,3.56
PRSC,2026-06-24,4600.0,19.9,3.96
UNXC,2026-06-24,1965.0,,3.09
SHEC,2026-06-24,2160.0,22.57,3.49
BICB,2026-06-24,5790.0,9.23,4.4
BICC,2026-06-24,27760.0,12.67,2.99
BOAB,2026-06-24,8950.0,18.05,6.54
BOABF,2026-06-24,5600.0,12.8,7.09
BOAC,2026-06-24,9100.0,10.24,6.57
BOAM,2026-06-24,4755.0,11.78,6.42
BOAN,2026-06-24,4180.0,212.44,5.01
BOAS,2026-06-24,7300.0,12.0,6.16
CBIBF,2026-06-24,21785.0,10.64,4.13
ETIT,2026-06-24,37.0,1.94,1.63
NSBC,2026-06-24,19400.0,11.79,3.44
ORGT,2026-06-24,2640.0,8.47,2.25
SAFC,2026-06-24,4700.0,54.44,
CABC,2026-06-24,4000.0,16.45,3.8
FTSC,2026-06-24,1955.0,59.17,88.31
SDSC,2026-06-24,2450.0,6.33,3.76
SEMC,2026-06-24,1555.0,38.7,0.9
SIVC,2026-06-24,2730.0,63.25,
STAC,2026-06-24,3640.0,,1.82
CIEC,2026-06-24,5100.0,21.76,3.11
SDCC,2026-06-24,12120.0,18.55,2.9
NTLC,2026-06-25,14995.0,17.96,4.81
PALC,2026-06-25,8300.0,8.71,5.05
SPHC,2026-06-25,7600.0,7.78,4.26
SMBC,2026-06-25,16500.0,9.84,3.73
TTLC,2026-06-25,2780.0,19.26,7.04
TTLS,2026-06-25,3455.0,16.6,6.44
ECOC,2026-06-25,16800.0,14.57,4.65
SGBC,2026-06-25,38995.0,11.97,4.22
SIBC,2026-06-25,8890.0,15.99,3.71
ONTBF,2026-06-25,2805.0,13.14,5.18
ORAC,2026-06-25,16695.0,14.99,4.22
SNTS,2026-06-25,28600.0,6.92,6.08
SCRC,2026-06-25,3105.0,,1.3
SICC,2026-06-25,4500.0,,
SLBC,2026-06-25,38500.0,13.84,2.79
SOGC,2026-06-25,8335.0,14.41,6.33
STBC,2026-06-25,22310.0,11.08,9.39
UNLC,2026-06-25,57000.0,817.47,
ABJC,2026-06-25,3300.0,27.05,6.25
BNBC,2026-06-25,1990.0,590.63,7.54
CFAC,2026-06-25,1665.0,64.34,0.42
LNBB,2026-06-25,4200.0,18.17,6.56
NEIC,2026-06-25,2285.0,14.32,3.58
PRSC,2026-06-25,4620.0,19.98,3.94
UNXC,2026-06-25,1980.0,,3.07
SHEC,2026-06-25,2165.0,22.63,3.48
BICB,2026-06-25,5700.0,9.09,4.47
BICC,2026-06-25,28900.0,13.19,2.87
BOAB,2026-06-25,8950.0,18.05,6.54
BOABF,2026-06-25,5600.0,12.8,7.09
BOAC,2026-06-25,9100.0,10.24,6.57
BOAM,2026-06-25,5110.0,12.66,5.97
BOAN,2026-06-25,4045.0,205.58,5.17
BOAS,2026-06-25,7345.0,12.07,6.13
CBIBF,2026-06-25,21995.0,10.75,4.09
ETIT,2026-06-25,37.0,1.94,1.63
NSBC,2026-06-25,19500.0,11.85,3.43
ORGT,2026-06-25,2625.0,8.42,2.27
SAFC,2026-06-25,4480.0,51.89,
CABC,2026-06-25,3900.0,16.04,3.9
FTSC,2026-06-25,1955.0,59.17,88.31
SDSC,2026-06-25,2500.0,6.46,3.68
SEMC,2026-06-25,1555.0,38.7,0.9
SIVC,2026-06-25,2650.0,61.4,
STAC,2026-06-25,3630.0,,1.82
CIEC,2026-06-25,5190.0,22.14,3.05
SDCC,2026-06-25,12000.0,18.36,2.93
NTLC,2026-06-26,14800.0,17.73,4.88
PALC,2026-06-26,8800.0,8.77,5.01
SPHC,2026-06-26,7670.0,7.85,4.22
SMBC,2026-06-26,16400.0,9.78,3.76
TTLC,2026-06-26,2855.0,19.78,6.85
TTLS,2026-06-26,3500.0,16.82,6.35
ECOC,2026-06-26,17150.0,14.87,4.56
SGBC,2026-06-26,39000.0,11.97,4.22
SIBC,2026-06-26,8890.0,15.99,3.71
ONTBF,2026-06-26,2820.0,13.21,5.15
ORAC,2026-06-26,16700.0,14.99,4.22
SNTS,2026-06-26,29000.0,7.01,6.0
SCRC,2026-06-26,3170.0,,1.28
SICC,2026-06-26,4380.0,,
SLBC,2026-06-26,38350.0,13.79,2.8
SOGC,2026-06-26,8400.0,14.53,6.29
STBC,2026-06-26,23980.0,11.81,8.74
UNLC,2026-06-26,57000.0,817.47,
ABJC,2026-06-26,3275.0,26.85,6.3
BNBC,2026-06-26,1965.0,583.21,7.63
CFAC,2026-06-26,1775.0,68.59,0.4
LNBB,2026-06-26,4100.0,17.74,6.72
NEIC,2026-06-26,2400.0,15.04,3.41
PRSC,2026-06-26,4595.0,19.88,3.96
UNXC,2026-06-26,1985.0,,3.06
SHEC,2026-06-26,2105.0,22.0,3.58
BICB,2026-06-26,5750.0,9.17,4.43
BICC,2026-06-26,29000.0,13.23,2.86
BOAB,2026-06-26,9025.0,18.21,6.48
BOABF,2026-06-26,5695.0,13.02,6.97
BOAC,2026-06-26,9100.0,10.24,6.57
BOAM,2026-06-26,4855.0,12.03,6.28
BOAN,2026-06-26,4115.0,209.13,5.09
BOAS,2026-06-26,7295.0,11.99,6.17
CBIBF,2026-06-26,22000.0,10.75,4.09
ETIT,2026-06-26,36.0,1.94,62.43
NSBC,2026-06-26,19750.0,12.0,3.38
ORGT,2026-06-26,2650.0,8.5,2.25
SAFC,2026-06-26,4510.0,52.24,
CABC,2026-06-26,3900.0,16.04,3.9
FTSC,2026-06-26,1965.0,59.47,87.87
SDSC,2026-06-26,2550.0,6.59,3.61
SEMC,2026-06-26,1550.0,38.58,0.9
SIVC,2026-06-26,2625.0,127.87,
STAC,2026-06-26,3625.0,,1.82
CIEC,2026-06-26,5200.0,22.18,3.05
SDCC,2026-06-26,11900.0,18.21,2.96
NTLC,2026-06-29,14760.0,17.68,4.89
PALC,2026-06-29,8700.0,8.67,5.07
SPHC,2026-06-29,7685.0,7.87,4.21
SMBC,2026-06-29,16505.0,9.84,3.73
TTLC,2026-06-29,2795.0,19.37,7.0
TTLS,2026-06-29,3750.0,18.02,5.93
ECOC,2026-06-29,17190.0,14.91,4.55
SGBC,2026-06-29,39000.0,11.97,4.22
SIBC,2026-06-29,8895.0,16.0,3.71
ONTBF,2026-06-29,2800.0,13.11,5.19
ORAC,2026-06-29,16700.0,14.99,4.22
SNTS,2026-06-29,28300.0,6.84,6.15
SCRC,2026-06-29,3280.0,,1.23
SICC,2026-06-29,4380.0,,
SLBC,2026-06-29,38795.0,13.95,2.77
SOGC,2026-06-29,8400.0,14.53,6.29
STBC,2026-06-29,24500.0,12.06,8.56
UNLC,2026-06-29,56020.0,803.41,
ABJC,2026-06-29,3215.0,26.36,6.41
BNBC,2026-06-29,1985.0,589.15,7.56
CFAC,2026-06-29,1750.0,67.63,0.4
LNBB,2026-06-29,4400.0,19.04,6.26
NEIC,2026-06-29,2350.0,14.73,3.48
PRSC,2026-06-29,4650.0,20.11,3.92
UNXC,2026-06-29,1970.0,,3.08
SHEC,2026-06-29,2170.0,22.68,3.47
BICB,2026-06-29,5880.0,9.37,4.33
BICC,2026-06-29,29000.0,13.23,2.86
BOAB,2026-06-29,9100.0,18.36,6.43
BOABF,2026-06-29,5700.0,13.03,6.96
BOAC,2026-06-29,9395.0,10.57,6.36
BOAM,2026-06-29,5000.0,12.39,6.1
BOAN,2026-06-29,4185.0,212.69,5.0
BOAS,2026-06-29,7350.0,12.08,6.12
CBIBF,2026-06-29,22195.0,10.84,4.05
ETIT,2026-06-29,38.0,1.99,2.42
NSBC,2026-06-29,19650.0,11.94,3.4
ORGT,2026-06-29,2685.0,8.61,2.22
SAFC,2026-06-29,4690.0,54.32,
CABC,2026-06-29,4190.0,17.23,3.63
FTSC,2026-06-29,1970.0,59.63,87.64
SDSC,2026-06-29,2515.0,6.5,3.66
SEMC,2026-06-29,1540.0,38.33,0.91
SIVC,2026-06-29,2575.0,125.44,
STAC,2026-06-29,3490.0,,1.9
CIEC,2026-06-29,5300.0,22.61,2.99
SDCC,2026-06-29,12000.0,18.36,2.93
NTLC,2026-05-04,12225.0,14.64,5.9
PALC,2026-05-04,7000.0,6.98,6.45
SPHC,2026-05-04,6720.0,6.88,4.82
SMBC,2026-05-04,11595.0,6.91,5.31
TTLC,2026-05-04,2750.0,19.05,7.12
TTLS,2026-05-04,3010.0,14.47,7.39
ECOC,2026-05-04,16100.0,13.96,4.39
SGBC,2026-05-04,33000.0,10.13,4.99
SIBC,2026-05-04,7280.0,13.09,4.53
ONTBF,2026-05-04,2780.0,13.02,6.82
ORAC,2026-05-04,15000.0,13.47,4.4
SNTS,2026-05-04,29000.0,7.01,5.71
SCRC,2026-05-04,2135.0,,1.9
SICC,2026-05-04,4290.0,133.75,
SLBC,2026-05-04,37400.0,28.67,2.87
SOGC,2026-05-04,7200.0,12.45,7.33
STBC,2026-05-04,20500.0,10.18,10.22
UNLC,2026-05-04,60500.0,867.66,
ABJC,2026-05-04,2975.0,24.39,6.93
BNBC,2026-05-04,1450.0,430.36,10.34
CFAC,2026-05-04,1430.0,55.26,0.49
LNBB,2026-05-04,3875.0,16.77,7.11
NEIC,2026-05-04,1760.0,11.03,4.65
PRSC,2026-05-04,4255.0,18.4,4.28
UNXC,2026-05-04,1880.0,,3.23
SHEC,2026-05-04,2000.0,23.53,3.76
BICB,2026-05-04,5305.0,10.1,4.8
BICC,2026-05-04,25000.0,11.41,3.32
BOAB,2026-05-04,8955.0,18.06,5.23
BOABF,2026-05-04,5460.0,12.48,7.27
BOAC,2026-05-04,8845.0,11.78,6.33
BOAM,2026-05-04,4700.0,11.64,5.05
BOAN,2026-05-04,3630.0,184.48,5.76
BOAS,2026-05-04,7100.0,11.67,4.93
CBIBF,2026-05-04,16250.0,7.94,3.42
ETIT,2026-05-04,30.0,1.57,2.02
NSBC,2026-05-04,14940.0,9.7,4.47
ORGT,2026-05-04,3475.0,11.15,1.71
SAFC,2026-05-04,3340.0,38.69,
CABC,2026-05-04,3655.0,15.03,3.08
FTSC,2026-05-04,2195.0,1.66,78.66
SDSC,2026-05-04,1680.0,4.34,5.48
SEMC,2026-05-04,1555.0,38.7,0.9
SIVC,2026-05-04,2775.0,64.3,
STAC,2026-05-04,2955.0,,2.24
CIEC,2026-05-04,3185.0,17.66,4.97
SDCC,2026-05-04,9400.0,14.39,3.74
NTLC,2026-05-05,11900.0,14.25,6.06
PALC,2026-05-05,7310.0,7.29,6.18
SPHC,2026-05-05,6720.0,6.88,4.82
SMBC,2026-05-05,11550.0,6.89,5.33
TTLC,2026-05-05,2745.0,19.02,7.13
TTLS,2026-05-05,3000.0,14.42,7.41
ECOC,2026-05-05,16000.0,13.87,4.42
SGBC,2026-05-05,33000.0,10.13,4.99
SIBC,2026-05-05,7100.0,12.77,4.65
ONTBF,2026-05-05,2780.0,13.02,6.82
ORAC,2026-05-05,15000.0,13.47,4.4
SNTS,2026-05-05,28900.0,6.99,5.73
SCRC,2026-05-05,2080.0,,1.95
SICC,2026-05-05,4290.0,133.75,
SLBC,2026-05-05,37050.0,28.4,2.9
SOGC,2026-05-05,7600.0,13.14,6.95
STBC,2026-05-05,20250.0,10.06,10.35
UNLC,2026-05-05,60500.0,867.66,
ABJC,2026-05-05,3095.0,25.37,6.66
BNBC,2026-05-05,1345.0,399.19,11.15
CFAC,2026-05-05,1325.0,51.2,0.53
LNBB,2026-05-05,3950.0,17.09,6.97
NEIC,2026-05-05,1790.0,11.22,4.57
PRSC,2026-05-05,3940.0,17.04,4.62
UNXC,2026-05-05,1885.0,,3.22
SHEC,2026-05-05,1850.0,21.77,4.07
BICB,2026-05-05,5250.0,9.99,4.85
BICC,2026-05-05,24445.0,11.16,3.4
BOAB,2026-05-05,9250.0,18.66,5.06
BOABF,2026-05-05,5410.0,12.36,7.34
BOAC,2026-05-05,8850.0,11.05,6.75
BOAM,2026-05-05,4700.0,11.64,5.05
BOAN,2026-05-05,3500.0,177.88,5.98
BOAS,2026-05-05,7225.0,11.87,4.84
CBIBF,2026-05-05,16550.0,8.09,3.35
ETIT,2026-05-05,29.0,1.52,2.09
NSBC,2026-05-05,14000.0,9.09,4.77
ORGT,2026-05-05,3215.0,10.31,1.85
SAFC,2026-05-05,3500.0,40.54,
CABC,2026-05-05,3500.0,14.39,3.22
FTSC,2026-05-05,2220.0,1.68,77.77
SDSC,2026-05-05,1725.0,4.46,5.33
SEMC,2026-05-05,1500.0,37.33,0.93
SIVC,2026-05-05,2720.0,63.02,
STAC,2026-05-05,2950.0,,2.24
CIEC,2026-05-05,3010.0,16.69,5.26
SDCC,2026-05-05,9090.0,13.91,3.87
NTLC,2026-05-06,11900.0,14.25,6.06
PALC,2026-05-06,7800.0,7.78,5.79
SPHC,2026-05-06,7175.0,7.34,4.51
SMBC,2026-05-06,11500.0,6.86,5.36
TTLC,2026-05-06,2740.0,18.98,7.14
TTLS,2026-05-06,3005.0,14.44,7.4
ECOC,2026-05-06,16100.0,13.96,4.39
SGBC,2026-05-06,33400.0,10.25,4.93
SIBC,2026-05-06,7050.0,12.68,4.68
ONTBF,2026-05-06,2710.0,12.69,6.99
ORAC,2026-05-06,15200.0,13.65,4.34
SNTS,2026-05-06,28900.0,6.99,5.73
SCRC,2026-05-06,2085.0,,1.94
SICC,2026-05-06,4285.0,133.59,
SLBC,2026-05-06,37500.0,28.75,2.86
SOGC,2026-05-06,7500.0,12.97,7.04
STBC,2026-05-06,20800.0,10.33,10.08
UNLC,2026-05-06,59000.0,846.15,
ABJC,2026-05-06,3015.0,24.72,6.84
BNBC,2026-05-06,1350.0,400.68,11.11
CFAC,2026-05-06,1400.0,54.1,0.5
LNBB,2026-05-06,3950.0,17.09,6.97
NEIC,2026-05-06,1715.0,10.75,4.77
PRSC,2026-05-06,3700.0,16.0,4.92
UNXC,2026-05-06,1865.0,,3.26
SHEC,2026-05-06,1840.0,21.65,4.09
BICB,2026-05-06,5200.0,9.9,4.9
BICC,2026-05-06,24995.0,11.41,3.32
BOAB,2026-05-06,9340.0,18.84,5.01
BOABF,2026-05-06,5405.0,12.35,7.35
BOAC,2026-05-06,8785.0,10.97,6.8
BOAM,2026-05-06,4680.0,11.59,5.07
BOAN,2026-05-06,3500.0,177.88,5.98
BOAS,2026-05-06,7225.0,11.87,4.84
CBIBF,2026-05-06,16700.0,8.16,3.32
ETIT,2026-05-06,29.0,1.52,2.09
NSBC,2026-05-06,14010.0,9.09,4.77
ORGT,2026-05-06,2975.0,9.54,2.0
SAFC,2026-05-06,3500.0,40.54,
CABC,2026-05-06,3410.0,14.02,3.31
FTSC,2026-05-06,2200.0,1.67,78.48
SDSC,2026-05-06,1685.0,4.35,5.46
SEMC,2026-05-06,1450.0,36.09,0.97
SIVC,2026-05-06,2810.0,65.11,
STAC,2026-05-06,2850.0,,2.32
CIEC,2026-05-06,3200.0,17.74,4.95
SDCC,2026-05-06,9000.0,13.77,3.91
NTLC,2026-05-07,11700.0,14.01,6.17
PALC,2026-05-07,7900.0,7.87,5.71
SPHC,2026-05-07,7100.0,7.27,4.56
SMBC,2026-05-07,11900.0,7.09,5.18
TTLC,2026-05-07,2720.0,18.85,7.19
TTLS,2026-05-07,3000.0,14.42,7.41
ECOC,2026-05-07,16300.0,14.14,4.34
SGBC,2026-05-07,33800.0,10.38,4.87
SIBC,2026-05-07,7150.0,12.86,4.62
ONTBF,2026-05-07,2775.0,13.0,6.83
ORAC,2026-05-07,14900.0,13.38,4.43
SNTS,2026-05-07,28900.0,6.99,5.73
SCRC,2026-05-07,2240.0,,1.81
SICC,2026-05-07,4300.0,134.06,
SLBC,2026-05-07,37500.0,28.75,2.86
SOGC,2026-05-07,7400.0,12.8,7.14
STBC,2026-05-07,21000.0,10.43,9.98
UNLC,2026-05-07,59000.0,846.15,
ABJC,2026-05-07,3020.0,24.76,6.83
BNBC,2026-05-07,1335.0,396.23,11.24
CFAC,2026-05-07,1400.0,54.1,0.5
LNBB,2026-05-07,3945.0,17.07,6.98
NEIC,2026-05-07,1745.0,10.94,4.69
PRSC,2026-05-07,3695.0,15.98,4.93
UNXC,2026-05-07,1815.0,,3.35
SHEC,2026-05-07,1895.0,19.81,3.97
BICB,2026-05-07,5120.0,9.75,4.97
BICC,2026-05-07,25200.0,11.5,3.3
BOAB,2026-05-07,9300.0,18.76,5.03
BOABF,2026-05-07,5400.0,12.34,7.35
BOAC,2026-05-07,8650.0,10.8,6.91
BOAM,2026-05-07,4690.0,11.62,5.06
BOAN,2026-05-07,3500.0,177.88,5.98
BOAS,2026-05-07,7265.0,11.94,4.82
CBIBF,2026-05-07,16600.0,8.11,3.34
ETIT,2026-05-07,30.0,1.57,2.02
NSBC,2026-05-07,14000.0,9.09,4.77
ORGT,2026-05-07,2755.0,8.84,2.16
SAFC,2026-05-07,3500.0,40.54,
CABC,2026-05-07,3400.0,13.98,3.32
FTSC,2026-05-07,2200.0,1.67,78.48
SDSC,2026-05-07,1800.0,4.65,5.11
SEMC,2026-05-07,1525.0,37.96,0.92
SIVC,2026-05-07,2850.0,66.03,
STAC,2026-05-07,2845.0,,2.33
CIEC,2026-05-07,3345.0,18.54,4.74
SDCC,2026-05-07,8900.0,13.62,3.96
NTLC,2026-05-08,11650.0,13.95,6.19
PALC,2026-05-08,7800.0,7.78,5.79
SPHC,2026-05-08,7050.0,7.22,4.59
SMBC,2026-05-08,11995.0,7.15,5.14
TTLC,2026-05-08,2750.0,19.05,7.12
TTLS,2026-05-08,2950.0,14.18,7.54
ECOC,2026-05-08,16800.0,14.57,4.21
SGBC,2026-05-08,34500.0,10.59,4.77
SIBC,2026-05-08,7095.0,12.76,4.65
ONTBF,2026-05-08,2760.0,12.93,6.87
ORAC,2026-05-08,14920.0,13.4,4.42
SNTS,2026-05-08,28900.0,6.99,5.73
SCRC,2026-05-08,2405.0,,1.68
SICC,2026-05-08,4290.0,133.75,
SLBC,2026-05-08,37500.0,28.75,2.86
SOGC,2026-05-08,7390.0,12.78,7.14
STBC,2026-05-08,21500.0,10.68,9.75
UNLC,2026-05-08,56000.0,803.13,
ABJC,2026-05-08,2975.0,24.39,6.93
BNBC,2026-05-08,1300.0,385.84,11.54
CFAC,2026-05-08,1385.0,53.52,0.51
LNBB,2026-05-08,3845.0,16.64,7.17
NEIC,2026-05-08,1745.0,10.94,4.69
PRSC,2026-05-08,3695.0,15.98,4.93
UNXC,2026-05-08,1805.0,,3.37
SHEC,2026-05-08,1945.0,20.33,3.87
BICB,2026-05-08,5225.0,9.95,4.87
BICC,2026-05-08,26000.0,11.87,3.2
BOAB,2026-05-08,9400.0,18.96,4.98
BOABF,2026-05-08,5400.0,12.34,7.35
BOAC,2026-05-08,8705.0,10.87,6.86
BOAM,2026-05-08,4700.0,11.64,5.05
BOAN,2026-05-08,3485.0,177.12,6.0
BOAS,2026-05-08,7390.0,12.15,4.74
CBIBF,2026-05-08,16800.0,8.21,3.3
ETIT,2026-05-08,30.0,1.57,2.02
NSBC,2026-05-08,14010.0,9.09,4.77
ORGT,2026-05-08,2550.0,8.18,2.33
SAFC,2026-05-08,3500.0,40.54,
CABC,2026-05-08,3500.0,14.39,3.22
FTSC,2026-05-08,2220.0,1.68,77.77
SDSC,2026-05-08,1745.0,4.51,5.27
SEMC,2026-05-08,1525.0,37.96,0.92
SIVC,2026-05-08,2845.0,65.92,
STAC,2026-05-08,2660.0,,2.49
CIEC,2026-05-08,3330.0,18.46,4.76
SDCC,2026-05-08,9095.0,13.92,3.87
NTLC,2026-05-11,11150.0,13.35,6.47
PALC,2026-05-11,7800.0,7.78,5.79
SPHC,2026-05-11,7000.0,7.16,4.63
SMBC,2026-05-11,12100.0,7.21,5.09
TTLC,2026-05-11,2850.0,19.75,6.87
TTLS,2026-05-11,2900.0,13.94,7.67
ECOC,2026-05-11,16200.0,14.05,4.37
SGBC,2026-05-11,34800.0,10.68,4.73
SIBC,2026-05-11,7140.0,12.84,4.62
ONTBF,2026-05-11,2700.0,12.65,7.02
ORAC,2026-05-11,15100.0,13.56,4.37
SNTS,2026-05-11,29000.0,7.01,5.71
SCRC,2026-05-11,2260.0,,1.79
SICC,2026-05-11,4400.0,137.18,
SLBC,2026-05-11,37900.0,29.05,2.83
SOGC,2026-05-11,7395.0,12.79,7.14
STBC,2026-05-11,21290.0,10.57,9.84
UNLC,2026-05-11,59900.0,859.06,
ABJC,2026-05-11,2985.0,24.47,6.91
BNBC,2026-05-11,1395.0,414.03,10.75
CFAC,2026-05-11,1380.0,53.33,0.51
LNBB,2026-05-11,3865.0,16.72,7.13
NEIC,2026-05-11,1850.0,11.6,4.42
PRSC,2026-05-11,3650.0,15.79,4.99
UNXC,2026-05-11,1835.0,,3.31
SHEC,2026-05-11,2000.0,20.9,3.76
BICB,2026-05-11,5170.0,9.84,4.92
BICC,2026-05-11,26200.0,11.96,3.17
BOAB,2026-05-11,9405.0,18.97,4.98
BOABF,2026-05-11,5410.0,12.36,7.34
BOAC,2026-05-11,8650.0,10.8,6.91
BOAM,2026-05-11,4685.0,11.61,5.06
BOAN,2026-05-11,3450.0,175.34,6.07
BOAS,2026-05-11,7450.0,12.24,4.7
CBIBF,2026-05-11,16800.0,8.21,3.3
ETIT,2026-05-11,30.0,1.57,2.02
NSBC,2026-05-11,13850.0,8.99,4.82
ORGT,2026-05-11,2740.0,8.79,2.17
SAFC,2026-05-11,3485.0,40.37,
CABC,2026-05-11,3500.0,14.39,3.22
FTSC,2026-05-11,2200.0,1.67,78.48
SDSC,2026-05-11,1700.0,4.39,5.41
SEMC,2026-05-11,1505.0,37.46,0.93
SIVC,2026-05-11,2855.0,66.15,
STAC,2026-05-11,2515.0,,2.63
CIEC,2026-05-11,3200.0,17.74,4.95
SDCC,2026-05-11,9095.0,13.92,3.87
NTLC,2026-05-12,11700.0,14.01,6.17
PALC,2026-05-12,7850.0,7.83,5.75
SPHC,2026-05-12,6995.0,7.16,4.63
SMBC,2026-05-12,12685.0,7.56,4.86
TTLC,2026-05-12,3060.0,21.2,6.39
TTLS,2026-05-12,2845.0,13.67,7.82
ECOC,2026-05-12,16200.0,14.05,4.37
SGBC,2026-05-12,34990.0,10.74,4.7
SIBC,2026-05-12,7295.0,13.12,4.52
ONTBF,2026-05-12,2680.0,12.55,7.07
ORAC,2026-05-12,15050.0,13.51,4.39
SNTS,2026-05-12,28910.0,6.99,5.72
SCRC,2026-05-12,2285.0,,1.77
SICC,2026-05-12,4390.0,136.87,
SLBC,2026-05-12,37500.0,28.75,2.86
SOGC,2026-05-12,7400.0,12.8,7.14
STBC,2026-05-12,21050.0,10.45,9.96
UNLC,2026-05-12,56100.0,804.56,
ABJC,2026-05-12,2980.0,24.43,6.92
BNBC,2026-05-12,1495.0,443.71,10.03
CFAC,2026-05-12,1380.0,53.33,0.51
LNBB,2026-05-12,3865.0,16.72,7.13
NEIC,2026-05-12,1890.0,11.85,4.33
PRSC,2026-05-12,3690.0,15.96,4.94
UNXC,2026-05-12,1825.0,,3.33
SHEC,2026-05-12,1940.0,20.28,3.88
BICB,2026-05-12,5200.0,9.9,4.9
BICC,2026-05-12,26300.0,12.0,3.16
BOAB,2026-05-12,9420.0,19.0,4.97
BOABF,2026-05-12,5410.0,12.36,7.34
BOAC,2026-05-12,8585.0,10.72,6.96
BOAM,2026-05-12,4680.0,11.59,5.07
BOAN,2026-05-12,3440.0,174.83,6.08
BOAS,2026-05-12,7500.0,12.33,4.67
CBIBF,2026-05-12,17400.0,8.5,3.19
ETIT,2026-05-12,30.0,1.57,2.02
NSBC,2026-05-12,13810.0,8.96,4.84
ORGT,2026-05-12,2740.0,8.79,2.17
SAFC,2026-05-12,3745.0,43.38,
CABC,2026-05-12,3400.0,13.98,3.32
FTSC,2026-05-12,2240.0,1.7,77.08
SDSC,2026-05-12,1745.0,4.51,5.27
SEMC,2026-05-12,1500.0,37.33,0.93
SIVC,2026-05-12,2860.0,66.27,
STAC,2026-05-12,2600.0,,2.54
CIEC,2026-05-12,3295.0,18.27,4.81
SDCC,2026-05-12,9395.0,14.38,3.75
NTLC,2026-05-13,11600.0,13.89,6.22
PALC,2026-05-13,7800.0,7.78,5.79
SPHC,2026-05-13,7000.0,7.16,4.63
SMBC,2026-05-13,12295.0,7.33,5.01
TTLC,2026-05-13,2995.0,20.75,6.53
TTLS,2026-05-13,3025.0,14.54,7.35
ECOC,2026-05-13,16300.0,14.14,4.34
SGBC,2026-05-13,34995.0,10.74,4.7
SIBC,2026-05-13,7300.0,13.13,4.52
ONTBF,2026-05-13,2750.0,12.88,6.89
ORAC,2026-05-13,15000.0,13.47,4.4
SNTS,2026-05-13,28950.0,7.0,5.72
SCRC,2026-05-13,2455.0,,1.65
SICC,2026-05-13,4380.0,136.55,
SLBC,2026-05-13,37995.0,29.13,2.83
SOGC,2026-05-13,7450.0,12.88,7.09
STBC,2026-05-13,21000.0,10.43,9.98
UNLC,2026-05-13,60295.0,864.72,
ABJC,2026-05-13,2850.0,23.37,7.23
BNBC,2026-05-13,1590.0,471.91,9.43
CFAC,2026-05-13,1480.0,57.19,0.48
LNBB,2026-05-13,3900.0,16.87,7.06
NEIC,2026-05-13,1990.0,12.47,4.11
PRSC,2026-05-13,3695.0,15.98,4.93
UNXC,2026-05-13,1840.0,,3.3
SHEC,2026-05-13,2000.0,20.9,3.76
BICB,2026-05-13,5220.0,9.94,4.88
BICC,2026-05-13,26400.0,12.05,3.15
BOAB,2026-05-13,9410.0,18.98,4.97
BOABF,2026-05-13,5405.0,12.35,7.35
BOAC,2026-05-13,8600.0,10.74,6.95
BOAM,2026-05-13,4675.0,11.58,5.07
BOAN,2026-05-13,3395.0,172.54,6.16
BOAS,2026-05-13,7555.0,12.42,4.63
CBIBF,2026-05-13,18700.0,9.14,2.97
ETIT,2026-05-13,30.0,1.57,2.02
NSBC,2026-05-13,14100.0,8.57,4.74
ORGT,2026-05-13,2575.0,8.26,2.31
SAFC,2026-05-13,3995.0,46.27,
CABC,2026-05-13,3500.0,14.39,3.22
FTSC,2026-05-13,2250.0,1.71,76.74
SDSC,2026-05-13,1785.0,4.61,5.15
SEMC,2026-05-13,1580.0,39.33,0.89
SIVC,2026-05-13,2860.0,66.27,
STAC,2026-05-13,2795.0,,2.37
CIEC,2026-05-13,3300.0,18.3,4.8
SDCC,2026-05-13,9505.0,14.55,3.7
NTLC,2026-05-15,11750.0,14.07,6.14
PALC,2026-05-15,7700.0,7.68,5.86
SPHC,2026-05-15,6985.0,7.15,4.64
SMBC,2026-05-15,12895.0,7.69,4.78
TTLC,2026-05-15,2910.0,20.16,6.72
TTLS,2026-05-15,3005.0,14.44,7.4
ECOC,2026-05-15,16300.0,14.14,4.34
SGBC,2026-05-15,35985.0,11.05,4.57
SIBC,2026-05-15,7500.0,13.49,4.4
ONTBF,2026-05-15,2795.0,13.09,6.78
ORAC,2026-05-15,15150.0,13.6,4.36
SNTS,2026-05-15,28900.0,6.99,5.73
SCRC,2026-05-15,2550.0,,1.59
SICC,2026-05-15,4305.0,134.22,
SLBC,2026-05-15,37900.0,29.05,2.83
SOGC,2026-05-15,7485.0,12.94,7.05
STBC,2026-05-15,21200.0,10.53,9.89
UNLC,2026-05-15,59950.0,859.78,
ABJC,2026-05-15,2850.0,23.37,7.23
BNBC,2026-05-15,1545.0,458.55,9.71
CFAC,2026-05-15,1555.0,60.09,0.45
LNBB,2026-05-15,3900.0,16.87,7.06
NEIC,2026-05-15,1920.0,12.03,4.26
PRSC,2026-05-15,3695.0,15.98,4.93
UNXC,2026-05-15,1835.0,,3.31
SHEC,2026-05-15,1980.0,20.69,3.8
BICB,2026-05-15,5200.0,9.9,4.9
BICC,2026-05-15,26450.0,12.07,3.14
BOAB,2026-05-15,9400.0,18.96,4.98
BOABF,2026-05-15,5400.0,12.34,7.35
BOAC,2026-05-15,8630.0,10.77,6.92
BOAM,2026-05-15,4690.0,11.62,5.06
BOAN,2026-05-15,3445.0,175.08,6.07
BOAS,2026-05-15,7595.0,12.48,4.61
CBIBF,2026-05-15,19905.0,9.73,2.79
ETIT,2026-05-15,29.0,1.52,2.09
NSBC,2026-05-15,15000.0,9.11,4.45
ORGT,2026-05-15,2435.0,7.81,2.44
SAFC,2026-05-15,3990.0,46.22,
CABC,2026-05-15,3495.0,14.37,3.23
FTSC,2026-05-15,2250.0,1.71,76.74
SDSC,2026-05-15,1750.0,4.52,5.26
SEMC,2026-05-15,1505.0,37.46,0.93
SIVC,2026-05-15,2850.0,66.03,
STAC,2026-05-15,2660.0,,2.49
CIEC,2026-05-15,3290.0,18.24,4.81
SDCC,2026-05-15,9900.0,15.15,3.56
NTLC,2026-05-18,11950.0,14.31,6.04
PALC,2026-05-18,7700.0,7.68,5.86
SPHC,2026-05-18,6890.0,7.05,4.7
SMBC,2026-05-18,12800.0,7.63,4.81
TTLC,2026-05-18,2905.0,20.13,6.74
TTLS,2026-05-18,2990.0,14.37,7.44
ECOC,2026-05-18,16300.0,14.14,4.34
SGBC,2026-05-18,36000.0,11.05,4.57
SIBC,2026-05-18,7500.0,13.49,4.4
ONTBF,2026-05-18,2800.0,13.11,6.77
ORAC,2026-05-18,15600.0,14.01,4.23
SNTS,2026-05-18,28800.0,6.96,5.75
SCRC,2026-05-18,2380.0,,1.7
SICC,2026-05-18,4380.0,136.55,
SLBC,2026-05-18,37900.0,29.05,2.83
SOGC,2026-05-18,7390.0,12.78,7.14
STBC,2026-05-18,21000.0,10.43,9.98
UNLC,2026-05-18,56000.0,803.13,
ABJC,2026-05-18,2845.0,23.32,7.25
BNBC,2026-05-18,1545.0,458.55,9.71
CFAC,2026-05-18,1500.0,57.97,0.47
LNBB,2026-05-18,3890.0,16.83,7.08
NEIC,2026-05-18,1940.0,12.16,4.22
PRSC,2026-05-18,3620.0,15.66,5.03
UNXC,2026-05-18,1830.0,,3.32
SHEC,2026-05-18,1975.0,20.64,3.81
BICB,2026-05-18,5105.0,9.72,4.99
BICC,2026-05-18,26450.0,12.07,3.14
BOAB,2026-05-18,9400.0,18.96,4.98
BOABF,2026-05-18,5400.0,12.34,7.35
BOAC,2026-05-18,8655.0,10.8,6.9
BOAM,2026-05-18,4690.0,11.62,5.06
BOAN,2026-05-18,3490.0,177.37,6.0
BOAS,2026-05-18,7700.0,12.65,4.55
CBIBF,2026-05-18,20500.0,10.02,2.71
ETIT,2026-05-18,30.0,1.57,2.02
NSBC,2026-05-18,15650.0,9.51,4.27
ORGT,2026-05-18,2495.0,8.0,2.39
SAFC,2026-05-18,4000.0,46.33,
CABC,2026-05-18,3470.0,14.27,3.25
FTSC,2026-05-18,2360.0,1.79,73.16
SDSC,2026-05-18,1695.0,4.38,5.43
SEMC,2026-05-18,1500.0,37.33,0.93
SIVC,2026-05-18,2845.0,65.92,
STAC,2026-05-18,2680.0,,2.47
CIEC,2026-05-18,3330.0,18.46,4.76
SDCC,2026-05-18,10640.0,16.28,3.31
NTLC,2026-05-19,11800.0,14.13,6.12
PALC,2026-05-19,7690.0,7.67,5.87
SPHC,2026-05-19,6850.0,7.01,4.73
SMBC,2026-05-19,12600.0,7.51,4.89
TTLC,2026-05-19,2900.0,20.09,6.75
TTLS,2026-05-19,3020.0,14.51,7.36
ECOC,2026-05-19,16300.0,14.14,4.34
SGBC,2026-05-19,35995.0,11.05,4.57
SIBC,2026-05-19,7505.0,13.5,4.4
ONTBF,2026-05-19,2855.0,13.37,6.64
ORAC,2026-05-19,15650.0,14.05,4.22
SNTS,2026-05-19,28850.0,6.98,5.74
SCRC,2026-05-19,2205.0,,1.84
SICC,2026-05-19,4450.0,138.74,
SLBC,2026-05-19,37505.0,13.49,2.86
SOGC,2026-05-19,7450.0,12.88,7.09
STBC,2026-05-19,21200.0,10.53,9.89
UNLC,2026-05-19,56100.0,804.56,
ABJC,2026-05-19,2845.0,23.32,7.25
BNBC,2026-05-19,1500.0,445.2,10.0
CFAC,2026-05-19,1500.0,57.97,0.47
LNBB,2026-05-19,3990.0,17.26,6.9
NEIC,2026-05-19,1940.0,12.16,4.22
PRSC,2026-05-19,3695.0,15.98,4.93
UNXC,2026-05-19,1795.0,,3.38
SHEC,2026-05-19,1975.0,20.64,3.81
BICB,2026-05-19,5220.0,9.94,4.88
BICC,2026-05-19,26450.0,12.07,3.14
BOAB,2026-05-19,9400.0,18.96,4.98
BOABF,2026-05-19,5400.0,12.34,7.35
BOAC,2026-05-19,8795.0,10.98,6.79
BOAM,2026-05-19,4900.0,12.14,4.84
BOAN,2026-05-19,3470.0,176.35,6.03
BOAS,2026-05-19,7900.0,12.98,4.43
CBIBF,2026-05-19,20500.0,10.02,2.71
ETIT,2026-05-19,30.0,1.57,2.02
NSBC,2026-05-19,16700.0,10.15,4.0
ORGT,2026-05-19,2500.0,8.02,2.38
SAFC,2026-05-19,3990.0,46.22,
CABC,2026-05-19,3400.0,13.98,3.32
FTSC,2026-05-19,2250.0,1.71,76.74
SDSC,2026-05-19,1710.0,4.42,5.38
SEMC,2026-05-19,1455.0,36.21,0.96
SIVC,2026-05-19,2850.0,66.03,
STAC,2026-05-19,2820.0,,2.35
CIEC,2026-05-19,3355.0,18.6,4.72
SDCC,2026-05-19,11000.0,16.83,3.2
NTLC,2026-05-20,11850.0,14.19,6.09
PALC,2026-05-20,7690.0,7.67,5.87
SPHC,2026-05-20,6850.0,7.01,4.73
SMBC,2026-05-20,12500.0,7.45,4.93
TTLC,2026-05-20,2900.0,20.09,6.75
TTLS,2026-05-20,3050.0,14.66,7.29
ECOC,2026-05-20,16300.0,14.14,4.34
SGBC,2026-05-20,36200.0,11.11,4.55
SIBC,2026-05-20,7795.0,14.02,4.23
ONTBF,2026-05-20,2855.0,13.37,6.64
ORAC,2026-05-20,15505.0,13.92,4.26
SNTS,2026-05-20,28850.0,6.98,5.74
SCRC,2026-05-20,2295.0,,1.76
SICC,2026-05-20,4620.0,144.04,
SLBC,2026-05-20,37800.0,13.59,2.84
SOGC,2026-05-20,7200.0,12.45,7.33
STBC,2026-05-20,21000.0,10.43,9.98
UNLC,2026-05-20,58000.0,831.81,
ABJC,2026-05-20,2855.0,23.41,7.22
BNBC,2026-05-20,1550.0,460.04,9.68
CFAC,2026-05-20,1480.0,57.19,0.48
LNBB,2026-05-20,3990.0,17.26,6.9
NEIC,2026-05-20,1900.0,11.91,4.3
PRSC,2026-05-20,3695.0,15.98,4.93
UNXC,2026-05-20,1760.0,,3.45
SHEC,2026-05-20,1945.0,20.33,3.87
BICB,2026-05-20,5195.0,9.89,4.9
BICC,2026-05-20,27000.0,12.32,3.08
BOAB,2026-05-20,9405.0,18.97,4.98
BOABF,2026-05-20,5415.0,12.38,7.33
BOAC,2026-05-20,8800.0,10.98,6.79
BOAM,2026-05-20,4900.0,12.14,4.84
BOAN,2026-05-20,3690.0,187.53,5.67
BOAS,2026-05-20,8050.0,13.23,4.35
CBIBF,2026-05-20,20500.0,10.02,2.71
ETIT,2026-05-20,30.0,1.57,2.02
NSBC,2026-05-20,17900.0,10.88,3.73
ORGT,2026-05-20,2500.0,8.02,2.38
SAFC,2026-05-20,3800.0,44.02,
CABC,2026-05-20,3405.0,14.0,3.31
FTSC,2026-05-20,2300.0,1.74,75.07
SDSC,2026-05-20,1650.0,4.26,5.58
SEMC,2026-05-20,1480.0,36.84,0.95
SIVC,2026-05-20,2860.0,66.27,
STAC,2026-05-20,2980.0,,2.22
CIEC,2026-05-20,3500.0,14.93,4.53
SDCC,2026-05-20,11200.0,17.14,3.14
NTLC,2026-05-21,12490.0,14.96,5.78
PALC,2026-05-21,7700.0,7.68,5.86
SPHC,2026-05-21,6895.0,7.06,4.7
SMBC,2026-05-21,12895.0,7.69,4.78
TTLC,2026-05-21,2880.0,19.95,6.79
TTLS,2026-05-21,3240.0,15.57,6.86
ECOC,2026-05-21,15520.0,14.14,4.79
SGBC,2026-05-21,36200.0,11.11,4.55
SIBC,2026-05-21,7845.0,14.11,4.21
ONTBF,2026-05-21,2855.0,13.37,6.64
ORAC,2026-05-21,15650.0,14.05,4.22
SNTS,2026-05-21,27160.0,6.99,6.02
SCRC,2026-05-21,2465.0,,1.64
SICC,2026-05-21,4610.0,143.73,
SLBC,2026-05-21,37945.0,13.64,2.83
SOGC,2026-05-21,7600.0,13.14,6.95
STBC,2026-05-21,21250.0,10.55,9.86
UNLC,2026-05-21,59900.0,859.06,
ABJC,2026-05-21,2860.0,23.45,7.21
BNBC,2026-05-21,1525.0,452.62,9.84
CFAC,2026-05-21,1485.0,57.39,0.47
LNBB,2026-05-21,3860.0,16.7,7.14
NEIC,2026-05-21,1935.0,12.13,4.23
PRSC,2026-05-21,3920.0,16.96,4.65
UNXC,2026-05-21,1760.0,,3.45
SHEC,2026-05-21,1900.0,19.86,3.96
BICB,2026-05-21,5225.0,9.95,4.87
BICC,2026-05-21,27000.0,12.32,3.08
BOAB,2026-05-21,8835.0,19.0,6.21
BOABF,2026-05-21,5415.0,12.38,7.33
BOAC,2026-05-21,8880.0,11.08,6.73
BOAM,2026-05-21,4940.0,12.24,4.8
BOAN,2026-05-21,3700.0,188.04,5.66
BOAS,2026-05-21,8000.0,13.15,4.38
CBIBF,2026-05-21,20700.0,10.11,2.68
ETIT,2026-05-21,29.0,1.52,2.09
NSBC,2026-05-21,18965.0,11.52,3.52
ORGT,2026-05-21,2590.0,8.31,2.3
SAFC,2026-05-21,3790.0,43.9,
CABC,2026-05-21,3500.0,14.39,3.22
FTSC,2026-05-21,2300.0,1.74,75.07
SDSC,2026-05-21,1690.0,4.37,5.44
SEMC,2026-05-21,1495.0,37.21,0.94
SIVC,2026-05-21,2855.0,66.15,
STAC,2026-05-21,2840.0,,2.33
CIEC,2026-05-21,3760.0,16.04,4.21
SDCC,2026-05-21,11100.0,16.99,3.17
NTLC,2026-05-22,13005.0,15.58,5.55
PALC,2026-05-22,7680.0,7.66,5.88
SPHC,2026-05-22,6945.0,7.11,4.66
SMBC,2026-05-22,12895.0,7.69,4.78
TTLC,2026-05-22,2875.0,19.92,6.81
TTLS,2026-05-22,3195.0,15.35,6.96
ECOC,2026-05-22,16300.0,14.14,4.79
SGBC,2026-05-22,36000.0,11.05,4.57
SIBC,2026-05-22,8160.0,14.68,4.04
ONTBF,2026-05-22,2850.0,13.35,6.65
ORAC,2026-05-22,15550.0,13.96,4.24
SNTS,2026-05-22,28500.0,6.89,6.11
SCRC,2026-05-22,2645.0,,1.53
SICC,2026-05-22,4400.0,137.18,
SLBC,2026-05-22,37945.0,13.64,2.83
SOGC,2026-05-22,7390.0,12.78,7.14
STBC,2026-05-22,21275.0,10.56,9.85
UNLC,2026-05-22,59000.0,846.15,
ABJC,2026-05-22,2875.0,23.57,7.17
BNBC,2026-05-22,1500.0,445.2,10.0
CFAC,2026-05-22,1485.0,57.39,0.47
LNBB,2026-05-22,3860.0,16.7,7.14
NEIC,2026-05-22,1990.0,12.47,4.11
PRSC,2026-05-22,4210.0,18.21,4.33
UNXC,2026-05-22,1795.0,,3.38
SHEC,2026-05-22,1935.0,20.22,3.89
BICB,2026-05-22,5225.0,9.95,4.87
BICC,2026-05-22,27000.0,12.32,3.08
BOAB,2026-05-22,8950.0,18.05,6.54
BOABF,2026-05-22,5440.0,12.43,7.3
BOAC,2026-05-22,8870.0,11.07,6.74
BOAM,2026-05-22,4990.0,12.36,4.75
BOAN,2026-05-22,3730.0,189.57,5.61
BOAS,2026-05-22,7990.0,13.13,4.38
CBIBF,2026-05-22,20700.0,10.11,2.68
ETIT,2026-05-22,30.0,1.57,2.02
NSBC,2026-05-22,18000.0,10.94,3.71
ORGT,2026-05-22,2700.0,8.66,2.2
SAFC,2026-05-22,3700.0,42.86,
CABC,2026-05-22,3585.0,14.74,3.14
FTSC,2026-05-22,2280.0,1.73,75.73
SDSC,2026-05-22,1700.0,4.39,5.41
SEMC,2026-05-22,1485.0,36.96,0.94
SIVC,2026-05-22,2855.0,66.15,
STAC,2026-05-22,2900.0,,2.28
CIEC,2026-05-22,4040.0,17.23,3.92
SDCC,2026-05-22,11095.0,16.98,3.17
NTLC,2026-05-26,13005.0,15.58,5.55
PALC,2026-05-26,7800.0,7.78,5.79
SPHC,2026-05-26,6945.0,7.11,4.66
SMBC,2026-05-26,13000.0,7.75,4.74
TTLC,2026-05-26,2870.0,19.89,6.82
TTLS,2026-05-26,3200.0,15.38,6.95
ECOC,2026-05-26,16300.0,14.14,4.79
SGBC,2026-05-26,36600.0,11.23,4.5
SIBC,2026-05-26,7700.0,13.85,4.29
ONTBF,2026-05-26,2855.0,13.37,6.64
ORAC,2026-05-26,15700.0,14.1,4.2
SNTS,2026-05-26,28450.0,6.88,6.12
SCRC,2026-05-26,2500.0,,1.62
SICC,2026-05-26,4390.0,136.87,
SLBC,2026-05-26,38010.0,13.67,2.82
SOGC,2026-05-26,7395.0,12.79,7.14
STBC,2026-05-26,21290.0,10.57,9.84
UNLC,2026-05-26,56205.0,806.07,
ABJC,2026-05-26,2880.0,23.61,7.16
BNBC,2026-05-26,1495.0,443.71,10.03
CFAC,2026-05-26,1485.0,57.39,0.47
LNBB,2026-05-26,3990.0,17.26,6.9
NEIC,2026-05-26,1900.0,11.91,4.3
PRSC,2026-05-26,4470.0,19.33,4.08
UNXC,2026-05-26,1780.0,,3.41
SHEC,2026-05-26,1910.0,19.96,3.94
BICB,2026-05-26,5190.0,9.88,4.91
BICC,2026-05-26,27500.0,12.55,3.02
BOAB,2026-05-26,8900.0,17.95,6.57
BOABF,2026-05-26,5500.0,12.57,7.22
BOAC,2026-05-26,8825.0,11.02,6.77
BOAM,2026-05-26,5000.0,12.39,4.74
BOAN,2026-05-26,3740.0,190.08,5.59
BOAS,2026-05-26,7745.0,12.73,4.52
CBIBF,2026-05-26,21465.0,10.49,2.59
ETIT,2026-05-26,29.0,1.52,2.09
NSBC,2026-05-26,18000.0,10.94,3.71
ORGT,2026-05-26,2740.0,8.79,2.17
SAFC,2026-05-26,3600.0,41.7,
CABC,2026-05-26,3700.0,15.22,3.05
FTSC,2026-05-26,2300.0,1.74,75.07
SDSC,2026-05-26,1690.0,4.37,5.44
SEMC,2026-05-26,1415.0,35.22,0.99
SIVC,2026-05-26,2875.0,66.61,
STAC,2026-05-26,3115.0,,2.12
CIEC,2026-05-26,4010.0,17.11,3.95
SDCC,2026-05-26,11105.0,16.99,3.17
NTLC,2026-05-28,12900.0,15.45,5.59
PALC,2026-05-28,7995.0,7.97,5.65
SPHC,2026-05-28,6995.0,7.16,4.63
SMBC,2026-05-28,13350.0,7.96,4.61
TTLC,2026-05-28,2880.0,19.95,6.79
TTLS,2026-05-28,3300.0,15.86,6.74
ECOC,2026-05-28,16300.0,14.14,4.79
SGBC,2026-05-28,36940.0,11.34,4.46
SIBC,2026-05-28,7805.0,14.04,4.23
ONTBF,2026-05-28,2850.0,13.35,6.65
ORAC,2026-05-28,16000.0,14.37,4.13
SNTS,2026-05-28,28200.0,6.82,6.17
SCRC,2026-05-28,2650.0,,1.53
SICC,2026-05-28,4380.0,136.55,
SLBC,2026-05-28,38945.0,14.0,2.76
SOGC,2026-05-28,7380.0,12.76,7.15
STBC,2026-05-28,21000.0,10.43,9.98
UNLC,2026-05-28,56300.0,807.43,
ABJC,2026-05-28,3000.0,24.6,6.87
BNBC,2026-05-28,1585.0,470.43,9.46
CFAC,2026-05-28,1485.0,57.39,0.47
LNBB,2026-05-28,3825.0,16.55,7.2
NEIC,2026-05-28,1900.0,11.91,4.3
PRSC,2026-05-28,4435.0,19.18,4.11
UNXC,2026-05-28,1770.0,,3.43
SHEC,2026-05-28,1915.0,20.01,3.93
BICB,2026-05-28,5200.0,9.9,4.9
BICC,2026-05-28,27895.0,12.73,2.98
BOAB,2026-05-28,8930.0,18.01,6.55
BOABF,2026-05-28,5600.0,12.8,7.09
BOAC,2026-05-28,8845.0,11.04,6.76
BOAM,2026-05-28,5090.0,12.61,4.66
BOAN,2026-05-28,3730.0,189.57,5.61
BOAS,2026-05-28,7250.0,12.65,5.84
CBIBF,2026-05-28,21495.0,10.5,2.58
ETIT,2026-05-28,30.0,1.57,2.02
NSBC,2026-05-28,17980.0,10.92,3.72
ORGT,2026-05-28,2735.0,8.77,2.18
SAFC,2026-05-28,3600.0,41.7,
CABC,2026-05-28,3600.0,15.42,4.05
FTSC,2026-05-28,2255.0,1.71,76.57
SDSC,2026-05-28,1750.0,4.52,5.26
SEMC,2026-05-28,1400.0,34.85,1.0
SIVC,2026-05-28,2875.0,66.61,
STAC,2026-05-28,2885.0,,2.29
CIEC,2026-05-28,4055.0,17.3,3.91
SDCC,2026-05-28,11050.0,16.91,3.19
NTLC,2026-04-01,12500.0,15.2,5.77
PALC,2026-04-01,8080.0,8.05,5.59
SPHC,2026-04-01,6960.0,7.12,4.65
SMBC,2026-04-01,12500.0,11.2,4.93
TTLC,2026-04-01,2720.0,18.85,7.19
TTLS,2026-04-01,3250.0,14.83,6.84
ECOC,2026-04-01,16500.0,15.8,4.29
SGBC,2026-04-01,34500.0,10.6,4.77
SIBC,2026-04-01,6900.0,13.74,4.78
ONTBF,2026-04-01,2940.0,9.71,6.45
ORAC,2026-04-01,15200.0,13.65,4.34
SNTS,2026-04-01,29000.0,7.01,5.71
SCRC,2026-04-01,1730.0,13.09,2.34
SICC,2026-04-01,4000.0,124.71,
SLBC,2026-04-01,39000.0,29.9,2.75
SOGC,2026-04-01,7800.0,12.85,6.77
STBC,2026-04-01,21000.0,8.43,9.98
UNLC,2026-04-01,64500.0,925.03,
ABJC,2026-04-01,3630.0,26.15,5.68
BNBC,2026-04-01,1590.0,,9.43
CFAC,2026-04-01,1620.0,62.6,0.43
LNBB,2026-04-01,3920.0,10.93,7.03
NEIC,2026-04-01,1405.0,,5.82
PRSC,2026-04-01,4880.0,21.29,3.73
UNXC,2026-04-01,1975.0,,3.08
SHEC,2026-04-01,2185.0,25.71,3.45
BICB,2026-04-01,5150.0,9.8,4.94
BICC,2026-04-01,24250.0,15.41,3.43
BOAB,2026-04-01,7600.0,15.69,6.16
BOABF,2026-04-01,5550.0,12.68,7.71
BOAC,2026-04-01,8500.0,10.61,5.52
BOAM,2026-04-01,4680.0,11.59,5.07
BOAN,2026-04-01,2700.0,137.22,7.75
BOAS,2026-04-01,6785.0,11.15,5.16
CBIBF,2026-04-01,13850.0,9.25,4.01
ETIT,2026-04-01,33.0,1.99,1.83
NSBC,2026-04-01,14100.0,9.15,4.74
ORGT,2026-04-01,3660.0,,1.63
SAFC,2026-04-01,7555.0,,
CABC,2026-04-01,3655.0,15.03,3.08
FTSC,2026-04-01,2300.0,1.74,75.07
SDSC,2026-04-01,1925.0,4.97,4.78
SEMC,2026-04-01,1975.0,49.16,0.71
SIVC,2026-04-01,2920.0,67.66,
STAC,2026-04-01,2925.0,,2.26
CIEC,2026-04-01,3400.0,18.85,4.66
SDCC,2026-04-01,7400.0,16.82,4.76
NTLC,2026-04-02,12450.0,15.14,5.8
PALC,2026-04-02,8150.0,8.12,5.54
SPHC,2026-04-02,7040.0,7.21,4.6
SMBC,2026-04-02,12450.0,11.16,4.95
TTLC,2026-04-02,2705.0,18.74,7.23
TTLS,2026-04-02,3350.0,15.29,6.64
ECOC,2026-04-02,16350.0,15.66,4.33
SGBC,2026-04-02,34500.0,10.6,4.77
SIBC,2026-04-02,6995.0,13.92,4.72
ONTBF,2026-04-02,2900.0,9.58,6.54
ORAC,2026-04-02,15200.0,13.65,4.34
SNTS,2026-04-02,28900.0,6.99,5.73
SCRC,2026-04-02,1810.0,13.69,2.24
SICC,2026-04-02,4000.0,124.71,
SLBC,2026-04-02,38850.0,29.78,2.76
SOGC,2026-04-02,7690.0,12.67,6.87
STBC,2026-04-02,21500.0,8.63,9.75
UNLC,2026-04-02,65000.0,932.2,
ABJC,2026-04-02,3660.0,26.36,5.63
BNBC,2026-04-02,1590.0,,9.43
CFAC,2026-04-02,1605.0,62.02,0.44
LNBB,2026-04-02,3850.0,10.73,7.16
NEIC,2026-04-02,1395.0,,5.86
PRSC,2026-04-02,4765.0,20.79,3.82
UNXC,2026-04-02,1980.0,,3.07
SHEC,2026-04-02,2170.0,25.53,3.47
BICB,2026-04-02,5200.0,9.9,4.9
BICC,2026-04-02,24600.0,15.63,3.38
BOAB,2026-04-02,7500.0,15.48,6.24
BOABF,2026-04-02,5600.0,12.8,7.64
BOAC,2026-04-02,8500.0,10.61,5.52
BOAM,2026-04-02,4600.0,11.39,5.16
BOAN,2026-04-02,2660.0,135.19,7.87
BOAS,2026-04-02,6850.0,11.26,5.11
CBIBF,2026-04-02,14885.0,9.94,3.73
ETIT,2026-04-02,33.0,1.99,1.83
NSBC,2026-04-02,14155.0,9.19,4.72
ORGT,2026-04-02,3660.0,,1.63
SAFC,2026-04-02,7500.0,,
CABC,2026-04-02,3885.0,15.98,2.9
FTSC,2026-04-02,2300.0,1.74,75.07
SDSC,2026-04-02,1855.0,4.79,4.96
SEMC,2026-04-02,1900.0,47.29,0.74
SIVC,2026-04-02,2930.0,67.89,
STAC,2026-04-02,3140.0,,2.11
CIEC,2026-04-02,3400.0,18.85,4.66
SDCC,2026-04-02,7400.0,16.82,4.76
NTLC,2026-04-03,12300.0,14.96,5.87
PALC,2026-04-03,8150.0,8.12,5.54
SPHC,2026-04-03,7000.0,7.16,4.63
SMBC,2026-04-03,12000.0,10.75,5.13
TTLC,2026-04-03,2705.0,18.74,7.23
TTLS,2026-04-03,3390.0,15.47,6.56
ECOC,2026-04-03,16350.0,15.66,4.33
SGBC,2026-04-03,34200.0,10.51,4.81
SIBC,2026-04-03,7000.0,13.93,4.71
ONTBF,2026-04-03,2935.0,9.69,6.46
ORAC,2026-04-03,15000.0,13.47,4.4
SNTS,2026-04-03,29000.0,7.01,5.71
SCRC,2026-04-03,1945.0,14.72,2.08
SICC,2026-04-03,4000.0,124.71,
SLBC,2026-04-03,38900.0,29.82,2.76
SOGC,2026-04-03,7710.0,12.7,6.85
STBC,2026-04-03,21500.0,8.63,9.75
UNLC,2026-04-03,69005.0,989.64,
ABJC,2026-04-03,3600.0,25.93,5.73
BNBC,2026-04-03,1515.0,,9.9
CFAC,2026-04-03,1620.0,62.6,0.43
LNBB,2026-04-03,3850.0,10.73,7.16
NEIC,2026-04-03,1400.0,,5.84
PRSC,2026-04-03,4760.0,20.77,3.83
UNXC,2026-04-03,1925.0,,3.16
SHEC,2026-04-03,2200.0,25.89,3.42
BICB,2026-04-03,5175.0,9.85,4.92
BICC,2026-04-03,24000.0,15.25,3.46
BOAB,2026-04-03,7600.0,15.69,6.16
BOABF,2026-04-03,5590.0,12.78,7.66
BOAC,2026-04-03,8495.0,10.6,5.52
BOAM,2026-04-03,4685.0,11.61,5.06
BOAN,2026-04-03,2660.0,135.19,7.87
BOAS,2026-04-03,6800.0,11.18,5.15
CBIBF,2026-04-03,15005.0,10.02,3.7
ETIT,2026-04-03,34.0,2.05,1.78
NSBC,2026-04-03,14180.0,9.2,4.71
ORGT,2026-04-03,3660.0,,1.63
SAFC,2026-04-03,7445.0,,
CABC,2026-04-03,3945.0,16.22,2.86
FTSC,2026-04-03,2350.0,1.78,73.47
SDSC,2026-04-03,1860.0,4.81,4.95
SEMC,2026-04-03,1985.0,49.41,0.71
SIVC,2026-04-03,2940.0,68.12,
STAC,2026-04-03,3375.0,,1.96
CIEC,2026-04-03,3400.0,18.85,4.66
SDCC,2026-04-03,7400.0,16.82,4.76
NTLC,2026-04-07,12300.0,14.96,5.87
PALC,2026-04-07,8200.0,8.17,5.51
SPHC,2026-04-07,7045.0,7.21,4.6
SMBC,2026-04-07,11900.0,10.66,5.18
TTLC,2026-04-07,2650.0,18.36,7.38
TTLS,2026-04-07,3370.0,15.38,6.6
ECOC,2026-04-07,16350.0,15.66,4.33
SGBC,2026-04-07,34000.0,10.45,4.84
SIBC,2026-04-07,6995.0,13.92,4.72
ONTBF,2026-04-07,2850.0,9.41,6.65
ORAC,2026-04-07,15200.0,13.65,4.34
SNTS,2026-04-07,29000.0,7.01,5.71
SCRC,2026-04-07,1900.0,14.37,2.13
SICC,2026-04-07,3765.0,117.38,
SLBC,2026-04-07,38000.0,29.13,2.83
SOGC,2026-04-07,7800.0,12.85,6.77
STBC,2026-04-07,21400.0,8.59,9.79
UNLC,2026-04-07,65000.0,932.2,
ABJC,2026-04-07,3420.0,24.63,6.03
BNBC,2026-04-07,1595.0,,9.4
CFAC,2026-04-07,1635.0,63.18,0.43
LNBB,2026-04-07,3915.0,10.91,7.04
NEIC,2026-04-07,1380.0,,5.93
PRSC,2026-04-07,4995.0,21.8,3.65
UNXC,2026-04-07,1980.0,,3.07
SHEC,2026-04-07,2190.0,25.77,3.44
BICB,2026-04-07,5110.0,9.73,4.98
BICC,2026-04-07,23605.0,15.0,3.52
BOAB,2026-04-07,7600.0,15.69,6.16
BOABF,2026-04-07,5650.0,12.91,7.58
BOAC,2026-04-07,8395.0,10.48,5.59
BOAM,2026-04-07,4595.0,11.38,5.16
BOAN,2026-04-07,2810.0,142.81,7.45
BOAS,2026-04-07,6800.0,11.18,5.15
CBIBF,2026-04-07,15000.0,10.01,3.7
ETIT,2026-04-07,34.0,2.05,1.78
NSBC,2026-04-07,14295.0,9.28,4.67
ORGT,2026-04-07,3650.0,,1.63
SAFC,2026-04-07,7005.0,,
CABC,2026-04-07,4240.0,17.44,2.66
FTSC,2026-04-07,2305.0,1.75,74.9
SDSC,2026-04-07,1900.0,4.91,4.84
SEMC,2026-04-07,1920.0,47.79,0.73
SIVC,2026-04-07,2935.0,68.0,
STAC,2026-04-07,3625.0,,1.82
CIEC,2026-04-07,3350.0,18.57,4.73
SDCC,2026-04-07,7500.0,17.05,4.69
NTLC,2026-04-08,12200.0,14.84,5.91
PALC,2026-04-08,8200.0,8.17,5.51
SPHC,2026-04-08,7050.0,7.22,4.59
SMBC,2026-04-08,11850.0,10.62,5.2
TTLC,2026-04-08,2650.0,18.36,7.38
TTLS,2026-04-08,3290.0,15.01,6.76
ECOC,2026-04-08,16500.0,15.8,4.29
SGBC,2026-04-08,33100.0,10.17,4.97
SIBC,2026-04-08,7000.0,13.93,4.71
ONTBF,2026-04-08,2850.0,9.41,6.65
ORAC,2026-04-08,15000.0,13.47,4.4
SNTS,2026-04-08,28800.0,6.96,5.75
SCRC,2026-04-08,1980.0,14.98,2.05
SICC,2026-04-08,3995.0,124.55,
SLBC,2026-04-08,37500.0,28.75,2.86
SOGC,2026-04-08,7800.0,12.85,6.77
STBC,2026-04-08,21340.0,8.57,9.82
UNLC,2026-04-08,60125.0,862.29,
ABJC,2026-04-08,3425.0,24.67,6.02
BNBC,2026-04-08,1585.0,,9.46
CFAC,2026-04-08,1700.0,65.69,0.41
LNBB,2026-04-08,3910.0,10.9,7.05
NEIC,2026-04-08,1380.0,,5.93
PRSC,2026-04-08,5100.0,22.25,3.57
UNXC,2026-04-08,1935.0,,3.14
SHEC,2026-04-08,2185.0,25.71,3.45
BICB,2026-04-08,5110.0,9.73,4.98
BICC,2026-04-08,24000.0,15.25,3.46
BOAB,2026-04-08,7595.0,15.68,6.16
BOABF,2026-04-08,5675.0,12.97,7.54
BOAC,2026-04-08,8380.0,10.46,5.6
BOAM,2026-04-08,4650.0,11.52,5.1
BOAN,2026-04-08,2800.0,142.3,7.47
BOAS,2026-04-08,6685.0,10.99,5.24
CBIBF,2026-04-08,15000.0,10.01,3.7
ETIT,2026-04-08,34.0,2.05,1.78
NSBC,2026-04-08,14200.0,9.22,4.71
ORGT,2026-04-08,3600.0,,1.65
SAFC,2026-04-08,6985.0,,
CABC,2026-04-08,4425.0,18.2,2.55
FTSC,2026-04-08,2375.0,1.8,72.7
SDSC,2026-04-08,1920.0,4.96,4.79
SEMC,2026-04-08,1930.0,48.04,0.73
SIVC,2026-04-08,2935.0,68.0,
STAC,2026-04-08,3895.0,,1.7
CIEC,2026-04-08,3350.0,18.57,4.73
SDCC,2026-04-08,7300.0,16.6,4.82
NTLC,2026-04-09,12300.0,14.96,5.87
PALC,2026-04-09,8700.0,8.67,5.19
SPHC,2026-04-09,7265.0,7.44,4.46
SMBC,2026-04-09,11750.0,10.53,5.24
TTLC,2026-04-09,2700.0,18.71,7.25
TTLS,2026-04-09,3250.0,14.83,6.84
ECOC,2026-04-09,16200.0,15.52,4.37
SGBC,2026-04-09,33980.0,10.44,4.84
SIBC,2026-04-09,7100.0,14.13,4.65
ONTBF,2026-04-09,2800.0,11.98,6.77
ORAC,2026-04-09,15100.0,13.56,4.37
SNTS,2026-04-09,28795.0,6.96,5.75
SCRC,2026-04-09,2125.0,16.08,1.91
SICC,2026-04-09,3995.0,124.55,
SLBC,2026-04-09,37500.0,28.75,2.86
SOGC,2026-04-09,7950.0,13.1,6.64
STBC,2026-04-09,21225.0,8.52,9.88
UNLC,2026-04-09,58000.0,831.81,
ABJC,2026-04-09,3420.0,24.63,6.03
BNBC,2026-04-09,1580.0,,9.49
CFAC,2026-04-09,1695.0,65.5,0.42
LNBB,2026-04-09,3855.0,10.74,7.15
NEIC,2026-04-09,1365.0,,5.99
PRSC,2026-04-09,4950.0,21.6,3.68
UNXC,2026-04-09,1945.0,,3.12
SHEC,2026-04-09,2185.0,25.71,3.45
BICB,2026-04-09,5180.0,9.86,4.92
BICC,2026-04-09,23500.0,14.93,3.53
BOAB,2026-04-09,7540.0,15.57,6.21
BOABF,2026-04-09,5685.0,12.99,7.53
BOAC,2026-04-09,8480.0,10.59,5.53
BOAM,2026-04-09,4645.0,11.51,5.11
BOAN,2026-04-09,2800.0,142.3,7.47
BOAS,2026-04-09,6700.0,11.01,5.22
CBIBF,2026-04-09,15060.0,10.05,3.69
ETIT,2026-04-09,34.0,2.05,1.78
NSBC,2026-04-09,14245.0,9.24,4.69
ORGT,2026-04-09,3650.0,,1.63
SAFC,2026-04-09,7000.0,,
CABC,2026-04-09,4095.0,16.84,2.75
FTSC,2026-04-09,2305.0,1.75,74.9
SDSC,2026-04-09,1900.0,4.91,4.84
SEMC,2026-04-09,1920.0,47.79,0.73
SIVC,2026-04-09,3005.0,69.63,
STAC,2026-04-09,3605.0,,1.83
CIEC,2026-04-09,3245.0,17.99,4.88
SDCC,2026-04-09,7200.0,16.37,4.89
NTLC,2026-04-10,12280.0,14.93,5.88
PALC,2026-04-10,8600.0,8.57,5.25
SPHC,2026-04-10,7445.0,7.62,4.35
SMBC,2026-04-10,11600.0,10.4,5.31
TTLC,2026-04-10,2800.0,19.4,6.99
TTLS,2026-04-10,3155.0,14.4,7.05
ECOC,2026-04-10,16210.0,15.53,4.36
SGBC,2026-04-10,34000.0,10.45,4.84
SIBC,2026-04-10,7095.0,14.12,4.65
ONTBF,2026-04-10,2790.0,13.07,6.79
ORAC,2026-04-10,15005.0,13.47,4.4
SNTS,2026-04-10,28800.0,6.96,5.75
SCRC,2026-04-10,2025.0,15.32,2.0
SICC,2026-04-10,3995.0,124.55,
SLBC,2026-04-10,37200.0,28.52,2.89
SOGC,2026-04-10,7970.0,13.13,6.62
STBC,2026-04-10,21225.0,8.52,9.88
UNLC,2026-04-10,58000.0,831.81,
ABJC,2026-04-10,3470.0,24.99,5.94
BNBC,2026-04-10,1580.0,,9.49
CFAC,2026-04-10,1640.0,63.38,0.43
LNBB,2026-04-10,3895.0,10.86,7.07
NEIC,2026-04-10,1370.0,,5.97
PRSC,2026-04-10,5050.0,22.04,3.61
UNXC,2026-04-10,1960.0,,3.1
SHEC,2026-04-10,2190.0,25.77,3.44
BICB,2026-04-10,5150.0,9.8,4.94
BICC,2026-04-10,23500.0,14.93,3.53
BOAB,2026-04-10,7500.0,15.48,6.24
BOABF,2026-04-10,5680.0,12.98,7.54
BOAC,2026-04-10,8485.0,10.59,5.53
BOAM,2026-04-10,4630.0,11.47,5.12
BOAN,2026-04-10,2825.0,143.57,7.41
BOAS,2026-04-10,6690.0,10.99,5.23
CBIBF,2026-04-10,15200.0,10.15,3.65
ETIT,2026-04-10,34.0,2.05,1.78
NSBC,2026-04-10,14200.0,9.22,4.71
ORGT,2026-04-10,3650.0,,1.63
SAFC,2026-04-10,7435.0,,
CABC,2026-04-10,4340.0,17.85,2.6
FTSC,2026-04-10,2305.0,1.75,74.9
SDSC,2026-04-10,1895.0,4.9,4.85
SEMC,2026-04-10,1925.0,47.91,0.73
SIVC,2026-04-10,3060.0,70.9,
STAC,2026-04-10,3450.0,,1.92
CIEC,2026-04-10,3195.0,17.71,4.96
SDCC,2026-04-10,7250.0,16.48,4.86
NTLC,2026-04-13,12000.0,14.59,6.01
PALC,2026-04-13,8500.0,8.47,5.31
SPHC,2026-04-13,7320.0,7.49,4.42
SMBC,2026-04-13,11900.0,10.66,5.18
TTLC,2026-04-13,2795.0,19.37,7.0
TTLS,2026-04-13,3000.0,13.69,7.41
ECOC,2026-04-13,15615.0,14.96,4.53
SGBC,2026-04-13,33900.0,10.42,4.85
SIBC,2026-04-13,7000.0,13.93,4.71
ONTBF,2026-04-13,2850.0,13.35,6.65
ORAC,2026-04-13,14790.0,13.28,4.46
SNTS,2026-04-13,28800.0,6.96,5.75
SCRC,2026-04-13,1995.0,15.09,2.03
SICC,2026-04-13,4200.0,130.94,
SLBC,2026-04-13,37200.0,28.52,2.89
SOGC,2026-04-13,7900.0,13.02,6.68
STBC,2026-04-13,21000.0,8.43,9.98
UNLC,2026-04-13,61995.0,889.1,
ABJC,2026-04-13,3475.0,25.03,5.93
BNBC,2026-04-13,1550.0,,9.68
CFAC,2026-04-13,1630.0,62.99,0.43
LNBB,2026-04-13,3855.0,10.74,7.15
NEIC,2026-04-13,1405.0,,5.82
PRSC,2026-04-13,4900.0,21.38,3.72
UNXC,2026-04-13,1975.0,,3.08
SHEC,2026-04-13,2150.0,25.3,3.5
BICB,2026-04-13,5120.0,9.75,4.97
BICC,2026-04-13,22500.0,14.3,3.69
BOAB,2026-04-13,7450.0,15.38,6.28
BOABF,2026-04-13,5680.0,12.98,7.54
BOAC,2026-04-13,8500.0,10.61,5.52
BOAM,2026-04-13,4580.0,11.35,5.18
BOAN,2026-04-13,2895.0,147.13,7.23
BOAS,2026-04-13,6730.0,11.06,5.2
CBIBF,2026-04-13,15215.0,10.16,3.65
ETIT,2026-04-13,34.0,1.78,1.78
NSBC,2026-04-13,14175.0,9.2,4.71
ORGT,2026-04-13,3555.0,,1.67
SAFC,2026-04-13,7395.0,,
CABC,2026-04-13,4190.0,17.23,2.69
FTSC,2026-04-13,2295.0,1.74,75.23
SDSC,2026-04-13,1900.0,4.91,4.84
SEMC,2026-04-13,1940.0,48.29,0.72
SIVC,2026-04-13,3215.0,74.49,
STAC,2026-04-13,3500.0,,1.89
CIEC,2026-04-13,3150.0,17.46,5.03
SDCC,2026-04-13,7150.0,16.25,4.92
NTLC,2026-04-14,12000.0,14.59,6.01
PALC,2026-04-14,8300.0,8.27,5.44
SPHC,2026-04-14,7395.0,7.57,4.38
SMBC,2026-04-14,11850.0,10.62,5.2
TTLC,2026-04-14,2840.0,19.68,6.89
TTLS,2026-04-14,2995.0,13.67,7.43
ECOC,2026-04-14,15620.0,13.55,4.53
SGBC,2026-04-14,33505.0,10.3,4.91
SIBC,2026-04-14,7000.0,13.93,4.71
ONTBF,2026-04-14,2900.0,13.58,6.54
ORAC,2026-04-14,15170.0,13.62,4.35
SNTS,2026-04-14,28000.0,6.77,5.91
SCRC,2026-04-14,2000.0,15.13,2.03
SICC,2026-04-14,4225.0,131.72,
SLBC,2026-04-14,38395.0,29.43,2.8
SOGC,2026-04-14,7850.0,12.93,6.73
STBC,2026-04-14,21050.0,8.45,9.96
UNLC,2026-04-14,61995.0,889.1,
ABJC,2026-04-14,3430.0,24.71,6.01
BNBC,2026-04-14,1565.0,,9.58
CFAC,2026-04-14,1600.0,61.83,0.44
LNBB,2026-04-14,3855.0,10.74,7.15
NEIC,2026-04-14,1400.0,,5.84
PRSC,2026-04-14,5000.0,21.82,3.64
UNXC,2026-04-14,1955.0,,3.11
SHEC,2026-04-14,2050.0,24.12,3.67
BICB,2026-04-14,5135.0,9.78,4.96
BICC,2026-04-14,23010.0,14.62,3.61
BOAB,2026-04-14,7400.0,15.28,6.32
BOABF,2026-04-14,5645.0,12.9,7.58
BOAC,2026-04-14,8500.0,10.61,5.52
BOAM,2026-04-14,4590.0,11.37,5.17
BOAN,2026-04-14,2830.0,143.83,7.39
BOAS,2026-04-14,6750.0,11.09,5.19
CBIBF,2026-04-14,15350.0,10.25,3.62
ETIT,2026-04-14,32.0,1.67,1.89
NSBC,2026-04-14,14100.0,9.15,4.74
ORGT,2026-04-14,3435.0,,1.73
SAFC,2026-04-14,6845.0,,
CABC,2026-04-14,3995.0,16.43,2.82
FTSC,2026-04-14,2220.0,1.68,77.77
SDSC,2026-04-14,1890.0,4.88,4.87
SEMC,2026-04-14,1905.0,47.41,0.73
SIVC,2026-04-14,3160.0,73.22,
STAC,2026-04-14,3240.0,,2.04
CIEC,2026-04-14,3135.0,17.38,5.05
SDCC,2026-04-14,7150.0,16.25,4.92
NTLC,2026-04-15,11995.0,14.59,6.02
PALC,2026-04-15,8035.0,8.01,5.62
SPHC,2026-04-15,7100.0,7.27,4.56
SMBC,2026-04-15,11650.0,10.44,5.29
TTLC,2026-04-15,2795.0,19.37,7.0
TTLS,2026-04-15,3215.0,14.67,6.92
ECOC,2026-04-15,15700.0,13.61,4.51
SGBC,2026-04-15,33000.0,10.14,4.99
SIBC,2026-04-15,7000.0,13.93,4.71
ONTBF,2026-04-15,2795.0,13.09,6.78
ORAC,2026-04-15,15165.0,13.62,4.35
SNTS,2026-04-15,28500.0,6.89,5.81
SCRC,2026-04-15,1995.0,15.09,2.03
SICC,2026-04-15,4225.0,131.72,
SLBC,2026-04-15,39000.0,29.9,2.75
SOGC,2026-04-15,7920.0,13.05,6.67
STBC,2026-04-15,20800.0,8.35,10.08
UNLC,2026-04-15,62000.0,889.18,
ABJC,2026-04-15,3430.0,24.71,6.01
BNBC,2026-04-15,1570.0,,9.55
CFAC,2026-04-15,1500.0,57.97,0.47
LNBB,2026-04-15,3855.0,10.74,7.15
NEIC,2026-04-15,1385.0,,5.9
PRSC,2026-04-15,4995.0,21.8,3.65
UNXC,2026-04-15,1855.0,,3.27
SHEC,2026-04-15,2000.0,23.53,3.76
BICB,2026-04-15,5150.0,9.8,4.94
BICC,2026-04-15,23250.0,14.78,3.57
BOAB,2026-04-15,7650.0,15.43,6.12
BOABF,2026-04-15,5630.0,12.87,7.6
BOAC,2026-04-15,8400.0,10.49,5.58
BOAM,2026-04-15,4590.0,11.37,5.17
BOAN,2026-04-15,2830.0,143.83,7.39
BOAS,2026-04-15,6750.0,11.09,5.19
CBIBF,2026-04-15,15700.0,10.48,3.54
ETIT,2026-04-15,30.0,1.57,2.02
NSBC,2026-04-15,14170.0,9.2,4.72
ORGT,2026-04-15,3435.0,,1.73
SAFC,2026-04-15,6335.0,,
CABC,2026-04-15,3895.0,16.02,2.89
FTSC,2026-04-15,2260.0,1.71,76.4
SDSC,2026-04-15,1875.0,4.84,4.91
SEMC,2026-04-15,1890.0,47.04,0.74
SIVC,2026-04-15,2925.0,67.77,
STAC,2026-04-15,3000.0,,2.21
CIEC,2026-04-15,3140.0,17.41,5.04
SDCC,2026-04-15,7150.0,16.25,4.92
NTLC,2026-04-16,11800.0,14.35,6.12
PALC,2026-04-16,8100.0,8.07,5.57
SPHC,2026-04-16,6975.0,7.14,4.64
SMBC,2026-04-16,11535.0,10.34,5.34
TTLC,2026-04-16,2795.0,19.37,7.0
TTLS,2026-04-16,3280.0,14.97,6.78
ECOC,2026-04-16,15710.0,13.62,4.5
SGBC,2026-04-16,33000.0,10.13,4.99
SIBC,2026-04-16,7000.0,13.93,4.71
ONTBF,2026-04-16,2720.0,12.74,6.97
ORAC,2026-04-16,15000.0,13.47,4.4
SNTS,2026-04-16,27500.0,6.65,6.02
SCRC,2026-04-16,2050.0,15.51,1.98
SICC,2026-04-16,3930.0,122.52,
SLBC,2026-04-16,39985.0,30.65,2.69
SOGC,2026-04-16,7920.0,13.05,6.67
STBC,2026-04-16,20050.0,8.05,10.45
UNLC,2026-04-16,57500.0,824.64,
ABJC,2026-04-16,3450.0,24.85,5.98
BNBC,2026-04-16,1565.0,,9.58
CFAC,2026-04-16,1550.0,59.9,0.45
LNBB,2026-04-16,3860.0,10.76,7.14
NEIC,2026-04-16,1380.0,,5.93
PRSC,2026-04-16,4995.0,21.8,3.65
UNXC,2026-04-16,1870.0,,3.25
SHEC,2026-04-16,1990.0,23.42,3.78
BICB,2026-04-16,5110.0,9.73,4.98
BICC,2026-04-16,23500.0,14.93,3.53
BOAB,2026-04-16,7985.0,16.11,5.86
BOABF,2026-04-16,5630.0,12.87,7.6
BOAC,2026-04-16,8400.0,10.49,5.58
BOAM,2026-04-16,4650.0,11.52,5.1
BOAN,2026-04-16,3000.0,152.47,6.98
BOAS,2026-04-16,6750.0,11.09,5.19
CBIBF,2026-04-16,16500.0,11.01,3.36
ETIT,2026-04-16,28.0,1.47,2.16
NSBC,2026-04-16,14195.0,9.21,4.71
ORGT,2026-04-16,3410.0,,1.75
SAFC,2026-04-16,5860.0,,
CABC,2026-04-16,3880.0,15.96,2.91
FTSC,2026-04-16,2180.0,1.65,79.2
SDSC,2026-04-16,1840.0,4.75,5.0
SEMC,2026-04-16,1750.0,43.56,0.8
SIVC,2026-04-16,2800.0,64.88,
STAC,2026-04-16,2950.0,,2.24
CIEC,2026-04-16,3100.0,17.19,5.11
SDCC,2026-04-16,7140.0,16.23,4.93
NTLC,2026-04-17,12000.0,14.59,6.01
PALC,2026-04-17,8100.0,8.07,5.57
SPHC,2026-04-17,7300.0,7.47,4.44
SMBC,2026-04-17,11535.0,10.34,5.34
TTLC,2026-04-17,2795.0,19.37,7.0
TTLS,2026-04-17,3280.0,14.97,6.78
ECOC,2026-04-17,16250.0,14.09,4.35
SGBC,2026-04-17,33000.0,10.13,4.99
SIBC,2026-04-17,7020.0,13.97,4.7
ONTBF,2026-04-17,2720.0,12.74,6.97
ORAC,2026-04-17,14700.0,13.2,4.49
SNTS,2026-04-17,28495.0,6.89,5.81
SCRC,2026-04-17,2040.0,15.43,1.99
SICC,2026-04-17,4220.0,131.57,
SLBC,2026-04-17,39800.0,30.51,2.7
SOGC,2026-04-17,7870.0,12.97,6.71
STBC,2026-04-17,20500.0,8.23,10.22
UNLC,2026-04-17,57500.0,824.64,
ABJC,2026-04-17,3305.0,23.8,6.24
BNBC,2026-04-17,1505.0,,9.97
CFAC,2026-04-17,1545.0,59.7,0.46
LNBB,2026-04-17,3930.0,10.95,7.01
NEIC,2026-04-17,1370.0,,5.97
PRSC,2026-04-17,4900.0,21.38,3.72
UNXC,2026-04-17,1875.0,,3.24
SHEC,2026-04-17,1890.0,22.24,3.98
BICB,2026-04-17,5110.0,9.73,4.98
BICC,2026-04-17,23705.0,10.82,3.5
BOAB,2026-04-17,7985.0,16.11,5.86
BOABF,2026-04-17,5630.0,12.87,7.6
BOAC,2026-04-17,8600.0,10.74,5.45
BOAM,2026-04-17,4700.0,11.64,5.05
BOAN,2026-04-17,3200.0,162.63,6.54
BOAS,2026-04-17,6795.0,11.17,5.15
CBIBF,2026-04-17,16805.0,11.22,3.3
ETIT,2026-04-17,26.0,1.36,2.33
NSBC,2026-04-17,14050.0,9.12,4.76
ORGT,2026-04-17,3360.0,,1.77
SAFC,2026-04-17,5425.0,,
CABC,2026-04-17,3805.0,15.65,2.96
FTSC,2026-04-17,2200.0,1.67,78.48
SDSC,2026-04-17,1785.0,4.61,5.15
SEMC,2026-04-17,1625.0,40.45,0.86
SIVC,2026-04-17,2700.0,62.56,
STAC,2026-04-17,2755.0,,2.4
CIEC,2026-04-17,3100.0,17.19,5.11
SDCC,2026-04-17,7140.0,16.23,4.93
NTLC,2026-04-20,12480.0,15.18,5.78
PALC,2026-04-20,8060.0,8.03,5.6
SPHC,2026-04-20,7395.0,7.57,4.38
SMBC,2026-04-20,11535.0,10.34,5.34
TTLC,2026-04-20,2750.0,19.05,7.12
TTLS,2026-04-20,3250.0,14.83,6.84
ECOC,2026-04-20,15810.0,13.71,4.48
SGBC,2026-04-20,32800.0,10.07,5.02
SIBC,2026-04-20,7015.0,,4.7
ONTBF,2026-04-20,2720.0,12.74,6.97
ORAC,2026-04-20,14900.0,13.38,4.43
SNTS,2026-04-20,28400.0,6.87,5.83
SCRC,2026-04-20,2040.0,15.43,1.99
SICC,2026-04-20,4220.0,131.57,
SLBC,2026-04-20,39190.0,30.04,2.74
SOGC,2026-04-20,7700.0,12.69,6.86
STBC,2026-04-20,20900.0,8.39,10.03
UNLC,2026-04-20,57500.0,824.64,
ABJC,2026-04-20,3315.0,23.88,6.22
BNBC,2026-04-20,1560.0,,9.62
CFAC,2026-04-20,1550.0,59.9,0.45
LNBB,2026-04-20,3860.0,10.76,7.14
NEIC,2026-04-20,1380.0,,5.93
PRSC,2026-04-20,4900.0,21.38,3.72
UNXC,2026-04-20,1875.0,,3.24
SHEC,2026-04-20,1895.0,22.3,3.97
BICB,2026-04-20,5110.0,9.73,4.98
BICC,2026-04-20,25000.0,11.41,3.32
BOAB,2026-04-20,8000.0,16.14,5.85
BOABF,2026-04-20,5645.0,12.9,7.58
BOAC,2026-04-20,8695.0,10.85,5.39
BOAM,2026-04-20,4700.0,11.64,5.05
BOAN,2026-04-20,3305.0,167.97,6.33
BOAS,2026-04-20,6750.0,11.09,5.19
CBIBF,2026-04-20,16800.0,11.21,3.3
ETIT,2026-04-20,27.0,1.41,2.24
NSBC,2026-04-20,14100.0,9.15,4.74
ORGT,2026-04-20,3205.0,,1.86
SAFC,2026-04-20,5830.0,,
CABC,2026-04-20,3800.0,15.63,2.97
FTSC,2026-04-20,2195.0,1.66,78.66
SDSC,2026-04-20,1775.0,4.59,5.18
SEMC,2026-04-20,1745.0,43.43,0.8
SIVC,2026-04-20,2695.0,62.44,
STAC,2026-04-20,2760.0,,2.4
CIEC,2026-04-20,3050.0,16.91,5.19
SDCC,2026-04-20,7200.0,16.37,4.89
NTLC,2026-04-21,12100.0,14.71,5.96
PALC,2026-04-21,8060.0,8.03,5.6
SPHC,2026-04-21,7355.0,7.53,4.4
SMBC,2026-04-21,11700.0,10.49,5.26
TTLC,2026-04-21,2700.0,18.71,7.25
TTLS,2026-04-21,3200.0,14.6,6.95
ECOC,2026-04-21,15810.0,13.71,4.48
SGBC,2026-04-21,34940.0,10.73,4.71
SIBC,2026-04-21,7010.0,12.61,4.71
ONTBF,2026-04-21,2710.0,12.69,6.99
ORAC,2026-04-21,14905.0,13.38,4.43
SNTS,2026-04-21,28500.0,6.89,5.81
SCRC,2026-04-21,2010.0,15.21,2.01
SICC,2026-04-21,4300.0,134.06,
SLBC,2026-04-21,38500.0,29.51,2.79
SOGC,2026-04-21,7680.0,12.65,6.88
STBC,2026-04-21,20900.0,8.39,10.03
UNLC,2026-04-21,57200.0,820.34,
ABJC,2026-04-21,3230.0,23.26,6.38
BNBC,2026-04-21,1565.0,,9.58
CFAC,2026-04-21,1590.0,61.44,0.44
LNBB,2026-04-21,3860.0,10.76,7.14
NEIC,2026-04-21,1380.0,,5.93
PRSC,2026-04-21,4800.0,20.95,3.8
UNXC,2026-04-21,1875.0,,3.24
SHEC,2026-04-21,2000.0,23.53,3.76
BICB,2026-04-21,5100.0,9.71,4.99
BICC,2026-04-21,24850.0,11.34,3.34
BOAB,2026-04-21,8000.0,16.14,5.85
BOABF,2026-04-21,5235.0,12.87,7.05
BOAC,2026-04-21,8495.0,10.6,5.52
BOAM,2026-04-21,4695.0,11.63,5.05
BOAN,2026-04-21,3360.0,170.76,6.23
BOAS,2026-04-21,6790.0,11.16,5.15
CBIBF,2026-04-21,16845.0,11.24,3.29
ETIT,2026-04-21,29.0,1.52,2.09
NSBC,2026-04-21,14105.0,9.15,4.74
ORGT,2026-04-21,3295.0,,1.81
SAFC,2026-04-21,6200.0,,
CABC,2026-04-21,3515.0,14.46,3.21
FTSC,2026-04-21,2220.0,1.68,77.77
SDSC,2026-04-21,1805.0,4.66,5.1
SEMC,2026-04-21,1800.0,44.8,0.78
SIVC,2026-04-21,2695.0,62.44,
STAC,2026-04-21,2850.0,,2.32
CIEC,2026-04-21,3055.0,16.94,5.18
SDCC,2026-04-21,7485.0,17.02,4.7
NTLC,2026-04-22,12400.0,15.08,5.82
PALC,2026-04-22,8060.0,8.03,5.6
SPHC,2026-04-22,7355.0,7.53,4.4
SMBC,2026-04-22,11535.0,10.34,5.34
TTLC,2026-04-22,2650.0,18.36,7.38
TTLS,2026-04-22,3005.0,13.71,7.4
ECOC,2026-04-22,16000.0,13.87,4.42
SGBC,2026-04-22,35000.0,10.74,4.7
SIBC,2026-04-22,6900.0,12.41,4.78
ONTBF,2026-04-22,2720.0,12.74,6.97
ORAC,2026-04-22,15000.0,13.47,4.4
SNTS,2026-04-22,28500.0,6.89,5.81
SCRC,2026-04-22,2035.0,15.4,1.99
SICC,2026-04-22,4295.0,133.9,
SLBC,2026-04-22,38000.0,29.13,2.83
SOGC,2026-04-22,7700.0,13.31,6.86
STBC,2026-04-22,20900.0,8.39,10.03
UNLC,2026-04-22,55500.0,795.96,
ABJC,2026-04-22,3305.0,23.8,6.24
BNBC,2026-04-22,1630.0,,9.2
CFAC,2026-04-22,1600.0,61.83,0.44
LNBB,2026-04-22,3860.0,10.76,7.14
NEIC,2026-04-22,1370.0,,5.97
PRSC,2026-04-22,4895.0,21.36,3.72
UNXC,2026-04-22,1950.0,,3.12
SHEC,2026-04-22,1945.0,22.89,3.87
BICB,2026-04-22,5110.0,9.73,4.98
BICC,2026-04-22,23705.0,10.82,3.5
BOAB,2026-04-22,8200.0,16.54,5.71
BOABF,2026-04-22,5420.0,12.39,7.32
BOAC,2026-04-22,8500.0,10.61,5.52
BOAM,2026-04-22,4675.0,11.58,5.07
BOAN,2026-04-22,3500.0,177.88,5.98
BOAS,2026-04-22,6735.0,11.07,5.2
CBIBF,2026-04-22,15680.0,10.47,3.54
ETIT,2026-04-22,30.0,1.57,2.02
NSBC,2026-04-22,13900.0,9.02,4.81
ORGT,2026-04-22,3205.0,,1.86
SAFC,2026-04-22,5750.0,,
CABC,2026-04-22,3350.0,13.78,3.36
FTSC,2026-04-22,2220.0,1.68,77.77
SDSC,2026-04-22,1810.0,4.68,5.08
SEMC,2026-04-22,1665.0,41.44,0.84
SIVC,2026-04-22,2700.0,62.56,
STAC,2026-04-22,2990.0,,2.21
CIEC,2026-04-22,3100.0,17.19,5.11
SDCC,2026-04-22,7400.0,16.82,4.76
NTLC,2026-04-23,12400.0,15.08,5.82
PALC,2026-04-23,7990.0,7.96,5.65
SPHC,2026-04-23,7380.0,7.55,4.39
SMBC,2026-04-23,11535.0,10.34,5.34
TTLC,2026-04-23,2700.0,18.71,7.25
TTLS,2026-04-23,3195.0,14.58,6.96
ECOC,2026-04-23,16000.0,13.87,4.42
SGBC,2026-04-23,34980.0,10.74,4.7
SIBC,2026-04-23,6805.0,12.24,4.85
ONTBF,2026-04-23,2720.0,12.74,6.97
ORAC,2026-04-23,14900.0,13.38,4.43
SNTS,2026-04-23,28500.0,6.89,5.81
SCRC,2026-04-23,2000.0,15.13,2.03
SICC,2026-04-23,3985.0,124.24,
SLBC,2026-04-23,39455.0,30.25,2.72
SOGC,2026-04-23,7650.0,13.23,6.9
STBC,2026-04-23,20900.0,8.39,10.03
UNLC,2026-04-23,55500.0,795.96,
ABJC,2026-04-23,3400.0,24.49,6.06
BNBC,2026-04-23,1600.0,,9.38
CFAC,2026-04-23,1550.0,59.9,0.45
LNBB,2026-04-23,3935.0,10.97,7.0
NEIC,2026-04-23,1470.0,9.21,5.56
PRSC,2026-04-23,4800.0,20.95,3.8
UNXC,2026-04-23,1940.0,,3.13
SHEC,2026-04-23,1940.0,22.83,3.88
BICB,2026-04-23,5150.0,9.8,4.94
BICC,2026-04-23,23755.0,10.84,3.5
BOAB,2026-04-23,8130.0,16.4,5.76
BOABF,2026-04-23,5400.0,12.34,7.35
BOAC,2026-04-23,8500.0,10.61,5.52
BOAM,2026-04-23,4685.0,11.61,5.06
BOAN,2026-04-23,3760.0,191.09,5.57
BOAS,2026-04-23,6800.0,11.18,5.15
CBIBF,2026-04-23,16490.0,8.06,3.37
ETIT,2026-04-23,30.0,1.57,2.02
NSBC,2026-04-23,13900.0,9.02,4.81
ORGT,2026-04-23,3250.0,,1.83
SAFC,2026-04-23,3890.0,63.76,
CABC,2026-04-23,3600.0,14.81,3.13
FTSC,2026-04-23,2265.0,1.72,76.23
SDSC,2026-04-23,1870.0,4.83,4.92
SEMC,2026-04-23,1585.0,39.45,0.88
SIVC,2026-04-23,2760.0,63.95,
STAC,2026-04-23,3155.0,,2.1
CIEC,2026-04-23,3165.0,17.55,5.0
SDCC,2026-04-23,7300.0,16.6,4.82
NTLC,2026-04-24,12375.0,15.05,5.83
PALC,2026-04-24,7700.0,7.68,5.86
SPHC,2026-04-24,7385.0,7.56,4.39
SMBC,2026-04-24,11450.0,10.26,5.38
TTLC,2026-04-24,2700.0,18.71,7.25
TTLS,2026-04-24,3245.0,14.81,6.85
ECOC,2026-04-24,16300.0,14.14,4.34
SGBC,2026-04-24,34980.0,10.74,4.7
SIBC,2026-04-24,7000.0,12.59,4.71
ONTBF,2026-04-24,2710.0,12.69,6.99
ORAC,2026-04-24,14900.0,13.38,4.43
SNTS,2026-04-24,28500.0,6.89,5.81
SCRC,2026-04-24,1995.0,15.09,2.03
SICC,2026-04-24,3985.0,124.24,
SLBC,2026-04-24,37500.0,28.75,2.86
SOGC,2026-04-24,7700.0,13.31,6.86
STBC,2026-04-24,20500.0,8.23,10.22
UNLC,2026-04-24,59000.0,846.15,
ABJC,2026-04-24,3655.0,26.33,5.64
BNBC,2026-04-24,1600.0,,9.38
CFAC,2026-04-24,1595.0,61.64,0.44
LNBB,2026-04-24,3930.0,10.95,7.01
NEIC,2026-04-24,1580.0,9.9,5.18
PRSC,2026-04-24,4800.0,20.95,3.8
UNXC,2026-04-24,2085.0,,2.91
SHEC,2026-04-24,1940.0,22.83,3.88
BICB,2026-04-24,5200.0,9.9,4.9
BICC,2026-04-24,23760.0,10.84,3.5
BOAB,2026-04-24,8210.0,16.56,5.7
BOABF,2026-04-24,5400.0,12.34,7.35
BOAC,2026-04-24,8600.0,10.74,5.45
BOAM,2026-04-24,4670.0,11.57,5.08
BOAN,2026-04-24,3615.0,183.72,5.79
BOAS,2026-04-24,6900.0,11.34,5.07
CBIBF,2026-04-24,16490.0,8.06,3.37
ETIT,2026-04-24,29.0,1.52,2.09
NSBC,2026-04-24,13900.0,9.02,4.81
ORGT,2026-04-24,3295.0,,1.81
SAFC,2026-04-24,4175.0,48.36,
CABC,2026-04-24,3600.0,14.81,3.13
FTSC,2026-04-24,2105.0,1.6,82.02
SDSC,2026-04-24,1840.0,4.75,5.0
SEMC,2026-04-24,1600.0,39.82,0.88
SIVC,2026-04-24,2800.0,64.88,
STAC,2026-04-24,3000.0,,2.21
CIEC,2026-04-24,3000.0,16.63,5.28
SDCC,2026-04-24,7200.0,16.37,4.89
NTLC,2026-04-27,12375.0,15.05,5.83
PALC,2026-04-27,7900.0,7.87,5.71
SPHC,2026-04-27,7310.0,7.48,4.43
SMBC,2026-04-27,11510.0,10.32,5.35
TTLC,2026-04-27,2705.0,18.74,7.23
TTLS,2026-04-27,3200.0,14.6,6.95
ECOC,2026-04-27,16020.0,13.89,4.42
SGBC,2026-04-27,34745.0,10.67,4.74
SIBC,2026-04-27,6900.0,12.41,4.78
ONTBF,2026-04-27,2610.0,12.22,7.26
ORAC,2026-04-27,14650.0,13.15,4.51
SNTS,2026-04-27,28500.0,6.89,5.81
SCRC,2026-04-27,1995.0,15.09,2.03
SICC,2026-04-27,3985.0,124.24,
SLBC,2026-04-27,38000.0,29.13,2.83
SOGC,2026-04-27,7650.0,13.23,6.9
STBC,2026-04-27,20350.0,8.17,10.3
UNLC,2026-04-27,63345.0,908.47,
ABJC,2026-04-27,3780.0,30.99,5.45
BNBC,2026-04-27,1590.0,,9.43
CFAC,2026-04-27,1590.0,61.44,0.44
LNBB,2026-04-27,3900.0,10.87,7.06
NEIC,2026-04-27,1695.0,10.62,4.82
PRSC,2026-04-27,4800.0,20.95,3.8
UNXC,2026-04-27,2090.0,,2.91
SHEC,2026-04-27,1950.0,22.95,3.86
BICB,2026-04-27,5205.0,9.91,4.89
BICC,2026-04-27,24400.0,11.14,3.4
BOAB,2026-04-27,8500.0,17.15,5.51
BOABF,2026-04-27,5450.0,12.46,7.28
BOAC,2026-04-27,8750.0,10.92,5.36
BOAM,2026-04-27,4670.0,11.57,5.08
BOAN,2026-04-27,3415.0,173.56,6.13
BOAS,2026-04-27,6950.0,11.42,5.04
CBIBF,2026-04-27,16200.0,7.92,3.43
ETIT,2026-04-27,29.0,1.52,2.09
NSBC,2026-04-27,13890.0,9.01,4.81
ORGT,2026-04-27,3340.0,,1.78
SAFC,2026-04-27,4170.0,48.3,
CABC,2026-04-27,3700.0,15.22,3.05
FTSC,2026-04-27,2250.0,1.71,76.74
SDSC,2026-04-27,1800.0,4.65,5.11
SEMC,2026-04-27,1580.0,39.33,0.89
SIVC,2026-04-27,2810.0,65.11,
STAC,2026-04-27,2990.0,,2.21
CIEC,2026-04-27,3000.0,16.63,5.28
SDCC,2026-04-27,7250.0,11.1,4.86
NTLC,2026-04-28,11500.0,13.98,6.27
PALC,2026-04-28,7800.0,7.78,5.79
SPHC,2026-04-28,7385.0,7.56,4.39
SMBC,2026-04-28,11650.0,10.44,5.29
TTLC,2026-04-28,2700.0,18.71,7.25
TTLS,2026-04-28,3180.0,14.51,6.99
ECOC,2026-04-28,16300.0,14.14,4.34
SGBC,2026-04-28,34490.0,10.59,4.77
SIBC,2026-04-28,7000.0,12.59,4.71
ONTBF,2026-04-28,2700.0,12.65,7.02
ORAC,2026-04-28,15250.0,13.69,4.33
SNTS,2026-04-28,28400.0,6.87,5.83
SCRC,2026-04-28,1990.0,15.06,2.04
SICC,2026-04-28,3995.0,124.55,
SLBC,2026-04-28,37000.0,28.36,2.9
SOGC,2026-04-28,7700.0,13.31,6.86
STBC,2026-04-28,20000.0,8.03,10.48
UNLC,2026-04-28,59000.0,846.15,
ABJC,2026-04-28,3500.0,28.69,5.89
BNBC,2026-04-28,1585.0,,9.46
CFAC,2026-04-28,1580.0,61.06,0.45
LNBB,2026-04-28,3975.0,11.08,6.93
NEIC,2026-04-28,1820.0,11.41,4.49
PRSC,2026-04-28,4755.0,20.75,3.83
UNXC,2026-04-28,1975.0,,3.08
SHEC,2026-04-28,1950.0,22.95,3.86
BICB,2026-04-28,5270.0,10.03,4.83
BICC,2026-04-28,24800.0,11.32,3.35
BOAB,2026-04-28,8600.0,17.35,5.44
BOABF,2026-04-28,5450.0,12.46,7.28
BOAC,2026-04-28,8965.0,11.19,5.23
BOAM,2026-04-28,4670.0,11.57,5.08
BOAN,2026-04-28,3500.0,177.88,5.98
BOAS,2026-04-28,6940.0,11.41,5.04
CBIBF,2026-04-28,15600.0,7.62,3.56
ETIT,2026-04-28,29.0,1.52,2.09
NSBC,2026-04-28,13995.0,9.08,4.77
ORGT,2026-04-28,3295.0,,1.81
SAFC,2026-04-28,4170.0,48.3,
CABC,2026-04-28,3700.0,15.22,3.05
FTSC,2026-04-28,2240.0,1.7,77.08
SDSC,2026-04-28,1790.0,4.62,5.14
SEMC,2026-04-28,1575.0,39.2,0.89
SIVC,2026-04-28,2760.0,63.95,
STAC,2026-04-28,3000.0,,2.21
CIEC,2026-04-28,3180.0,17.63,4.98
SDCC,2026-04-28,7790.0,11.92,4.52
NTLC,2026-04-29,12360.0,15.03,5.84
PALC,2026-04-29,7900.0,7.87,5.71
SPHC,2026-04-29,7350.0,7.52,4.41
SMBC,2026-04-29,11510.0,10.32,5.35
TTLC,2026-04-29,2750.0,19.05,7.12
TTLS,2026-04-29,3210.0,14.65,6.93
ECOC,2026-04-29,16050.0,13.92,4.41
SGBC,2026-04-29,33000.0,10.13,4.99
SIBC,2026-04-29,7100.0,12.77,4.65
ONTBF,2026-04-29,2795.0,13.09,6.78
ORAC,2026-04-29,14660.0,13.16,4.5
SNTS,2026-04-29,28700.0,6.94,5.77
SCRC,2026-04-29,1995.0,15.09,2.03
SICC,2026-04-29,4290.0,133.75,
SLBC,2026-04-29,37000.0,28.36,2.9
SOGC,2026-04-29,7675.0,13.27,6.88
STBC,2026-04-29,20000.0,8.03,10.48
UNLC,2026-04-29,63000.0,903.52,
ABJC,2026-04-29,3240.0,26.56,6.36
BNBC,2026-04-29,1565.0,,9.58
CFAC,2026-04-29,1530.0,59.12,0.46
LNBB,2026-04-29,3900.0,10.87,7.06
NEIC,2026-04-29,1890.0,11.85,4.33
PRSC,2026-04-29,4750.0,20.73,3.83
UNXC,2026-04-29,1975.0,,3.08
SHEC,2026-04-29,1950.0,22.95,3.86
BICB,2026-04-29,5490.0,10.45,4.64
BICC,2026-04-29,24850.0,11.34,3.34
BOAB,2026-04-29,8905.0,17.96,5.26
BOABF,2026-04-29,5500.0,12.57,7.22
BOAC,2026-04-29,9195.0,11.48,5.1
BOAM,2026-04-29,4670.0,11.57,5.08
BOAN,2026-04-29,3545.0,180.16,5.9
BOAS,2026-04-29,7000.0,11.5,5.0
CBIBF,2026-04-29,16000.0,7.82,3.47
ETIT,2026-04-29,29.0,1.52,2.09
NSBC,2026-04-29,13900.0,9.02,4.81
ORGT,2026-04-29,3280.0,,1.81
SAFC,2026-04-29,3900.0,45.17,
CABC,2026-04-29,3750.0,15.42,3.01
FTSC,2026-04-29,2200.0,1.67,78.48
SDSC,2026-04-29,1775.0,4.59,5.18
SEMC,2026-04-29,1600.0,39.82,0.88
SIVC,2026-04-29,2765.0,64.06,
STAC,2026-04-29,3050.0,,2.17
CIEC,2026-04-29,3250.0,18.02,4.87
SDCC,2026-04-29,8370.0,12.81,4.21
NTLC,2026-03-02,12400.0,15.08,5.82
PALC,2026-03-02,9100.0,8.87,4.96
SPHC,2026-03-02,8495.0,11.55,3.81
SMBC,2026-03-02,13395.0,12.0,4.6
TTLC,2026-03-02,3000.0,20.15,6.52
TTLS,2026-03-02,3125.0,14.26,7.12
ECOC,2026-03-02,16985.0,16.27,4.17
SGBC,2026-03-02,37000.0,11.37,4.45
SIBC,2026-03-02,6660.0,13.26,4.95
ONTBF,2026-03-02,2895.0,9.56,6.55
ORAC,2026-03-02,15600.0,14.01,4.23
SNTS,2026-03-02,29010.0,7.01,5.7
SCRC,2026-03-02,1600.0,12.11,2.53
SICC,2026-03-02,4300.0,134.06,
SLBC,2026-03-02,44505.0,34.12,2.41
SOGC,2026-03-02,8850.0,14.58,5.97
STBC,2026-03-02,21450.0,8.61,9.77
UNLC,2026-03-02,70010.0,,
ABJC,2026-03-02,3460.0,24.92,5.96
BNBC,2026-03-02,1630.0,,9.2
CFAC,2026-03-02,1700.0,65.69,0.41
LNBB,2026-03-02,3895.0,10.86,7.07
NEIC,2026-03-02,1460.0,,5.6
PRSC,2026-03-02,4890.0,21.34,3.73
UNXC,2026-03-02,2305.0,,2.64
SHEC,2026-03-02,2175.0,25.59,3.46
BICB,2026-03-02,5200.0,9.9,4.9
BICC,2026-03-02,24500.0,15.57,3.39
BOAB,2026-03-02,7000.0,14.45,6.69
BOABF,2026-03-02,4700.0,9.22,9.11
BOAC,2026-03-02,7900.0,9.86,5.94
BOAM,2026-03-02,4700.0,14.14,5.05
BOAN,2026-03-02,2750.0,11.44,7.61
BOAS,2026-03-02,7000.0,12.61,5.0
CBIBF,2026-03-02,14050.0,9.38,3.95
ETIT,2026-03-02,32.0,1.93,1.89
NSBC,2026-03-02,14735.0,9.56,4.53
ORGT,2026-03-02,3440.0,,1.73
SAFC,2026-03-02,5795.0,,
CABC,2026-03-02,4000.0,19.33,2.82
FTSC,2026-03-02,2400.0,1.82,71.94
SDSC,2026-03-02,2100.0,5.43,4.38
SEMC,2026-03-02,2215.0,55.13,0.63
SIVC,2026-03-02,2900.0,67.19,
STAC,2026-03-02,1910.0,,3.46
CIEC,2026-03-02,3430.0,19.02,4.62
SDCC,2026-03-02,7550.0,17.16,4.66
NTLC,2026-03-03,12500.0,15.2,5.77
PALC,2026-03-03,9200.0,8.97,4.91
SPHC,2026-03-03,8235.0,11.2,3.93
SMBC,2026-03-03,13390.0,12.0,4.6
TTLC,2026-03-03,3125.0,20.99,6.26
TTLS,2026-03-03,3300.0,15.06,6.74
ECOC,2026-03-03,16200.0,15.52,4.37
SGBC,2026-03-03,37500.0,11.53,4.39
SIBC,2026-03-03,6700.0,13.34,4.93
ONTBF,2026-03-03,2885.0,9.53,6.57
ORAC,2026-03-03,15900.0,14.28,4.15
SNTS,2026-03-03,29250.0,7.07,5.66
SCRC,2026-03-03,1565.0,11.84,2.59
SICC,2026-03-03,4290.0,133.75,
SLBC,2026-03-03,44150.0,33.85,2.43
SOGC,2026-03-03,8905.0,14.67,5.93
STBC,2026-03-03,21480.0,8.62,9.76
UNLC,2026-03-03,70000.0,,
ABJC,2026-03-03,3320.0,23.91,6.21
BNBC,2026-03-03,1600.0,,9.38
CFAC,2026-03-03,1780.0,68.79,0.4
LNBB,2026-03-03,3865.0,10.77,7.13
NEIC,2026-03-03,1460.0,,5.6
PRSC,2026-03-03,5255.0,22.93,3.47
UNXC,2026-03-03,2135.0,,2.85
SHEC,2026-03-03,2335.0,27.48,3.22
BICB,2026-03-03,5195.0,9.89,4.9
BICC,2026-03-03,24520.0,15.58,3.39
BOAB,2026-03-03,7000.0,14.45,6.69
BOABF,2026-03-03,4725.0,9.27,9.06
BOAC,2026-03-03,8000.0,9.99,5.86
BOAM,2026-03-03,4700.0,14.14,5.05
BOAN,2026-03-03,2700.0,11.23,7.75
BOAS,2026-03-03,7200.0,12.97,4.86
CBIBF,2026-03-03,13000.0,8.68,4.27
ETIT,2026-03-03,33.0,1.99,1.83
NSBC,2026-03-03,14890.0,9.66,4.49
ORGT,2026-03-03,3415.0,,1.74
SAFC,2026-03-03,5365.0,,
CABC,2026-03-03,3995.0,19.31,2.82
FTSC,2026-03-03,2450.0,1.86,70.47
SDSC,2026-03-03,2140.0,5.53,4.3
SEMC,2026-03-03,2050.0,51.02,0.68
SIVC,2026-03-03,2685.0,62.21,
STAC,2026-03-03,1940.0,,3.41
CIEC,2026-03-03,3415.0,18.93,4.64
SDCC,2026-03-03,8110.0,18.44,4.34
NTLC,2026-03-04,12500.0,15.2,5.77
PALC,2026-03-04,9350.0,9.11,4.83
SPHC,2026-03-04,8230.0,11.19,3.93
SMBC,2026-03-04,13400.0,12.01,4.6
TTLC,2026-03-04,3160.0,21.22,6.19
TTLS,2026-03-04,3440.0,15.7,6.47
ECOC,2026-03-04,16475.0,15.78,4.29
SGBC,2026-03-04,35995.0,11.06,4.57
SIBC,2026-03-04,6800.0,13.54,4.85
ONTBF,2026-03-04,2850.0,9.41,6.65
ORAC,2026-03-04,15900.0,14.28,4.15
SNTS,2026-03-04,28200.0,6.82,5.87
SCRC,2026-03-04,1570.0,11.88,2.58
SICC,2026-03-04,4000.0,124.71,
SLBC,2026-03-04,40840.0,31.31,2.63
SOGC,2026-03-04,8890.0,14.65,5.94
STBC,2026-03-04,21410.0,8.59,9.79
UNLC,2026-03-04,73995.0,,
ABJC,2026-03-04,3150.0,22.69,6.55
BNBC,2026-03-04,1590.0,,9.43
CFAC,2026-03-04,1785.0,68.98,0.39
LNBB,2026-03-04,3895.0,10.86,7.07
NEIC,2026-03-04,1400.0,,5.84
PRSC,2026-03-04,5300.0,23.13,3.44
UNXC,2026-03-04,1995.0,,3.05
SHEC,2026-03-04,2510.0,29.53,3.0
BICB,2026-03-04,5250.0,9.99,4.85
BICC,2026-03-04,24800.0,15.76,3.35
BOAB,2026-03-04,6990.0,14.43,6.7
BOABF,2026-03-04,4700.0,9.22,9.11
BOAC,2026-03-04,8010.0,10.0,5.86
BOAM,2026-03-04,4600.0,13.84,5.16
BOAN,2026-03-04,2720.0,11.31,7.69
BOAS,2026-03-04,6840.0,12.32,5.12
CBIBF,2026-03-04,13105.0,8.75,4.24
ETIT,2026-03-04,31.0,1.87,1.95
NSBC,2026-03-04,14400.0,9.35,4.64
ORGT,2026-03-04,3500.0,,1.7
SAFC,2026-03-04,4965.0,,
CABC,2026-03-04,3990.0,19.29,2.83
FTSC,2026-03-04,2405.0,1.82,71.79
SDSC,2026-03-04,2000.0,5.17,4.6
SEMC,2026-03-04,2000.0,49.78,0.7
SIVC,2026-03-04,2500.0,57.92,
STAC,2026-03-04,1920.0,,3.45
CIEC,2026-03-04,3390.0,18.79,4.67
SDCC,2026-03-04,8110.0,18.44,4.34
NTLC,2026-03-05,12500.0,15.2,5.77
PALC,2026-03-05,9200.0,8.97,4.91
SPHC,2026-03-05,8230.0,11.19,3.93
SMBC,2026-03-05,13400.0,12.01,4.6
TTLC,2026-03-05,2930.0,19.68,6.68
TTLS,2026-03-05,3300.0,15.06,6.74
ECOC,2026-03-05,16475.0,15.78,4.29
SGBC,2026-03-05,35000.0,10.76,4.7
SIBC,2026-03-05,6900.0,13.74,4.78
ONTBF,2026-03-05,2850.0,9.41,6.65
ORAC,2026-03-05,15600.0,14.01,4.23
SNTS,2026-03-05,28700.0,6.94,5.77
SCRC,2026-03-05,1565.0,11.84,2.59
SICC,2026-03-05,4000.0,124.71,
SLBC,2026-03-05,38500.0,29.51,2.79
SOGC,2026-03-05,8710.0,14.35,6.06
STBC,2026-03-05,21450.0,8.61,9.77
UNLC,2026-03-05,68500.0,982.4,
ABJC,2026-03-05,3300.0,23.77,6.25
BNBC,2026-03-05,1610.0,,9.32
CFAC,2026-03-05,1800.0,69.56,0.39
LNBB,2026-03-05,3895.0,10.86,7.07
NEIC,2026-03-05,1390.0,,5.88
PRSC,2026-03-05,5400.0,23.56,3.37
UNXC,2026-03-05,2140.0,,2.84
SHEC,2026-03-05,2325.0,27.36,3.24
BICB,2026-03-05,5250.0,9.99,4.85
BICC,2026-03-05,24900.0,15.82,3.34
BOAB,2026-03-05,6990.0,14.43,6.7
BOABF,2026-03-05,4655.0,9.14,9.19
BOAC,2026-03-05,8295.0,10.35,5.65
BOAM,2026-03-05,4590.0,13.81,5.17
BOAN,2026-03-05,2700.0,11.23,7.75
BOAS,2026-03-05,6750.0,12.16,5.19
CBIBF,2026-03-05,13110.0,8.75,4.23
ETIT,2026-03-05,32.0,1.93,1.89
NSBC,2026-03-05,14290.0,9.27,4.68
ORGT,2026-03-05,3700.0,,1.61
SAFC,2026-03-05,5335.0,,
CABC,2026-03-05,3900.0,18.85,2.89
FTSC,2026-03-05,2465.0,1.87,70.04
SDSC,2026-03-05,1950.0,5.04,4.72
SEMC,2026-03-05,2150.0,53.51,0.65
SIVC,2026-03-05,2685.0,62.21,
STAC,2026-03-05,1870.0,,3.54
CIEC,2026-03-05,3370.0,18.68,4.7
SDCC,2026-03-05,7750.0,17.62,4.54
NTLC,2026-03-06,12700.0,15.44,5.68
PALC,2026-03-06,9100.0,8.87,4.96
SPHC,2026-03-06,8100.0,11.02,4.0
SMBC,2026-03-06,13395.0,12.0,4.6
TTLC,2026-03-06,2850.0,19.14,6.87
TTLS,2026-03-06,3285.0,14.99,6.77
ECOC,2026-03-06,16475.0,15.78,4.29
SGBC,2026-03-06,35800.0,11.0,4.6
SIBC,2026-03-06,6800.0,13.54,4.85
ONTBF,2026-03-06,2900.0,9.58,6.54
ORAC,2026-03-06,15650.0,14.05,4.22
SNTS,2026-03-06,28950.0,7.0,5.72
SCRC,2026-03-06,1550.0,11.73,2.61
SICC,2026-03-06,3710.0,115.67,
SLBC,2026-03-06,35705.0,27.37,3.01
SOGC,2026-03-06,8750.0,14.42,6.03
STBC,2026-03-06,21495.0,8.63,9.75
UNLC,2026-03-06,70000.0,,
ABJC,2026-03-06,3395.0,24.45,6.07
BNBC,2026-03-06,1600.0,,9.38
CFAC,2026-03-06,1750.0,67.63,0.4
LNBB,2026-03-06,3805.0,10.61,7.24
NEIC,2026-03-06,1390.0,,5.88
PRSC,2026-03-06,5405.0,23.59,3.37
UNXC,2026-03-06,2250.0,,2.7
SHEC,2026-03-06,2240.0,26.36,3.36
BICB,2026-03-06,5205.0,9.91,4.89
BICC,2026-03-06,24910.0,15.83,3.33
BOAB,2026-03-06,6975.0,14.4,6.71
BOABF,2026-03-06,4720.0,9.26,9.07
BOAC,2026-03-06,8300.0,10.36,5.65
BOAM,2026-03-06,4595.0,13.83,5.16
BOAN,2026-03-06,2780.0,11.56,7.53
BOAS,2026-03-06,6600.0,11.89,5.3
CBIBF,2026-03-06,13405.0,8.95,4.14
ETIT,2026-03-06,32.0,1.93,1.89
NSBC,2026-03-06,13900.0,9.02,4.81
ORGT,2026-03-06,3740.0,,1.59
SAFC,2026-03-06,5735.0,,
CABC,2026-03-06,3980.0,19.24,2.83
FTSC,2026-03-06,2480.0,1.88,69.62
SDSC,2026-03-06,2095.0,5.41,4.39
SEMC,2026-03-06,2250.0,56.0,0.62
SIVC,2026-03-06,2800.0,64.88,
STAC,2026-03-06,1900.0,,3.48
CIEC,2026-03-06,3340.0,18.52,4.74
SDCC,2026-03-06,7745.0,17.61,4.54
NTLC,2026-03-09,12695.0,15.44,5.68
PALC,2026-03-09,9300.0,9.06,4.85
SPHC,2026-03-09,8250.0,11.22,3.93
SMBC,2026-03-09,13200.0,11.83,4.67
TTLC,2026-03-09,2855.0,19.18,6.85
TTLS,2026-03-09,3280.0,14.97,6.78
ECOC,2026-03-09,16800.0,16.09,4.21
SGBC,2026-03-09,35000.0,10.76,4.7
SIBC,2026-03-09,6825.0,13.59,4.84
ONTBF,2026-03-09,2905.0,9.59,6.52
ORAC,2026-03-09,15555.0,13.97,4.24
SNTS,2026-03-09,29000.0,7.01,5.71
SCRC,2026-03-09,1505.0,11.39,2.69
SICC,2026-03-09,3905.0,121.75,
SLBC,2026-03-09,38380.0,29.42,2.8
SOGC,2026-03-09,8740.0,14.4,6.04
STBC,2026-03-09,21540.0,8.65,9.73
UNLC,2026-03-09,68000.0,975.23,
ABJC,2026-03-09,3450.0,24.85,5.98
BNBC,2026-03-09,1600.0,,9.38
CFAC,2026-03-09,1730.0,66.85,0.41
LNBB,2026-03-09,3810.0,10.62,7.23
NEIC,2026-03-09,1400.0,,5.84
PRSC,2026-03-09,5455.0,23.8,3.34
UNXC,2026-03-09,2100.0,,2.89
SHEC,2026-03-09,2240.0,26.36,3.36
BICB,2026-03-09,5245.0,9.98,4.85
BICC,2026-03-09,25350.0,16.11,3.28
BOAB,2026-03-09,7495.0,15.47,6.24
BOABF,2026-03-09,5070.0,9.95,8.44
BOAC,2026-03-09,8600.0,10.74,5.45
BOAM,2026-03-09,4655.0,14.01,5.09
BOAN,2026-03-09,2975.0,12.37,7.03
BOAS,2026-03-09,6800.0,12.25,5.15
CBIBF,2026-03-09,13900.0,9.28,3.99
ETIT,2026-03-09,32.0,1.93,1.89
NSBC,2026-03-09,13950.0,9.05,4.79
ORGT,2026-03-09,3700.0,,1.61
SAFC,2026-03-09,5700.0,,
CABC,2026-03-09,3900.0,18.85,2.89
FTSC,2026-03-09,2420.0,1.84,71.35
SDSC,2026-03-09,1940.0,5.01,4.74
SEMC,2026-03-09,2200.0,54.76,0.64
SIVC,2026-03-09,2840.0,65.8,
STAC,2026-03-09,2040.0,,3.24
CIEC,2026-03-09,3325.0,18.43,4.76
SDCC,2026-03-09,7750.0,17.62,4.54
NTLC,2026-03-10,13000.0,15.81,5.55
PALC,2026-03-10,9405.0,9.17,4.8
SPHC,2026-03-10,8300.0,11.29,3.9
SMBC,2026-03-10,13400.0,12.01,4.6
TTLC,2026-03-10,2850.0,19.14,6.87
TTLS,2026-03-10,3230.0,14.74,6.89
ECOC,2026-03-10,16400.0,15.71,4.31
SGBC,2026-03-10,35000.0,10.76,4.7
SIBC,2026-03-10,7100.0,14.13,4.65
ONTBF,2026-03-10,3020.0,9.97,6.28
ORAC,2026-03-10,15300.0,13.74,4.31
SNTS,2026-03-10,29000.0,7.01,5.71
SCRC,2026-03-10,1505.0,11.39,2.69
SICC,2026-03-10,4100.0,127.82,
SLBC,2026-03-10,39015.0,29.91,2.75
SOGC,2026-03-10,8810.0,14.52,5.99
STBC,2026-03-10,21600.0,8.67,9.7
UNLC,2026-03-10,72000.0,,
ABJC,2026-03-10,3400.0,24.49,6.06
BNBC,2026-03-10,1600.0,,9.38
CFAC,2026-03-10,1775.0,68.59,0.4
LNBB,2026-03-10,3900.0,10.87,7.06
NEIC,2026-03-10,1425.0,,5.74
PRSC,2026-03-10,5500.0,24.0,3.31
UNXC,2026-03-10,2100.0,,2.89
SHEC,2026-03-10,2250.0,26.48,3.35
BICB,2026-03-10,5200.0,9.9,4.9
BICC,2026-03-10,25705.0,16.34,3.23
BOAB,2026-03-10,8000.0,16.52,5.85
BOABF,2026-03-10,5200.0,10.21,8.23
BOAC,2026-03-10,8700.0,10.86,5.39
BOAM,2026-03-10,4705.0,14.16,5.04
BOAN,2026-03-10,2985.0,12.41,7.01
BOAS,2026-03-10,7000.0,12.61,5.0
CBIBF,2026-03-10,14000.0,9.35,3.96
ETIT,2026-03-10,32.0,1.93,1.89
NSBC,2026-03-10,14000.0,9.09,4.77
ORGT,2026-03-10,3775.0,,1.58
SAFC,2026-03-10,6100.0,,
CABC,2026-03-10,3850.0,13.37,2.93
FTSC,2026-03-10,2410.0,1.83,71.64
SDSC,2026-03-10,2080.0,5.37,4.42
SEMC,2026-03-10,2135.0,53.14,0.66
SIVC,2026-03-10,2835.0,65.69,
STAC,2026-03-10,2190.0,,3.02
CIEC,2026-03-10,3300.0,18.3,4.8
SDCC,2026-03-10,7760.0,17.64,4.54
NTLC,2026-03-11,12995.0,15.8,5.55
PALC,2026-03-11,9410.0,9.17,4.8
SPHC,2026-03-11,8400.0,11.43,3.86
SMBC,2026-03-11,13360.0,11.97,4.61
TTLC,2026-03-11,2800.0,18.81,6.99
TTLS,2026-03-11,3245.0,14.81,6.85
ECOC,2026-03-11,16405.0,15.71,4.31
SGBC,2026-03-11,34000.0,10.45,4.84
SIBC,2026-03-11,7100.0,14.13,4.65
ONTBF,2026-03-11,3020.0,9.97,6.28
ORAC,2026-03-11,15300.0,13.74,4.31
SNTS,2026-03-11,28800.0,6.96,5.75
SCRC,2026-03-11,1490.0,11.27,2.72
SICC,2026-03-11,4100.0,127.82,
SLBC,2026-03-11,39500.0,30.28,2.72
SOGC,2026-03-11,8810.0,14.52,5.99
STBC,2026-03-11,21300.0,8.55,9.84
UNLC,2026-03-11,72000.0,,
ABJC,2026-03-11,3395.0,24.45,6.07
BNBC,2026-03-11,1630.0,,9.2
CFAC,2026-03-11,1775.0,68.59,0.4
LNBB,2026-03-11,3900.0,10.87,7.06
NEIC,2026-03-11,1400.0,,5.84
PRSC,2026-03-11,5400.0,23.56,3.37
UNXC,2026-03-11,2000.0,,3.04
SHEC,2026-03-11,2250.0,26.48,3.35
BICB,2026-03-11,5175.0,9.85,4.92
BICC,2026-03-11,26055.0,16.56,3.19
BOAB,2026-03-11,7895.0,16.3,5.93
BOABF,2026-03-11,5005.0,9.82,8.55
BOAC,2026-03-11,8895.0,11.1,5.27
BOAM,2026-03-11,4730.0,14.23,5.01
BOAN,2026-03-11,2985.0,12.41,7.01
BOAS,2026-03-11,6995.0,12.6,5.0
CBIBF,2026-03-11,13625.0,9.1,4.07
ETIT,2026-03-11,32.0,1.93,1.89
NSBC,2026-03-11,13900.0,9.02,4.81
ORGT,2026-03-11,3815.0,,1.56
SAFC,2026-03-11,5995.0,,
CABC,2026-03-11,3565.0,14.66,3.16
FTSC,2026-03-11,2425.0,1.84,71.2
SDSC,2026-03-11,1980.0,5.12,4.65
SEMC,2026-03-11,2010.0,50.03,0.7
SIVC,2026-03-11,2710.0,62.79,
STAC,2026-03-11,2350.0,,2.81
CIEC,2026-03-11,3250.0,18.02,4.87
SDCC,2026-03-11,7845.0,17.83,4.49
NTLC,2026-03-12,12900.0,15.69,5.59
PALC,2026-03-12,9500.0,9.26,4.75
SPHC,2026-03-12,8425.0,11.46,3.84
SMBC,2026-03-12,13380.0,11.99,4.6
TTLC,2026-03-12,2810.0,18.87,6.96
TTLS,2026-03-12,3100.0,14.14,7.17
ECOC,2026-03-12,16600.0,15.9,4.26
SGBC,2026-03-12,35300.0,10.85,4.66
SIBC,2026-03-12,7145.0,14.22,4.62
ONTBF,2026-03-12,3095.0,10.22,6.12
ORAC,2026-03-12,15205.0,13.65,4.34
SNTS,2026-03-12,29000.0,7.01,5.71
SCRC,2026-03-12,1490.0,11.27,2.72
SICC,2026-03-12,4095.0,127.67,
SLBC,2026-03-12,39500.0,30.28,2.72
SOGC,2026-03-12,9000.0,14.83,5.87
STBC,2026-03-12,21800.0,8.75,9.61
UNLC,2026-03-12,70000.0,,
ABJC,2026-03-12,3450.0,24.85,5.98
BNBC,2026-03-12,1600.0,,9.38
CFAC,2026-03-12,1695.0,65.5,0.42
LNBB,2026-03-12,3945.0,11.0,6.98
NEIC,2026-03-12,1415.0,,5.78
PRSC,2026-03-12,5200.0,22.69,3.5
UNXC,2026-03-12,2000.0,,3.04
SHEC,2026-03-12,2200.0,25.89,3.42
BICB,2026-03-12,5215.0,9.93,4.88
BICC,2026-03-12,26950.0,17.13,3.08
BOAB,2026-03-12,7895.0,16.3,5.93
BOABF,2026-03-12,5200.0,10.21,8.23
BOAC,2026-03-12,9000.0,11.23,5.21
BOAM,2026-03-12,4750.0,14.29,4.99
BOAN,2026-03-12,2950.0,12.27,7.09
BOAS,2026-03-12,7000.0,12.61,5.0
CBIBF,2026-03-12,13500.0,9.01,4.11
ETIT,2026-03-12,32.0,1.93,1.89
NSBC,2026-03-12,13900.0,9.02,4.81
ORGT,2026-03-12,3995.0,,1.49
SAFC,2026-03-12,6000.0,,
CABC,2026-03-12,3300.0,13.57,3.42
FTSC,2026-03-12,2420.0,1.84,71.35
SDSC,2026-03-12,1990.0,5.14,4.62
SEMC,2026-03-12,2000.0,49.78,0.7
SIVC,2026-03-12,2620.0,60.7,
STAC,2026-03-12,2525.0,,2.62
CIEC,2026-03-12,3340.0,18.52,4.74
SDCC,2026-03-12,7800.0,17.73,4.51
NTLC,2026-03-13,12940.0,15.74,5.58
PALC,2026-03-13,9450.0,9.21,4.78
SPHC,2026-03-13,8435.0,11.47,3.84
SMBC,2026-03-13,13400.0,12.01,4.6
TTLC,2026-03-13,2740.0,18.4,7.14
TTLS,2026-03-13,3195.0,14.58,6.96
ECOC,2026-03-13,16215.0,15.53,4.36
SGBC,2026-03-13,35000.0,10.76,4.7
SIBC,2026-03-13,7050.0,14.03,4.68
ONTBF,2026-03-13,2995.0,9.89,6.33
ORAC,2026-03-13,15000.0,13.47,4.4
SNTS,2026-03-13,28985.0,7.01,5.71
SCRC,2026-03-13,1480.0,11.2,2.74
SICC,2026-03-13,4095.0,127.67,
SLBC,2026-03-13,39510.0,30.29,2.72
SOGC,2026-03-13,8985.0,14.8,5.88
STBC,2026-03-13,21695.0,8.71,9.66
UNLC,2026-03-13,70000.0,,
ABJC,2026-03-13,3395.0,24.45,6.07
BNBC,2026-03-13,1625.0,,9.23
CFAC,2026-03-13,1650.0,63.76,0.43
LNBB,2026-03-13,3895.0,10.86,7.07
NEIC,2026-03-13,1420.0,,5.76
PRSC,2026-03-13,4885.0,21.32,3.73
UNXC,2026-03-13,1980.0,,3.07
SHEC,2026-03-13,2200.0,25.89,3.42
BICB,2026-03-13,5220.0,9.94,4.88
BICC,2026-03-13,26055.0,16.56,3.19
BOAB,2026-03-13,7850.0,16.21,5.96
BOABF,2026-03-13,5290.0,10.38,8.09
BOAC,2026-03-13,8995.0,11.23,5.21
BOAM,2026-03-13,4755.0,14.31,4.99
BOAN,2026-03-13,2950.0,12.27,7.09
BOAS,2026-03-13,6890.0,12.41,5.08
CBIBF,2026-03-13,13500.0,9.01,4.11
ETIT,2026-03-13,32.0,1.93,1.89
NSBC,2026-03-13,14200.0,9.22,4.71
ORGT,2026-03-13,3900.0,,1.53
SAFC,2026-03-13,6000.0,,
CABC,2026-03-13,3290.0,13.53,3.43
FTSC,2026-03-13,2390.0,1.81,72.24
SDSC,2026-03-13,1985.0,5.13,4.63
SEMC,2026-03-13,1995.0,49.65,0.7
SIVC,2026-03-13,2650.0,61.4,
STAC,2026-03-13,2660.0,,2.49
CIEC,2026-03-13,3300.0,18.3,4.8
SDCC,2026-03-13,7735.0,17.58,4.55
NTLC,2026-03-17,12900.0,15.69,5.59
PALC,2026-03-17,9440.0,9.2,4.78
SPHC,2026-03-17,8395.0,11.42,3.86
SMBC,2026-03-17,13300.0,11.92,4.63
TTLC,2026-03-17,2760.0,18.54,7.09
TTLS,2026-03-17,3210.0,14.65,6.93
ECOC,2026-03-17,16280.0,15.59,4.35
SGBC,2026-03-17,34900.0,10.73,4.72
SIBC,2026-03-17,7075.0,14.08,4.66
ONTBF,2026-03-17,2980.0,9.84,6.36
ORAC,2026-03-17,15050.0,13.51,4.39
SNTS,2026-03-17,28995.0,7.01,5.71
SCRC,2026-03-17,1455.0,11.01,2.78
SICC,2026-03-17,4095.0,127.67,
SLBC,2026-03-17,39505.0,30.29,2.72
SOGC,2026-03-17,8900.0,14.66,5.93
STBC,2026-03-17,21690.0,8.71,9.66
UNLC,2026-03-17,65000.0,932.2,
ABJC,2026-03-17,3250.0,23.41,6.34
BNBC,2026-03-17,1610.0,,9.32
CFAC,2026-03-17,1745.0,67.43,0.4
LNBB,2026-03-17,3800.0,10.59,7.25
NEIC,2026-03-17,1410.0,,5.8
PRSC,2026-03-17,4795.0,20.92,3.8
UNXC,2026-03-17,1965.0,,3.09
SHEC,2026-03-17,2195.0,25.83,3.43
BICB,2026-03-17,5250.0,9.99,4.85
BICC,2026-03-17,25900.0,16.46,3.21
BOAB,2026-03-17,7685.0,15.87,6.09
BOABF,2026-03-17,5300.0,10.4,8.08
BOAC,2026-03-17,8900.0,11.11,5.27
BOAM,2026-03-17,4770.0,14.35,4.97
BOAN,2026-03-17,2730.0,11.35,7.66
BOAS,2026-03-17,6820.0,11.21,5.13
CBIBF,2026-03-17,13505.0,9.02,4.11
ETIT,2026-03-17,32.0,1.93,1.89
NSBC,2026-03-17,14200.0,9.22,4.71
ORGT,2026-03-17,3700.0,,1.61
SAFC,2026-03-17,5750.0,,
CABC,2026-03-17,3280.0,13.49,3.44
FTSC,2026-03-17,2290.0,1.74,75.4
SDSC,2026-03-17,1965.0,5.08,4.68
SEMC,2026-03-17,1975.0,49.16,0.71
SIVC,2026-03-17,2695.0,62.44,
STAC,2026-03-17,2465.0,,2.68
CIEC,2026-03-17,3300.0,18.3,4.8
SDCC,2026-03-17,7800.0,17.73,4.51
NTLC,2026-03-18,12890.0,15.67,5.6
PALC,2026-03-18,9305.0,9.07,4.85
SPHC,2026-03-18,8350.0,8.55,3.88
SMBC,2026-03-18,13250.0,11.87,4.65
TTLC,2026-03-18,2900.0,19.48,6.75
TTLS,2026-03-18,3265.0,14.9,6.81
ECOC,2026-03-18,16795.0,16.09,4.21
SGBC,2026-03-18,36000.0,11.06,4.57
SIBC,2026-03-18,7000.0,13.93,4.71
ONTBF,2026-03-18,2835.0,9.36,6.69
ORAC,2026-03-18,15050.0,13.51,4.39
SNTS,2026-03-18,28995.0,7.01,5.71
SCRC,2026-03-18,1460.0,11.05,2.77
SICC,2026-03-18,3800.0,118.47,
SLBC,2026-03-18,39000.0,29.9,2.75
SOGC,2026-03-18,8880.0,14.63,5.95
STBC,2026-03-18,21895.0,8.79,9.57
UNLC,2026-03-18,60130.0,862.36,
ABJC,2026-03-18,3250.0,23.41,6.34
BNBC,2026-03-18,1575.0,,9.52
CFAC,2026-03-18,1760.0,68.01,0.4
LNBB,2026-03-18,3850.0,10.73,7.16
NEIC,2026-03-18,1410.0,,5.8
PRSC,2026-03-18,4695.0,20.49,3.88
UNXC,2026-03-18,2000.0,,3.04
SHEC,2026-03-18,2190.0,25.77,3.44
BICB,2026-03-18,5200.0,9.9,4.9
BICC,2026-03-18,26000.0,16.52,3.2
BOAB,2026-03-18,7845.0,16.2,5.97
BOABF,2026-03-18,5420.0,10.64,7.9
BOAC,2026-03-18,8940.0,11.16,5.25
BOAM,2026-03-18,4785.0,14.4,4.96
BOAN,2026-03-18,2610.0,132.65,8.02
BOAS,2026-03-18,6900.0,11.34,5.07
CBIBF,2026-03-18,13510.0,9.02,4.11
ETIT,2026-03-18,32.0,1.93,1.89
NSBC,2026-03-18,14000.0,9.09,4.77
ORGT,2026-03-18,3500.0,,1.7
SAFC,2026-03-18,5780.0,,
CABC,2026-03-18,3245.0,13.35,3.47
FTSC,2026-03-18,2315.0,1.76,74.58
SDSC,2026-03-18,1820.0,4.7,5.05
SEMC,2026-03-18,1975.0,49.16,0.71
SIVC,2026-03-18,2690.0,62.33,
STAC,2026-03-18,2285.0,,2.89
CIEC,2026-03-18,3200.0,17.74,4.95
SDCC,2026-03-18,7790.0,17.71,4.52
NTLC,2026-03-23,12890.0,15.67,5.6
PALC,2026-03-23,9400.0,9.37,4.8
SPHC,2026-03-23,7240.0,7.41,4.47
SMBC,2026-03-23,13295.0,11.92,4.63
TTLC,2026-03-23,2995.0,20.12,6.53
TTLS,2026-03-23,3025.0,13.8,7.35
ECOC,2026-03-23,16700.0,16.0,4.24
SGBC,2026-03-23,35000.0,10.76,4.7
SIBC,2026-03-23,6915.0,13.77,4.77
ONTBF,2026-03-23,3000.0,9.91,6.32
ORAC,2026-03-23,14200.0,12.75,4.65
SNTS,2026-03-23,28200.0,6.82,5.87
SCRC,2026-03-23,1590.0,12.03,2.55
SICC,2026-03-23,3850.0,120.03,
SLBC,2026-03-23,38920.0,29.84,2.76
SOGC,2026-03-23,8500.0,14.0,6.21
STBC,2026-03-23,21985.0,8.82,9.53
UNLC,2026-03-23,54580.0,782.76,
ABJC,2026-03-23,3730.0,26.87,5.53
BNBC,2026-03-23,1605.0,,9.35
CFAC,2026-03-23,1750.0,67.63,0.4
LNBB,2026-03-23,3825.0,10.66,7.2
NEIC,2026-03-23,1380.0,,5.93
PRSC,2026-03-23,4800.0,20.95,3.8
UNXC,2026-03-23,2095.0,,2.9
SHEC,2026-03-23,2150.0,25.3,3.5
BICB,2026-03-23,5185.0,9.87,4.91
BICC,2026-03-23,24745.0,15.73,3.36
BOAB,2026-03-23,7815.0,16.13,5.99
BOABF,2026-03-23,5400.0,12.34,7.93
BOAC,2026-03-23,8790.0,10.97,5.34
BOAM,2026-03-23,4790.0,14.41,4.95
BOAN,2026-03-23,2460.0,125.02,8.51
BOAS,2026-03-23,6890.0,11.32,5.08
CBIBF,2026-03-23,13705.0,9.15,4.05
ETIT,2026-03-23,32.0,1.93,1.89
NSBC,2026-03-23,14000.0,9.09,4.77
ORGT,2026-03-23,3615.0,,1.65
SAFC,2026-03-23,5805.0,,
CABC,2026-03-23,3275.0,13.47,3.44
FTSC,2026-03-23,2290.0,1.74,75.4
SDSC,2026-03-23,1825.0,4.72,5.04
SEMC,2026-03-23,1990.0,49.53,0.7
SIVC,2026-03-23,2675.0,61.98,
STAC,2026-03-23,2450.0,,2.7
CIEC,2026-03-23,3340.0,18.52,4.74
SDCC,2026-03-23,7700.0,17.5,4.57
NTLC,2026-03-24,13000.0,15.81,5.55
PALC,2026-03-24,8695.0,8.67,5.19
SPHC,2026-03-24,7600.0,7.78,4.26
SMBC,2026-03-24,12740.0,11.42,4.84
TTLC,2026-03-24,2810.0,18.87,6.96
TTLS,2026-03-24,3190.0,14.56,6.97
ECOC,2026-03-24,16300.0,15.61,4.34
SGBC,2026-03-24,34995.0,10.76,4.7
SIBC,2026-03-24,6860.0,13.66,4.81
ONTBF,2026-03-24,2995.0,9.89,6.33
ORAC,2026-03-24,14600.0,13.11,4.52
SNTS,2026-03-24,28205.0,6.82,5.87
SCRC,2026-03-24,1540.0,11.65,2.63
SICC,2026-03-24,4135.0,128.92,
SLBC,2026-03-24,39000.0,29.9,2.75
SOGC,2026-03-24,7990.0,13.16,6.61
STBC,2026-03-24,21990.0,8.83,9.53
UNLC,2026-03-24,58000.0,831.81,
ABJC,2026-03-24,3545.0,25.53,5.82
BNBC,2026-03-24,1580.0,,9.49
CFAC,2026-03-24,1675.0,64.73,0.42
LNBB,2026-03-24,3825.0,10.66,7.2
NEIC,2026-03-24,1350.0,,6.06
PRSC,2026-03-24,4890.0,21.34,3.73
UNXC,2026-03-24,2095.0,,2.9
SHEC,2026-03-24,2175.0,25.59,3.46
BICB,2026-03-24,5100.0,9.71,4.99
BICC,2026-03-24,24400.0,15.51,3.4
BOAB,2026-03-24,7650.0,15.79,6.12
BOABF,2026-03-24,5415.0,12.38,7.9
BOAC,2026-03-24,8700.0,10.86,5.39
BOAM,2026-03-24,4760.0,11.79,4.98
BOAN,2026-03-24,2575.0,130.87,8.13
BOAS,2026-03-24,6720.0,11.04,5.21
CBIBF,2026-03-24,13715.0,9.16,4.05
ETIT,2026-03-24,32.0,1.93,1.89
NSBC,2026-03-24,14000.0,9.09,4.77
ORGT,2026-03-24,3780.0,,1.57
SAFC,2026-03-24,5995.0,,
CABC,2026-03-24,3165.0,13.02,3.56
FTSC,2026-03-24,2295.0,1.74,75.23
SDSC,2026-03-24,1920.0,4.96,4.79
SEMC,2026-03-24,2050.0,51.02,0.68
SIVC,2026-03-24,2775.0,64.3,
STAC,2026-03-24,2360.0,,2.8
CIEC,2026-03-24,3345.0,18.54,4.74
SDCC,2026-03-24,7500.0,17.05,4.69
NTLC,2026-03-25,12945.0,15.74,5.57
PALC,2026-03-25,8045.0,8.02,5.61
SPHC,2026-03-25,7055.0,7.22,4.59
SMBC,2026-03-25,12995.0,11.65,4.74
TTLC,2026-03-25,2815.0,18.91,6.95
TTLS,2026-03-25,3015.0,13.76,7.38
ECOC,2026-03-25,16300.0,15.61,4.34
SGBC,2026-03-25,34995.0,10.76,4.7
SIBC,2026-03-25,6900.0,13.74,4.78
ONTBF,2026-03-25,2990.0,9.87,6.34
ORAC,2026-03-25,14500.0,13.02,4.55
SNTS,2026-03-25,28005.0,6.77,5.91
SCRC,2026-03-25,1515.0,11.46,2.67
SICC,2026-03-25,4135.0,128.92,
SLBC,2026-03-25,38950.0,29.86,2.76
SOGC,2026-03-25,7700.0,12.69,6.86
STBC,2026-03-25,21500.0,8.63,9.75
UNLC,2026-03-25,53650.0,769.42,
ABJC,2026-03-25,3465.0,24.96,5.95
BNBC,2026-03-25,1600.0,,9.38
CFAC,2026-03-25,1630.0,62.99,0.43
LNBB,2026-03-25,3765.0,10.49,7.32
NEIC,2026-03-25,1400.0,,5.84
PRSC,2026-03-25,4900.0,21.38,3.72
UNXC,2026-03-25,2075.0,,2.93
SHEC,2026-03-25,2200.0,25.89,3.42
BICB,2026-03-25,5000.0,9.52,5.09
BICC,2026-03-25,24900.0,15.82,3.34
BOAB,2026-03-25,7300.0,15.07,6.41
BOABF,2026-03-25,5445.0,12.44,7.86
BOAC,2026-03-25,8750.0,10.92,5.36
BOAM,2026-03-25,4760.0,11.79,4.98
BOAN,2026-03-25,2610.0,132.65,8.02
BOAS,2026-03-25,6400.0,10.52,5.47
CBIBF,2026-03-25,13800.0,9.21,4.02
ETIT,2026-03-25,32.0,1.93,1.89
NSBC,2026-03-25,14000.0,9.09,4.77
ORGT,2026-03-25,3700.0,,1.61
SAFC,2026-03-25,6350.0,,
CABC,2026-03-25,3165.0,13.02,3.56
FTSC,2026-03-25,2345.0,1.78,73.63
SDSC,2026-03-25,2060.0,5.32,4.47
SEMC,2026-03-25,2200.0,54.76,0.64
SIVC,2026-03-25,2835.0,65.69,
STAC,2026-03-25,2310.0,,2.86
CIEC,2026-03-25,3200.0,17.74,4.95
SDCC,2026-03-25,7500.0,17.05,4.69
NTLC,2026-03-26,12900.0,15.69,5.59
PALC,2026-03-26,8000.0,7.97,5.64
SPHC,2026-03-26,7200.0,7.37,4.5
SMBC,2026-03-26,12975.0,11.63,4.75
TTLC,2026-03-26,2870.0,19.28,6.82
TTLS,2026-03-26,3100.0,14.14,7.17
ECOC,2026-03-26,16300.0,15.61,4.34
SGBC,2026-03-26,35000.0,10.76,4.7
SIBC,2026-03-26,7000.0,13.93,4.71
ONTBF,2026-03-26,2910.0,9.61,6.51
ORAC,2026-03-26,14655.0,13.16,4.5
SNTS,2026-03-26,28425.0,6.87,5.82
SCRC,2026-03-26,1540.0,11.65,2.63
SICC,2026-03-26,4135.0,128.92,
SLBC,2026-03-26,39000.0,29.9,2.75
SOGC,2026-03-26,7970.0,13.13,6.62
STBC,2026-03-26,21500.0,8.63,9.75
UNLC,2026-03-26,49630.0,711.77,
ABJC,2026-03-26,3425.0,24.67,6.02
BNBC,2026-03-26,1610.0,,9.32
CFAC,2026-03-26,1640.0,63.38,0.43
LNBB,2026-03-26,3800.0,10.59,7.25
NEIC,2026-03-26,1430.0,,5.72
PRSC,2026-03-26,4980.0,21.73,3.66
UNXC,2026-03-26,2065.0,,2.94
SHEC,2026-03-26,2235.0,26.3,3.37
BICB,2026-03-26,5100.0,9.71,4.99
BICC,2026-03-26,26000.0,16.52,3.2
BOAB,2026-03-26,7295.0,15.06,6.42
BOABF,2026-03-26,5445.0,12.44,7.86
BOAC,2026-03-26,8500.0,10.61,5.52
BOAM,2026-03-26,4695.0,11.63,5.05
BOAN,2026-03-26,2690.0,136.71,7.78
BOAS,2026-03-26,6550.0,10.76,5.34
CBIBF,2026-03-26,13800.0,9.21,4.02
ETIT,2026-03-26,32.0,1.93,1.89
NSBC,2026-03-26,14095.0,9.15,4.74
ORGT,2026-03-26,3680.0,,1.62
SAFC,2026-03-26,6295.0,,
CABC,2026-03-26,3200.0,13.16,3.52
FTSC,2026-03-26,2355.0,1.79,73.31
SDSC,2026-03-26,1970.0,5.09,4.67
SEMC,2026-03-26,2265.0,56.37,0.62
SIVC,2026-03-26,2800.0,64.88,
STAC,2026-03-26,2350.0,,2.81
CIEC,2026-03-26,3290.0,18.24,4.81
SDCC,2026-03-26,7300.0,16.6,4.82
NTLC,2026-03-27,12950.0,15.75,5.57
PALC,2026-03-27,8200.0,8.17,5.51
SPHC,2026-03-27,7280.0,7.45,4.45
SMBC,2026-03-27,12250.0,10.98,5.03
TTLC,2026-03-27,2975.0,19.98,6.58
TTLS,2026-03-27,3250.0,14.83,6.84
ECOC,2026-03-27,16500.0,15.8,4.29
SGBC,2026-03-27,35000.0,10.76,4.7
SIBC,2026-03-27,7050.0,14.03,4.68
ONTBF,2026-03-27,2950.0,9.74,6.42
ORAC,2026-03-27,15300.0,13.74,4.31
SNTS,2026-03-27,28400.0,6.87,5.83
SCRC,2026-03-27,1580.0,11.95,2.56
SICC,2026-03-27,4135.0,128.92,
SLBC,2026-03-27,38800.0,29.74,2.77
SOGC,2026-03-27,8200.0,13.51,6.44
STBC,2026-03-27,21700.0,8.71,9.66
UNLC,2026-03-27,53105.0,761.61,
ABJC,2026-03-27,3500.0,25.21,5.89
BNBC,2026-03-27,1610.0,,9.32
CFAC,2026-03-27,1630.0,62.99,0.43
LNBB,2026-03-27,3850.0,10.73,7.16
NEIC,2026-03-27,1430.0,,5.72
PRSC,2026-03-27,4890.0,21.34,3.73
UNXC,2026-03-27,2095.0,,2.9
SHEC,2026-03-27,2170.0,25.53,3.47
BICB,2026-03-27,5090.0,9.69,5.0
BICC,2026-03-27,25600.0,16.27,3.25
BOAB,2026-03-27,7350.0,15.17,6.37
BOABF,2026-03-27,5510.0,12.59,7.77
BOAC,2026-03-27,8700.0,10.86,5.39
BOAM,2026-03-27,4695.0,11.63,5.05
BOAN,2026-03-27,2650.0,134.68,7.9
BOAS,2026-03-27,6590.0,10.83,5.31
CBIBF,2026-03-27,13790.0,9.21,4.02
ETIT,2026-03-27,32.0,1.93,1.89
NSBC,2026-03-27,14145.0,9.18,4.72
ORGT,2026-03-27,3650.0,,1.63
SAFC,2026-03-27,6105.0,,
CABC,2026-03-27,3280.0,13.49,3.44
FTSC,2026-03-27,2410.0,1.83,71.64
SDSC,2026-03-27,1995.0,5.15,4.61
SEMC,2026-03-27,2110.0,52.52,0.66
SIVC,2026-03-27,2995.0,69.39,
STAC,2026-03-27,2525.0,,2.62
CIEC,2026-03-27,3290.0,18.24,4.81
SDCC,2026-03-27,7350.0,16.71,4.79
NTLC,2026-03-30,12900.0,15.69,5.59
PALC,2026-03-30,8050.0,8.02,5.61
SPHC,2026-03-30,7100.0,7.27,4.56
SMBC,2026-03-30,12500.0,11.2,4.93
TTLC,2026-03-30,2895.0,19.44,6.76
TTLS,2026-03-30,3350.0,15.29,6.64
ECOC,2026-03-30,16500.0,15.8,4.29
SGBC,2026-03-30,34800.0,10.7,4.73
SIBC,2026-03-30,7000.0,13.93,4.71
ONTBF,2026-03-30,2940.0,9.71,6.45
ORAC,2026-03-30,14650.0,13.15,4.51
SNTS,2026-03-30,28425.0,6.87,5.82
SCRC,2026-03-30,1550.0,11.73,2.61
SICC,2026-03-30,4050.0,126.27,
SLBC,2026-03-30,38700.0,29.67,2.77
SOGC,2026-03-30,7900.0,13.02,6.68
STBC,2026-03-30,21900.0,8.79,9.57
UNLC,2026-03-30,57085.0,818.69,
ABJC,2026-03-30,3690.0,26.58,5.59
BNBC,2026-03-30,1585.0,,9.46
CFAC,2026-03-30,1610.0,62.22,0.44
LNBB,2026-03-30,3900.0,10.87,7.06
NEIC,2026-03-30,1430.0,,5.72
PRSC,2026-03-30,4875.0,21.27,3.74
UNXC,2026-03-30,2000.0,,3.04
SHEC,2026-03-30,2200.0,25.89,3.42
BICB,2026-03-30,5090.0,9.69,5.0
BICC,2026-03-30,25475.0,16.19,3.26
BOAB,2026-03-30,7400.0,15.28,6.32
BOABF,2026-03-30,5550.0,12.68,7.71
BOAC,2026-03-30,8100.0,10.11,5.79
BOAM,2026-03-30,4595.0,11.38,5.16
BOAN,2026-03-30,2635.0,133.92,7.94
BOAS,2026-03-30,6590.0,10.83,5.31
CBIBF,2026-03-30,13850.0,9.25,4.01
ETIT,2026-03-30,32.0,1.93,1.89
NSBC,2026-03-30,14095.0,9.15,4.74
ORGT,2026-03-30,3655.0,,1.63
SAFC,2026-03-30,6540.0,,
CABC,2026-03-30,3250.0,13.37,3.47
FTSC,2026-03-30,2305.0,1.75,74.9
SDSC,2026-03-30,1945.0,5.03,4.73
SEMC,2026-03-30,2050.0,51.02,0.68
SIVC,2026-03-30,2975.0,68.93,
STAC,2026-03-30,2670.0,,2.48
CIEC,2026-03-30,3300.0,18.3,4.8
SDCC,2026-03-30,7400.0,16.82,4.76
NTLC,2026-02-02,11400.0,13.86,6.33
PALC,2026-02-02,8300.0,8.09,5.44
SPHC,2026-02-02,7675.0,10.44,4.22
SMBC,2026-02-02,10785.0,9.67,5.71
TTLC,2026-02-02,2350.0,15.78,8.33
TTLS,2026-02-02,2620.0,11.95,8.49
ECOC,2026-02-02,17165.0,16.44,4.12
SGBC,2026-02-02,30500.0,9.37,5.4
SIBC,2026-02-02,6395.0,12.73,5.16
ONTBF,2026-02-02,2650.0,8.75,7.15
ORAC,2026-02-02,14490.0,13.8,4.55
SNTS,2026-02-02,26900.0,6.83,6.15
SCRC,2026-02-02,1220.0,9.23,3.32
SICC,2026-02-02,3525.0,109.9,
SLBC,2026-02-02,28000.0,21.47,3.83
SOGC,2026-02-02,7950.0,13.1,6.64
STBC,2026-02-02,20345.0,8.17,10.3
UNLC,2026-02-02,46900.0,672.62,
ABJC,2026-02-02,3040.0,21.9,6.78
BNBC,2026-02-02,1495.0,,10.03
CFAC,2026-02-02,1495.0,57.77,0.47
LNBB,2026-02-02,3850.0,10.73,7.16
NEIC,2026-02-02,1275.0,,6.41
PRSC,2026-02-02,4400.0,19.2,4.14
UNXC,2026-02-02,1600.0,,3.8
SHEC,2026-02-02,1630.0,19.18,4.62
BICB,2026-02-02,4995.0,9.51,5.1
BICC,2026-02-02,19300.0,12.27,4.3
BOAB,2026-02-02,6990.0,14.43,6.7
BOABF,2026-02-02,4795.0,9.41,8.93
BOAC,2026-02-02,7190.0,8.98,6.52
BOAM,2026-02-02,4345.0,13.07,5.46
BOAN,2026-02-02,2635.0,10.96,7.94
BOAS,2026-02-02,5800.0,10.45,6.03
CBIBF,2026-02-02,12400.0,8.28,4.48
ETIT,2026-02-02,24.0,1.45,2.52
NSBC,2026-02-02,12495.0,8.11,5.35
ORGT,2026-02-02,2745.0,,2.17
SAFC,2026-02-02,3695.0,,
CABC,2026-02-02,2995.0,14.48,3.76
FTSC,2026-02-02,2100.0,1.59,82.22
SDSC,2026-02-02,1645.0,4.25,5.59
SEMC,2026-02-02,1705.0,42.44,0.82
SIVC,2026-02-02,2050.0,47.5,
STAC,2026-02-02,1310.0,,5.05
CIEC,2026-02-02,2675.0,14.83,5.92
SDCC,2026-02-02,6205.0,14.11,5.67
NTLC,2026-02-03,11400.0,13.86,6.33
PALC,2026-02-03,8230.0,8.02,5.49
SPHC,2026-02-03,7700.0,10.47,4.21
SMBC,2026-02-03,10785.0,9.67,5.71
TTLC,2026-02-03,2320.0,15.58,8.43
TTLS,2026-02-03,2660.0,12.14,8.36
ECOC,2026-02-03,17165.0,16.44,4.12
SGBC,2026-02-03,30000.0,9.22,5.49
SIBC,2026-02-03,6350.0,12.64,5.2
ONTBF,2026-02-03,2700.0,8.92,7.02
ORAC,2026-02-03,14650.0,13.95,4.51
SNTS,2026-02-03,26900.0,6.83,6.15
SCRC,2026-02-03,1205.0,9.12,3.36
SICC,2026-02-03,3525.0,109.9,
SLBC,2026-02-03,27990.0,21.46,3.84
SOGC,2026-02-03,8100.0,13.35,6.52
STBC,2026-02-03,18820.0,7.55,11.14
UNLC,2026-02-03,50415.0,723.03,
ABJC,2026-02-03,3035.0,21.86,6.79
BNBC,2026-02-03,1490.0,,10.07
CFAC,2026-02-03,1490.0,57.58,0.47
LNBB,2026-02-03,3900.0,10.87,7.06
NEIC,2026-02-03,1290.0,,6.34
PRSC,2026-02-03,4490.0,19.59,4.06
UNXC,2026-02-03,1610.0,,3.77
SHEC,2026-02-03,1630.0,19.18,4.62
BICB,2026-02-03,4995.0,9.51,5.1
BICC,2026-02-03,19200.0,12.2,4.33
BOAB,2026-02-03,6970.0,14.39,6.71
BOABF,2026-02-03,4695.0,9.21,9.12
BOAC,2026-02-03,7180.0,8.96,6.53
BOAM,2026-02-03,4300.0,12.94,5.52
BOAN,2026-02-03,2625.0,10.92,7.97
BOAS,2026-02-03,5740.0,10.34,6.1
CBIBF,2026-02-03,12250.0,8.18,4.53
ETIT,2026-02-03,23.0,1.39,2.63
NSBC,2026-02-03,12535.0,8.14,5.33
ORGT,2026-02-03,2690.0,,2.21
SAFC,2026-02-03,3795.0,,
CABC,2026-02-03,3000.0,14.5,3.76
FTSC,2026-02-03,2155.0,1.63,80.12
SDSC,2026-02-03,1590.0,4.11,5.79
SEMC,2026-02-03,1785.0,44.43,0.78
SIVC,2026-02-03,2100.0,48.66,
STAC,2026-02-03,1310.0,,5.05
CIEC,2026-02-03,2690.0,14.91,5.89
SDCC,2026-02-03,6250.0,14.21,5.63
NTLC,2026-02-04,11445.0,13.92,6.3
PALC,2026-02-04,8235.0,8.03,5.48
SPHC,2026-02-04,7515.0,10.22,4.31
SMBC,2026-02-04,10800.0,9.68,5.7
TTLC,2026-02-04,2400.0,16.12,8.15
TTLS,2026-02-04,2700.0,12.32,8.24
ECOC,2026-02-04,17165.0,16.44,4.12
SGBC,2026-02-04,30450.0,9.36,5.4
SIBC,2026-02-04,6360.0,12.66,5.19
ONTBF,2026-02-04,2710.0,8.95,6.99
ORAC,2026-02-04,14795.0,14.09,4.46
SNTS,2026-02-04,26900.0,6.83,6.15
SCRC,2026-02-04,1220.0,9.23,3.32
SICC,2026-02-04,3750.0,116.91,
SLBC,2026-02-04,28000.0,21.47,3.83
SOGC,2026-02-04,8285.0,13.65,6.37
STBC,2026-02-04,19755.0,7.93,10.61
UNLC,2026-02-04,54145.0,776.52,
ABJC,2026-02-04,3030.0,21.82,6.81
BNBC,2026-02-04,1540.0,,9.74
CFAC,2026-02-04,1500.0,57.97,0.47
LNBB,2026-02-04,3940.0,10.98,6.99
NEIC,2026-02-04,1250.0,,6.54
PRSC,2026-02-04,4490.0,19.59,4.06
UNXC,2026-02-04,1650.0,,3.68
SHEC,2026-02-04,1660.0,19.53,4.54
BICB,2026-02-04,4950.0,9.42,5.14
BICC,2026-02-04,19300.0,12.27,4.3
BOAB,2026-02-04,6900.0,14.24,6.78
BOABF,2026-02-04,4680.0,9.18,9.15
BOAC,2026-02-04,7190.0,8.98,6.52
BOAM,2026-02-04,4355.0,13.1,5.45
BOAN,2026-02-04,2650.0,11.02,7.9
BOAS,2026-02-04,5800.0,10.45,6.03
CBIBF,2026-02-04,12000.0,8.01,4.63
ETIT,2026-02-04,24.0,1.45,2.52
NSBC,2026-02-04,12795.0,8.3,5.22
ORGT,2026-02-04,2700.0,,2.2
SAFC,2026-02-04,3770.0,,
CABC,2026-02-04,3200.0,15.47,3.52
FTSC,2026-02-04,2155.0,1.63,80.12
SDSC,2026-02-04,1630.0,4.21,5.64
SEMC,2026-02-04,1915.0,47.66,0.73
SIVC,2026-02-04,2120.0,49.12,
STAC,2026-02-04,1320.0,,5.01
CIEC,2026-02-04,2640.0,14.64,6.0
SDCC,2026-02-04,5950.0,13.53,5.92
NTLC,2026-02-05,11450.0,13.92,6.3
PALC,2026-02-05,8320.0,8.11,5.43
SPHC,2026-02-05,7500.0,10.2,4.32
SMBC,2026-02-05,11100.0,9.95,5.55
TTLC,2026-02-05,2395.0,16.09,8.17
TTLS,2026-02-05,2700.0,12.32,8.24
ECOC,2026-02-05,17800.0,17.05,3.97
SGBC,2026-02-05,30500.0,9.37,5.4
SIBC,2026-02-05,6400.0,12.74,5.16
ONTBF,2026-02-05,2650.0,8.75,7.15
ORAC,2026-02-05,14800.0,14.09,4.46
SNTS,2026-02-05,26950.0,6.85,6.14
SCRC,2026-02-05,1225.0,9.27,3.31
SICC,2026-02-05,4030.0,125.64,
SLBC,2026-02-05,28000.0,21.47,3.83
SOGC,2026-02-05,8300.0,13.68,6.36
STBC,2026-02-05,19780.0,7.94,10.6
UNLC,2026-02-05,54200.0,777.31,
ABJC,2026-02-05,3095.0,22.29,6.66
BNBC,2026-02-05,1490.0,,10.07
CFAC,2026-02-05,1500.0,57.97,0.47
LNBB,2026-02-05,3900.0,10.87,7.06
NEIC,2026-02-05,1335.0,,6.13
PRSC,2026-02-05,4500.0,19.64,4.05
UNXC,2026-02-05,1770.0,,3.43
SHEC,2026-02-05,1700.0,20.0,4.43
BICB,2026-02-05,4950.0,9.42,5.14
BICC,2026-02-05,19450.0,12.36,4.27
BOAB,2026-02-05,6975.0,14.4,6.71
BOABF,2026-02-05,4740.0,9.3,9.03
BOAC,2026-02-05,7200.0,8.99,6.51
BOAM,2026-02-05,4250.0,12.79,5.58
BOAN,2026-02-05,2605.0,10.83,8.03
BOAS,2026-02-05,5830.0,10.5,6.0
CBIBF,2026-02-05,12010.0,8.02,4.62
ETIT,2026-02-05,24.0,1.45,2.52
NSBC,2026-02-05,12850.0,8.34,5.2
ORGT,2026-02-05,2685.0,,2.22
SAFC,2026-02-05,3845.0,,
CABC,2026-02-05,3440.0,16.63,3.28
FTSC,2026-02-05,2155.0,1.63,80.12
SDSC,2026-02-05,1640.0,4.24,5.61
SEMC,2026-02-05,2055.0,51.15,0.68
SIVC,2026-02-05,2150.0,49.81,
STAC,2026-02-05,1380.0,,4.79
CIEC,2026-02-05,2650.0,14.69,5.98
SDCC,2026-02-05,6390.0,14.53,5.51
NTLC,2026-02-06,11450.0,13.92,6.3
PALC,2026-02-06,8450.0,8.24,5.34
SPHC,2026-02-06,7500.0,10.2,4.32
SMBC,2026-02-06,11000.0,9.86,5.6
TTLC,2026-02-06,2400.0,16.12,8.15
TTLS,2026-02-06,2740.0,12.5,8.12
ECOC,2026-02-06,17500.0,16.76,4.04
SGBC,2026-02-06,30500.0,9.37,5.4
SIBC,2026-02-06,6475.0,12.89,5.1
ONTBF,2026-02-06,2700.0,8.92,7.02
ORAC,2026-02-06,14995.0,14.28,4.4
SNTS,2026-02-06,27000.0,6.86,6.13
SCRC,2026-02-06,1235.0,9.34,3.28
SICC,2026-02-06,4000.0,124.71,
SLBC,2026-02-06,28855.0,22.12,3.72
SOGC,2026-02-06,7940.0,13.08,6.65
STBC,2026-02-06,20000.0,8.03,10.48
UNLC,2026-02-06,58265.0,835.61,
ABJC,2026-02-06,3100.0,22.33,6.65
BNBC,2026-02-06,1535.0,,9.77
CFAC,2026-02-06,1590.0,61.44,0.44
LNBB,2026-02-06,3940.0,10.98,6.99
NEIC,2026-02-06,1235.0,,6.62
PRSC,2026-02-06,4495.0,19.61,4.05
UNXC,2026-02-06,1900.0,,3.2
SHEC,2026-02-06,1740.0,20.47,4.33
BICB,2026-02-06,4940.0,9.4,5.15
BICC,2026-02-06,19295.0,12.26,4.31
BOAB,2026-02-06,6965.0,14.38,6.72
BOABF,2026-02-06,4650.0,9.13,9.2
BOAC,2026-02-06,7250.0,9.05,6.47
BOAM,2026-02-06,4250.0,12.79,5.58
BOAN,2026-02-06,2605.0,10.83,8.03
BOAS,2026-02-06,6000.0,10.81,5.83
CBIBF,2026-02-06,12075.0,8.06,4.6
ETIT,2026-02-06,24.0,1.45,2.52
NSBC,2026-02-06,12860.0,8.35,5.2
ORGT,2026-02-06,2615.0,,2.28
SAFC,2026-02-06,3850.0,,
CABC,2026-02-06,3675.0,17.76,3.07
FTSC,2026-02-06,2300.0,1.74,75.07
SDSC,2026-02-06,1700.0,4.39,5.41
SEMC,2026-02-06,2205.0,54.88,0.63
SIVC,2026-02-06,2310.0,53.52,
STAC,2026-02-06,1480.0,,4.47
CIEC,2026-02-06,2690.0,14.91,5.89
SDCC,2026-02-06,5950.0,13.53,5.92
NTLC,2026-02-10,11900.0,14.47,6.06
PALC,2026-02-10,8900.0,8.67,5.07
SPHC,2026-02-10,7650.0,10.41,4.23
SMBC,2026-02-10,11500.0,10.31,5.36
TTLC,2026-02-10,2405.0,16.15,8.14
TTLS,2026-02-10,2720.0,12.41,8.18
ECOC,2026-02-10,17000.0,16.28,4.16
SGBC,2026-02-10,30500.0,9.37,5.4
SIBC,2026-02-10,6995.0,13.92,4.72
ONTBF,2026-02-10,2700.0,8.92,7.02
ORAC,2026-02-10,15100.0,14.38,4.37
SNTS,2026-02-10,27140.0,6.89,6.1
SCRC,2026-02-10,1300.0,9.84,3.12
SICC,2026-02-10,4000.0,124.71,
SLBC,2026-02-10,30100.0,23.08,3.57
SOGC,2026-02-10,8220.0,13.54,6.42
STBC,2026-02-10,19750.0,7.93,10.61
UNLC,2026-02-10,65650.0,941.52,
ABJC,2026-02-10,3110.0,22.4,6.63
BNBC,2026-02-10,1700.0,,8.82
CFAC,2026-02-10,1635.0,63.18,0.43
LNBB,2026-02-10,3935.0,10.97,7.0
NEIC,2026-02-10,1280.0,,6.39
PRSC,2026-02-10,4495.0,19.61,4.05
UNXC,2026-02-10,2125.0,,2.86
SHEC,2026-02-10,1750.0,20.59,4.3
BICB,2026-02-10,4950.0,9.42,5.14
BICC,2026-02-10,19890.0,12.64,4.18
BOAB,2026-02-10,6990.0,14.43,6.7
BOABF,2026-02-10,4595.0,9.02,9.31
BOAC,2026-02-10,7295.0,9.11,6.43
BOAM,2026-02-10,4230.0,12.73,5.61
BOAN,2026-02-10,2575.0,10.71,8.13
BOAS,2026-02-10,5885.0,10.6,5.95
CBIBF,2026-02-10,12000.0,8.01,4.63
ETIT,2026-02-10,25.0,1.51,2.42
NSBC,2026-02-10,12995.0,8.43,5.14
ORGT,2026-02-10,2885.0,,2.06
SAFC,2026-02-10,3860.0,,
CABC,2026-02-10,3990.0,19.29,2.83
FTSC,2026-02-10,2480.0,1.88,69.62
SDSC,2026-02-10,1745.0,4.51,5.27
SEMC,2026-02-10,2530.0,62.97,0.55
SIVC,2026-02-10,2665.0,61.75,
STAC,2026-02-10,1705.0,,3.88
CIEC,2026-02-10,2690.0,14.91,5.89
SDCC,2026-02-10,6410.0,14.57,5.49
NTLC,2026-02-11,11805.0,14.35,6.11
PALC,2026-02-11,8950.0,8.72,5.04
SPHC,2026-02-11,7790.0,10.6,4.16
SMBC,2026-02-11,11890.0,10.66,5.18
TTLC,2026-02-11,2450.0,16.46,7.99
TTLS,2026-02-11,2720.0,12.41,8.18
ECOC,2026-02-11,16505.0,15.81,4.29
SGBC,2026-02-11,31000.0,9.53,5.31
SIBC,2026-02-11,6850.0,13.64,4.82
ONTBF,2026-02-11,2700.0,8.92,7.02
ORAC,2026-02-11,15200.0,14.48,4.34
SNTS,2026-02-11,27295.0,6.93,6.06
SCRC,2026-02-11,1365.0,10.33,2.97
SICC,2026-02-11,3990.0,124.4,
SLBC,2026-02-11,30000.0,23.0,3.58
SOGC,2026-02-11,8250.0,13.59,6.4
STBC,2026-02-11,19750.0,7.93,10.61
UNLC,2026-02-11,70570.0,,
ABJC,2026-02-11,3100.0,22.33,6.65
BNBC,2026-02-11,1650.0,,9.09
CFAC,2026-02-11,1600.0,61.83,0.44
LNBB,2026-02-11,3935.0,10.97,7.0
NEIC,2026-02-11,1335.0,,6.13
PRSC,2026-02-11,4400.0,19.2,4.14
UNXC,2026-02-11,2280.0,,2.66
SHEC,2026-02-11,1760.0,20.71,4.28
BICB,2026-02-11,4955.0,9.43,5.14
BICC,2026-02-11,20000.0,12.71,4.15
BOAB,2026-02-11,6900.0,14.24,6.78
BOABF,2026-02-11,4470.0,8.77,9.57
BOAC,2026-02-11,7500.0,9.36,6.25
BOAM,2026-02-11,4285.0,12.89,5.53
BOAN,2026-02-11,2600.0,10.81,8.05
BOAS,2026-02-11,5900.0,10.63,5.93
CBIBF,2026-02-11,12000.0,8.01,4.63
ETIT,2026-02-11,26.0,1.57,2.33
NSBC,2026-02-11,13795.0,8.95,4.84
ORGT,2026-02-11,3000.0,,1.98
SAFC,2026-02-11,3885.0,,
CABC,2026-02-11,4000.0,19.33,2.82
FTSC,2026-02-11,2300.0,1.74,75.07
SDSC,2026-02-11,1705.0,4.41,5.4
SEMC,2026-02-11,2715.0,67.58,0.52
SIVC,2026-02-11,2850.0,66.03,
STAC,2026-02-11,1830.0,,3.61
CIEC,2026-02-11,2700.0,14.97,5.87
SDCC,2026-02-11,6400.0,14.55,5.5
NTLC,2026-02-12,11575.0,14.08,6.23
PALC,2026-02-12,8950.0,8.72,5.04
SPHC,2026-02-12,7600.0,10.34,4.26
SMBC,2026-02-12,11880.0,10.65,5.19
TTLC,2026-02-12,2450.0,16.46,7.99
TTLS,2026-02-12,2730.0,12.46,8.15
ECOC,2026-02-12,16800.0,16.09,4.21
SGBC,2026-02-12,31000.0,9.53,5.31
SIBC,2026-02-12,6850.0,13.64,4.82
ONTBF,2026-02-12,2710.0,8.95,6.99
ORAC,2026-02-12,15100.0,14.38,4.37
SNTS,2026-02-12,27285.0,6.93,6.07
SCRC,2026-02-12,1375.0,10.4,2.95
SICC,2026-02-12,3900.0,121.59,
SLBC,2026-02-12,30650.0,23.5,3.5
SOGC,2026-02-12,8295.0,13.67,6.37
STBC,2026-02-12,19800.0,7.95,10.59
UNLC,2026-02-12,75805.0,,
ABJC,2026-02-12,3080.0,22.18,6.69
BNBC,2026-02-12,1585.0,,9.46
CFAC,2026-02-12,1595.0,61.64,0.44
LNBB,2026-02-12,4000.0,11.15,6.89
NEIC,2026-02-12,1320.0,,6.2
PRSC,2026-02-12,4390.0,19.16,4.15
UNXC,2026-02-12,2110.0,,2.88
SHEC,2026-02-12,1720.0,20.24,4.38
BICB,2026-02-12,4960.0,9.44,5.13
BICC,2026-02-12,20000.0,12.71,4.15
BOAB,2026-02-12,6980.0,14.41,6.7
BOABF,2026-02-12,4530.0,8.89,9.45
BOAC,2026-02-12,7400.0,9.24,6.34
BOAM,2026-02-12,4300.0,12.94,5.52
BOAN,2026-02-12,2550.0,10.6,8.21
BOAS,2026-02-12,5890.0,10.61,5.94
CBIBF,2026-02-12,12100.0,8.08,4.59
ETIT,2026-02-12,27.0,1.63,2.24
NSBC,2026-02-12,13950.0,9.05,4.79
ORGT,2026-02-12,2950.0,,2.02
SAFC,2026-02-12,3940.0,,
CABC,2026-02-12,3700.0,17.88,3.05
FTSC,2026-02-12,2260.0,1.71,76.4
SDSC,2026-02-12,1720.0,4.44,5.35
SEMC,2026-02-12,2515.0,62.6,0.56
SIVC,2026-02-12,2640.0,61.17,
STAC,2026-02-12,1705.0,,3.88
CIEC,2026-02-12,2650.0,14.69,5.98
SDCC,2026-02-12,6300.0,14.32,5.59
NTLC,2026-02-13,11800.0,14.35,6.12
PALC,2026-02-13,9000.0,8.77,5.02
SPHC,2026-02-13,7700.0,10.47,4.21
SMBC,2026-02-13,12770.0,11.44,4.82
TTLC,2026-02-13,2470.0,16.59,7.92
TTLS,2026-02-13,2750.0,12.55,8.09
ECOC,2026-02-13,16900.0,16.19,4.19
SGBC,2026-02-13,31300.0,9.62,5.26
SIBC,2026-02-13,6830.0,13.6,4.83
ONTBF,2026-02-13,2630.0,8.69,7.21
ORAC,2026-02-13,15100.0,14.38,4.37
SNTS,2026-02-13,27985.0,7.11,5.91
SCRC,2026-02-13,1430.0,10.82,2.83
SICC,2026-02-13,4190.0,130.63,
SLBC,2026-02-13,31020.0,23.78,3.46
SOGC,2026-02-13,8300.0,13.68,6.36
STBC,2026-02-13,19945.0,8.01,10.51
UNLC,2026-02-13,80000.0,,
ABJC,2026-02-13,3070.0,22.11,6.72
BNBC,2026-02-13,1575.0,,9.52
CFAC,2026-02-13,1570.0,60.67,0.45
LNBB,2026-02-13,3900.0,10.87,7.06
NEIC,2026-02-13,1300.0,,6.29
PRSC,2026-02-13,4185.0,18.26,4.35
UNXC,2026-02-13,2200.0,,2.76
SHEC,2026-02-13,1700.0,20.0,4.43
BICB,2026-02-13,5000.0,9.52,5.09
BICC,2026-02-13,19995.0,12.71,4.15
BOAB,2026-02-13,6900.0,14.24,6.78
BOABF,2026-02-13,4550.0,8.93,9.41
BOAC,2026-02-13,7400.0,9.24,6.34
BOAM,2026-02-13,4345.0,13.07,5.46
BOAN,2026-02-13,2500.0,10.4,8.37
BOAS,2026-02-13,5955.0,10.73,5.88
CBIBF,2026-02-13,12000.0,8.01,4.63
ETIT,2026-02-13,29.0,1.75,2.09
NSBC,2026-02-13,13980.0,9.07,4.78
ORGT,2026-02-13,3020.0,,1.97
SAFC,2026-02-13,3990.0,,
CABC,2026-02-13,3425.0,16.55,3.29
FTSC,2026-02-13,2255.0,1.71,76.57
SDSC,2026-02-13,1725.0,4.46,5.33
SEMC,2026-02-13,2330.0,57.99,0.6
SIVC,2026-02-13,2445.0,56.65,
STAC,2026-02-13,1675.0,,3.95
CIEC,2026-02-13,2690.0,14.91,5.89
SDCC,2026-02-13,6400.0,14.55,5.5
NTLC,2026-02-16,11845.0,14.4,6.09
PALC,2026-02-16,9000.0,8.77,5.02
SPHC,2026-02-16,7700.0,10.47,4.21
SMBC,2026-02-16,12740.0,11.42,4.84
TTLC,2026-02-16,2450.0,16.46,7.99
TTLS,2026-02-16,2750.0,12.55,8.09
ECOC,2026-02-16,16000.0,15.32,4.42
SGBC,2026-02-16,31995.0,9.83,5.14
SIBC,2026-02-16,6830.0,13.6,4.83
ONTBF,2026-02-16,2685.0,8.87,7.06
ORAC,2026-02-16,15150.0,14.43,4.36
SNTS,2026-02-16,27875.0,6.74,5.94
SCRC,2026-02-16,1535.0,11.61,2.64
SICC,2026-02-16,4190.0,130.63,
SLBC,2026-02-16,31030.0,23.79,3.46
SOGC,2026-02-16,8300.0,13.68,6.36
STBC,2026-02-16,21000.0,8.43,9.98
UNLC,2026-02-16,85500.0,,
ABJC,2026-02-16,3050.0,21.97,6.76
BNBC,2026-02-16,1510.0,,9.93
CFAC,2026-02-16,1560.0,60.28,0.45
LNBB,2026-02-16,3895.0,10.86,7.07
NEIC,2026-02-16,1300.0,,6.29
PRSC,2026-02-16,4375.0,19.09,4.16
UNXC,2026-02-16,2240.0,,2.71
SHEC,2026-02-16,1730.0,20.36,4.35
BICB,2026-02-16,4995.0,9.51,5.1
BICC,2026-02-16,20050.0,12.74,4.14
BOAB,2026-02-16,6900.0,14.24,6.78
BOABF,2026-02-16,4550.0,8.93,9.41
BOAC,2026-02-16,7600.0,9.49,6.17
BOAM,2026-02-16,4350.0,13.09,5.45
BOAN,2026-02-16,2545.0,10.58,8.22
BOAS,2026-02-16,6000.0,10.81,5.83
CBIBF,2026-02-16,12900.0,8.61,4.3
ETIT,2026-02-16,31.0,1.87,1.95
NSBC,2026-02-16,13980.0,9.07,4.78
ORGT,2026-02-16,3020.0,,1.97
SAFC,2026-02-16,3940.0,,
CABC,2026-02-16,3170.0,15.32,3.56
FTSC,2026-02-16,2245.0,1.7,76.91
SDSC,2026-02-16,1800.0,4.65,5.11
SEMC,2026-02-16,2160.0,53.76,0.65
SIVC,2026-02-16,2550.0,59.08,
STAC,2026-02-16,1625.0,,4.07
CIEC,2026-02-16,2700.0,14.97,5.87
SDCC,2026-02-16,6300.0,14.32,5.59
NTLC,2026-02-17,11900.0,14.47,6.06
PALC,2026-02-17,8995.0,8.77,5.02
SPHC,2026-02-17,7700.0,10.47,4.21
SMBC,2026-02-17,11930.0,10.69,5.16
TTLC,2026-02-17,2495.0,16.76,7.84
TTLS,2026-02-17,2755.0,12.57,8.07
ECOC,2026-02-17,16200.0,15.52,4.37
SGBC,2026-02-17,31900.0,9.8,5.16
SIBC,2026-02-17,6835.0,13.61,4.83
ONTBF,2026-02-17,2700.0,8.92,7.02
ORAC,2026-02-17,15155.0,13.61,4.35
SNTS,2026-02-17,27995.0,6.77,5.91
SCRC,2026-02-17,1650.0,12.48,2.45
SICC,2026-02-17,4180.0,130.32,
SLBC,2026-02-17,32495.0,24.91,3.3
SOGC,2026-02-17,8465.0,13.95,6.24
STBC,2026-02-17,20600.0,8.27,10.17
UNLC,2026-02-17,85495.0,,
ABJC,2026-02-17,3060.0,22.04,6.74
BNBC,2026-02-17,1500.0,,10.0
CFAC,2026-02-17,1565.0,60.48,0.45
LNBB,2026-02-17,3890.0,10.84,7.08
NEIC,2026-02-17,1390.0,,5.88
PRSC,2026-02-17,4500.0,19.64,4.05
UNXC,2026-02-17,2300.0,,2.64
SHEC,2026-02-17,1725.0,20.3,4.36
BICB,2026-02-17,4995.0,9.51,5.1
BICC,2026-02-17,20100.0,12.77,4.13
BOAB,2026-02-17,6890.0,14.22,6.79
BOABF,2026-02-17,4560.0,8.95,9.39
BOAC,2026-02-17,7500.0,9.36,6.25
BOAM,2026-02-17,4360.0,13.12,5.44
BOAN,2026-02-17,2595.0,10.79,8.06
BOAS,2026-02-17,6000.0,10.81,5.83
CBIBF,2026-02-17,12700.0,8.48,4.37
ETIT,2026-02-17,33.0,1.99,1.83
NSBC,2026-02-17,13980.0,9.07,4.78
ORGT,2026-02-17,3060.0,,1.95
SAFC,2026-02-17,4005.0,,
CABC,2026-02-17,3160.0,15.27,3.57
FTSC,2026-02-17,2290.0,1.74,75.4
SDSC,2026-02-17,1900.0,4.91,4.84
SEMC,2026-02-17,2320.0,57.74,0.6
SIVC,2026-02-17,2740.0,63.49,
STAC,2026-02-17,1645.0,,4.02
CIEC,2026-02-17,2770.0,15.36,5.72
SDCC,2026-02-17,6290.0,14.3,5.6
NTLC,2026-02-18,12000.0,14.59,6.01
PALC,2026-02-18,9000.0,8.77,5.02
SPHC,2026-02-18,7700.0,10.47,4.21
SMBC,2026-02-18,12725.0,11.4,4.84
TTLC,2026-02-18,2520.0,16.93,7.76
TTLS,2026-02-18,2800.0,12.78,7.94
ECOC,2026-02-18,17000.0,16.28,4.16
SGBC,2026-02-18,32150.0,9.88,5.12
SIBC,2026-02-18,6555.0,13.05,5.03
ONTBF,2026-02-18,2870.0,9.48,6.6
ORAC,2026-02-18,14105.0,12.66,4.68
SNTS,2026-02-18,28100.0,6.79,5.89
SCRC,2026-02-18,1630.0,12.33,2.48
SICC,2026-02-18,3870.0,120.65,
SLBC,2026-02-18,34000.0,26.07,3.16
SOGC,2026-02-18,8465.0,13.95,6.24
STBC,2026-02-18,20990.0,8.43,9.99
UNLC,2026-02-18,80005.0,,
ABJC,2026-02-18,3285.0,23.66,6.28
BNBC,2026-02-18,1575.0,,9.52
CFAC,2026-02-18,1595.0,61.64,0.44
LNBB,2026-02-18,3890.0,10.84,7.08
NEIC,2026-02-18,1425.0,,5.74
PRSC,2026-02-18,4500.0,19.64,4.05
UNXC,2026-02-18,2395.0,,2.54
SHEC,2026-02-18,1725.0,20.3,4.36
BICB,2026-02-18,4990.0,9.5,5.1
BICC,2026-02-18,21015.0,13.36,3.95
BOAB,2026-02-18,6890.0,14.22,6.79
BOABF,2026-02-18,4700.0,9.22,9.11
BOAC,2026-02-18,7600.0,9.49,6.17
BOAM,2026-02-18,4400.0,13.24,5.39
BOAN,2026-02-18,2600.0,10.81,8.05
BOAS,2026-02-18,6025.0,10.85,5.81
CBIBF,2026-02-18,13000.0,8.68,4.27
ETIT,2026-02-18,34.0,2.05,1.78
NSBC,2026-02-18,13990.0,9.08,4.78
ORGT,2026-02-18,3045.0,,1.95
SAFC,2026-02-18,4305.0,,
CABC,2026-02-18,3085.0,14.91,3.65
FTSC,2026-02-18,2250.0,1.71,76.74
SDSC,2026-02-18,2000.0,5.17,4.6
SEMC,2026-02-18,2490.0,61.97,0.56
SIVC,2026-02-18,2695.0,62.44,
STAC,2026-02-18,1700.0,,3.89
CIEC,2026-02-18,2800.0,15.52,5.66
SDCC,2026-02-18,6300.0,14.32,5.59
NTLC,2026-02-19,12100.0,14.71,5.96
PALC,2026-02-19,9005.0,8.78,5.01
SPHC,2026-02-19,7800.0,10.61,4.15
SMBC,2026-02-19,13505.0,12.1,4.56
TTLC,2026-02-19,2690.0,18.07,7.27
TTLS,2026-02-19,2875.0,13.12,7.74
ECOC,2026-02-19,16250.0,15.56,4.35
SGBC,2026-02-19,32500.0,9.99,5.06
SIBC,2026-02-19,6660.0,13.26,4.95
ONTBF,2026-02-19,2890.0,9.54,6.56
ORAC,2026-02-19,14600.0,13.11,4.52
SNTS,2026-02-19,28200.0,6.82,5.87
SCRC,2026-02-19,1595.0,12.07,2.54
SICC,2026-02-19,3610.0,112.55,
SLBC,2026-02-19,33065.0,25.35,3.25
SOGC,2026-02-19,8395.0,13.83,6.29
STBC,2026-02-19,21400.0,8.59,9.79
UNLC,2026-02-19,79995.0,,
ABJC,2026-02-19,3530.0,25.43,5.84
BNBC,2026-02-19,1580.0,,9.49
CFAC,2026-02-19,1590.0,61.44,0.44
LNBB,2026-02-19,3885.0,10.83,7.09
NEIC,2026-02-19,1515.0,,5.4
PRSC,2026-02-19,4500.0,19.64,4.05
UNXC,2026-02-19,2355.0,,2.58
SHEC,2026-02-19,1760.0,20.71,4.28
BICB,2026-02-19,4990.0,9.5,5.1
BICC,2026-02-19,21500.0,13.66,3.86
BOAB,2026-02-19,6870.0,14.18,6.81
BOABF,2026-02-19,4655.0,9.14,9.19
BOAC,2026-02-19,7500.0,9.36,6.25
BOAM,2026-02-19,4450.0,13.39,5.33
BOAN,2026-02-19,2600.0,10.81,8.05
BOAS,2026-02-19,6030.0,10.86,5.8
CBIBF,2026-02-19,12900.0,8.61,4.3
ETIT,2026-02-19,33.0,1.99,1.83
NSBC,2026-02-19,13980.0,9.07,4.78
ORGT,2026-02-19,3045.0,,1.95
SAFC,2026-02-19,4625.0,,
CABC,2026-02-19,3315.0,16.02,3.4
FTSC,2026-02-19,2250.0,1.71,76.74
SDSC,2026-02-19,2100.0,5.43,4.38
SEMC,2026-02-19,2565.0,63.84,0.55
SIVC,2026-02-19,2695.0,62.44,
STAC,2026-02-19,1825.0,,3.62
CIEC,2026-02-19,2845.0,15.77,5.57
SDCC,2026-02-19,6295.0,14.31,5.59
NTLC,2026-02-20,12490.0,15.19,5.78
PALC,2026-02-20,9005.0,8.78,5.01
SPHC,2026-02-20,7800.0,10.61,4.15
SMBC,2026-02-20,14000.0,12.55,4.4
TTLC,2026-02-20,2820.0,18.94,6.94
TTLS,2026-02-20,2930.0,13.37,7.59
ECOC,2026-02-20,16900.0,16.19,4.19
SGBC,2026-02-20,33295.0,10.23,4.94
SIBC,2026-02-20,6800.0,13.54,4.85
ONTBF,2026-02-20,2800.0,9.25,6.77
ORAC,2026-02-20,15005.0,13.47,4.4
SNTS,2026-02-20,29000.0,7.01,5.71
SCRC,2026-02-20,1555.0,11.76,2.6
SICC,2026-02-20,3635.0,113.33,
SLBC,2026-02-20,35540.0,27.25,3.02
SOGC,2026-02-20,8300.0,13.68,6.36
STBC,2026-02-20,21400.0,8.59,9.79
UNLC,2026-02-20,74505.0,,
ABJC,2026-02-20,3790.0,27.3,5.44
BNBC,2026-02-20,1555.0,,9.65
CFAC,2026-02-20,1630.0,62.99,0.43
LNBB,2026-02-20,3865.0,10.77,7.13
NEIC,2026-02-20,1510.0,,5.42
PRSC,2026-02-20,4650.0,20.29,3.92
UNXC,2026-02-20,2295.0,,2.65
SHEC,2026-02-20,1760.0,20.71,4.28
BICB,2026-02-20,5005.0,9.53,5.09
BICC,2026-02-20,22995.0,14.61,3.61
BOAB,2026-02-20,6850.0,14.14,6.83
BOABF,2026-02-20,4650.0,9.13,9.2
BOAC,2026-02-20,7800.0,9.74,6.01
BOAM,2026-02-20,4460.0,13.42,5.32
BOAN,2026-02-20,2580.0,10.73,8.11
BOAS,2026-02-20,6100.0,10.99,5.74
CBIBF,2026-02-20,13000.0,8.68,4.27
ETIT,2026-02-20,34.0,2.05,1.78
NSBC,2026-02-20,14000.0,9.09,4.77
ORGT,2026-02-20,3150.0,,1.89
SAFC,2026-02-20,4970.0,,
CABC,2026-02-20,3560.0,17.21,3.17
FTSC,2026-02-20,2225.0,1.69,77.6
SDSC,2026-02-20,2090.0,5.4,4.4
SEMC,2026-02-20,2650.0,65.96,0.53
SIVC,2026-02-20,2790.0,64.64,
STAC,2026-02-20,1960.0,,3.38
CIEC,2026-02-20,2940.0,16.3,5.39
SDCC,2026-02-20,6450.0,14.66,5.46
NTLC,2026-02-23,12985.0,15.79,5.56
PALC,2026-02-23,9005.0,8.78,5.01
SPHC,2026-02-23,7990.0,10.87,4.05
SMBC,2026-02-23,14000.0,12.55,4.4
TTLC,2026-02-23,2725.0,18.3,7.18
TTLS,2026-02-23,2850.0,13.0,7.8
ECOC,2026-02-23,16700.0,16.0,4.24
SGBC,2026-02-23,33995.0,10.45,4.84
SIBC,2026-02-23,6800.0,13.54,4.85
ONTBF,2026-02-23,2700.0,8.92,7.02
ORAC,2026-02-23,15200.0,13.65,4.34
SNTS,2026-02-23,29200.0,7.06,5.67
SCRC,2026-02-23,1485.0,11.24,2.73
SICC,2026-02-23,3905.0,121.75,
SLBC,2026-02-23,35540.0,27.25,3.02
SOGC,2026-02-23,8500.0,14.0,6.21
STBC,2026-02-23,21495.0,8.63,9.75
UNLC,2026-02-23,74910.0,,
ABJC,2026-02-23,3650.0,26.29,5.65
BNBC,2026-02-23,1575.0,,9.52
CFAC,2026-02-23,1675.0,64.73,0.42
LNBB,2026-02-23,3875.0,10.8,7.11
NEIC,2026-02-23,1480.0,,5.53
PRSC,2026-02-23,4640.0,20.25,3.93
UNXC,2026-02-23,2345.0,,2.59
SHEC,2026-02-23,1880.0,22.12,4.0
BICB,2026-02-23,5100.0,9.71,4.99
BICC,2026-02-23,24000.0,15.25,3.46
BOAB,2026-02-23,6850.0,14.14,6.83
BOABF,2026-02-23,4625.0,9.08,9.25
BOAC,2026-02-23,7820.0,9.76,6.0
BOAM,2026-02-23,4475.0,13.46,5.3
BOAN,2026-02-23,2615.0,10.87,8.0
BOAS,2026-02-23,6300.0,11.35,5.56
CBIBF,2026-02-23,12900.0,8.61,4.3
ETIT,2026-02-23,32.0,1.93,1.89
NSBC,2026-02-23,14795.0,9.6,4.52
ORGT,2026-02-23,3100.0,,1.92
SAFC,2026-02-23,5335.0,,
CABC,2026-02-23,3500.0,16.92,3.22
FTSC,2026-02-23,2285.0,1.73,75.56
SDSC,2026-02-23,2230.0,5.76,4.13
SEMC,2026-02-23,2455.0,61.1,0.57
SIVC,2026-02-23,2850.0,66.03,
STAC,2026-02-23,1990.0,,3.32
CIEC,2026-02-23,2950.0,16.35,5.37
SDCC,2026-02-23,6005.0,13.65,5.86
NTLC,2026-02-24,12600.0,15.32,5.73
PALC,2026-02-24,9000.0,8.77,5.02
SPHC,2026-02-24,8115.0,11.04,3.99
SMBC,2026-02-24,13400.0,12.01,4.6
TTLC,2026-02-24,2705.0,18.17,7.23
TTLS,2026-02-24,2850.0,13.0,7.8
ECOC,2026-02-24,16700.0,16.0,4.24
SGBC,2026-02-24,34485.0,10.6,4.77
SIBC,2026-02-24,6800.0,13.54,4.85
ONTBF,2026-02-24,2800.0,9.25,6.77
ORAC,2026-02-24,15500.0,13.92,4.26
SNTS,2026-02-24,28800.0,6.96,5.75
SCRC,2026-02-24,1520.0,11.5,2.66
SICC,2026-02-24,4195.0,130.79,
SLBC,2026-02-24,35540.0,27.25,3.02
SOGC,2026-02-24,8490.0,13.99,6.22
STBC,2026-02-24,21450.0,8.61,9.77
UNLC,2026-02-24,74800.0,,
ABJC,2026-02-24,3520.0,25.35,5.86
BNBC,2026-02-24,1580.0,,9.49
CFAC,2026-02-24,1695.0,65.5,0.42
LNBB,2026-02-24,3810.0,10.62,7.23
NEIC,2026-02-24,1485.0,,5.51
PRSC,2026-02-24,4510.0,19.68,4.04
UNXC,2026-02-24,2400.0,,2.53
SHEC,2026-02-24,1880.0,22.12,4.0
BICB,2026-02-24,5110.0,9.73,4.98
BICC,2026-02-24,24000.0,15.25,3.46
BOAB,2026-02-24,6890.0,14.22,6.79
BOABF,2026-02-24,4660.0,9.15,9.18
BOAC,2026-02-24,7825.0,9.77,5.99
BOAM,2026-02-24,4470.0,13.45,5.31
BOAN,2026-02-24,2690.0,11.19,7.78
BOAS,2026-02-24,6300.0,11.35,5.56
CBIBF,2026-02-24,12930.0,8.63,4.29
ETIT,2026-02-24,32.0,1.93,1.89
NSBC,2026-02-24,14795.0,9.6,4.52
ORGT,2026-02-24,3150.0,,1.89
SAFC,2026-02-24,5290.0,,
CABC,2026-02-24,3510.0,16.97,3.21
FTSC,2026-02-24,2270.0,1.72,76.06
SDSC,2026-02-24,2300.0,5.94,4.0
SEMC,2026-02-24,2500.0,62.22,0.56
SIVC,2026-02-24,2950.0,68.35,
STAC,2026-02-24,2000.0,,3.31
CIEC,2026-02-24,2940.0,16.3,5.39
SDCC,2026-02-24,6405.0,14.56,5.5
NTLC,2026-02-25,12975.0,15.78,5.56
PALC,2026-02-25,9000.0,8.77,5.02
SPHC,2026-02-25,8000.0,10.88,4.05
SMBC,2026-02-25,13400.0,12.01,4.6
TTLC,2026-02-25,2750.0,18.47,7.12
TTLS,2026-02-25,2850.0,13.0,7.8
ECOC,2026-02-25,16700.0,16.0,4.24
SGBC,2026-02-25,35255.0,10.84,4.67
SIBC,2026-02-25,6800.0,13.54,4.85
ONTBF,2026-02-25,2715.0,8.97,6.98
ORAC,2026-02-25,15650.0,14.05,4.22
SNTS,2026-02-25,29200.0,7.06,5.67
SCRC,2026-02-25,1585.0,11.99,2.56
SICC,2026-02-25,4185.0,130.47,
SLBC,2026-02-25,38205.0,29.29,2.81
SOGC,2026-02-25,8595.0,14.16,6.14
STBC,2026-02-25,21475.0,8.62,9.76
UNLC,2026-02-25,69200.0,992.44,
ABJC,2026-02-25,3650.0,26.29,5.65
BNBC,2026-02-25,1565.0,,9.58
CFAC,2026-02-25,1750.0,67.63,0.4
LNBB,2026-02-25,3895.0,10.86,7.07
NEIC,2026-02-25,1460.0,,5.6
PRSC,2026-02-25,4635.0,20.23,3.93
UNXC,2026-02-25,2350.0,,2.59
SHEC,2026-02-25,1920.0,22.59,3.92
BICB,2026-02-25,5200.0,9.9,4.9
BICC,2026-02-25,24625.0,15.65,3.37
BOAB,2026-02-25,6890.0,14.22,6.79
BOABF,2026-02-25,4700.0,9.22,9.11
BOAC,2026-02-25,7900.0,9.86,5.94
BOAM,2026-02-25,4520.0,13.6,5.25
BOAN,2026-02-25,2840.0,11.81,7.37
BOAS,2026-02-25,6400.0,11.53,5.47
CBIBF,2026-02-25,13845.0,9.24,4.01
ETIT,2026-02-25,31.0,1.87,1.95
NSBC,2026-02-25,14700.0,9.54,4.55
ORGT,2026-02-25,3205.0,,1.86
SAFC,2026-02-25,5500.0,,
CABC,2026-02-25,3770.0,18.22,2.99
FTSC,2026-02-25,2280.0,1.73,75.73
SDSC,2026-02-25,2290.0,5.92,4.02
SEMC,2026-02-25,2415.0,60.11,0.58
SIVC,2026-02-25,3000.0,69.51,
STAC,2026-02-25,2000.0,,3.31
CIEC,2026-02-25,2950.0,16.35,5.37
SDCC,2026-02-25,6700.0,15.23,5.25
NTLC,2026-02-26,12500.0,15.2,5.77
PALC,2026-02-26,9000.0,8.77,5.02
SPHC,2026-02-26,8490.0,11.55,3.81
SMBC,2026-02-26,13155.0,11.79,4.68
TTLC,2026-02-26,2745.0,18.44,7.13
TTLS,2026-02-26,2845.0,12.98,7.82
ECOC,2026-02-26,16985.0,16.27,4.17
SGBC,2026-02-26,37500.0,11.53,4.39
SIBC,2026-02-26,6900.0,13.74,4.78
ONTBF,2026-02-26,2750.0,9.08,6.89
ORAC,2026-02-26,15690.0,14.09,4.21
SNTS,2026-02-26,29200.0,7.06,5.67
SCRC,2026-02-26,1600.0,12.11,2.53
SICC,2026-02-26,4180.0,130.32,
SLBC,2026-02-26,41000.0,31.43,2.62
SOGC,2026-02-26,8680.0,14.3,6.08
STBC,2026-02-26,21450.0,8.61,9.77
UNLC,2026-02-26,74300.0,,
ABJC,2026-02-26,3770.0,27.15,5.47
BNBC,2026-02-26,1575.0,,9.52
CFAC,2026-02-26,1790.0,69.17,0.39
LNBB,2026-02-26,3815.0,10.63,7.22
NEIC,2026-02-26,1470.0,,5.56
PRSC,2026-02-26,4595.0,20.05,3.96
UNXC,2026-02-26,2375.0,,2.56
SHEC,2026-02-26,1940.0,22.83,3.88
BICB,2026-02-26,5255.0,10.0,4.84
BICC,2026-02-26,25500.0,16.21,3.26
BOAB,2026-02-26,6990.0,14.43,6.7
BOABF,2026-02-26,4790.0,9.4,8.94
BOAC,2026-02-26,7950.0,9.92,5.9
BOAM,2026-02-26,4520.0,13.6,5.25
BOAN,2026-02-26,2995.0,12.45,6.99
BOAS,2026-02-26,6600.0,11.89,5.3
CBIBF,2026-02-26,14000.0,9.35,3.96
ETIT,2026-02-26,31.0,1.87,1.95
NSBC,2026-02-26,14800.0,9.61,4.51
ORGT,2026-02-26,3210.0,,1.85
SAFC,2026-02-26,5910.0,,
CABC,2026-02-26,3800.0,18.37,2.97
FTSC,2026-02-26,2300.0,1.74,75.07
SDSC,2026-02-26,2200.0,5.68,4.18
SEMC,2026-02-26,2385.0,59.36,0.59
SIVC,2026-02-26,3000.0,69.51,
STAC,2026-02-26,1995.0,,3.32
CIEC,2026-02-26,3100.0,17.19,5.11
SDCC,2026-02-26,7150.0,16.25,4.92
NTLC,2026-01-02,10995.0,13.37,6.56
PALC,2026-01-02,8000.0,7.8,5.64
SPHC,2026-01-02,7750.0,10.54,4.18
SMBC,2026-01-02,9495.0,8.51,6.49
TTLC,2026-01-02,2335.0,15.68,8.38
TTLS,2026-01-02,2530.0,11.54,8.79
ECOC,2026-01-02,16000.0,15.32,4.42
SGBC,2026-01-02,29600.0,9.1,5.56
SIBC,2026-01-02,5740.0,11.43,5.75
ONTBF,2026-01-02,2450.0,8.09,7.74
ORAC,2026-01-02,14055.0,13.38,4.7
SNTS,2026-01-02,25995.0,6.6,6.37
SCRC,2026-01-02,1045.0,7.91,3.88
SICC,2026-01-02,3300.0,102.88,
SLBC,2026-01-02,28500.0,21.85,3.77
SOGC,2026-01-02,7795.0,12.84,6.77
STBC,2026-01-02,19690.0,7.9,10.64
UNLC,2026-01-02,35000.0,501.95,
ABJC,2026-01-02,2920.0,21.03,7.06
BNBC,2026-01-02,1365.0,,10.99
CFAC,2026-01-02,1395.0,53.91,0.5
LNBB,2026-01-02,4295.0,11.97,6.41
NEIC,2026-01-02,1110.0,,7.37
PRSC,2026-01-02,3870.0,16.89,4.71
UNXC,2026-01-02,1410.0,,4.31
SHEC,2026-01-02,1435.0,16.89,5.25
BICB,2026-01-02,4975.0,9.47,5.12
BICC,2026-01-02,19300.0,12.27,4.3
BOAB,2026-01-02,5850.0,12.08,8.0
BOABF,2026-01-02,3940.0,7.73,10.86
BOAC,2026-01-02,7180.0,8.96,6.53
BOAM,2026-01-02,3990.0,12.0,5.94
BOAN,2026-01-02,2600.0,10.81,8.05
BOAS,2026-01-02,5235.0,9.43,6.69
CBIBF,2026-01-02,10845.0,7.24,5.12
ETIT,2026-01-02,23.0,1.39,2.63
NSBC,2026-01-02,11430.0,7.42,5.85
ORGT,2026-01-02,2485.0,,2.4
SAFC,2026-01-02,3175.0,,
CABC,2026-01-02,2350.0,11.36,4.8
FTSC,2026-01-02,2195.0,1.66,78.66
SDSC,2026-01-02,1495.0,3.86,6.15
SEMC,2026-01-02,750.0,18.67,1.87
SIVC,2026-01-02,1680.0,38.93,
STAC,2026-01-02,1280.0,,5.17
CIEC,2026-01-02,2400.0,13.31,6.6
SDCC,2026-01-02,5800.0,13.19,6.07
NTLC,2026-01-05,10945.0,13.31,6.59
PALC,2026-01-05,7990.0,7.79,5.65
SPHC,2026-01-05,7735.0,10.52,4.19
SMBC,2026-01-05,9400.0,8.42,6.55
TTLC,2026-01-05,2350.0,15.78,8.33
TTLS,2026-01-05,2350.0,10.72,9.46
ECOC,2026-01-05,15795.0,15.13,4.48
SGBC,2026-01-05,29000.0,8.91,5.68
SIBC,2026-01-05,5740.0,11.43,5.75
ONTBF,2026-01-05,2480.0,8.19,7.64
ORAC,2026-01-05,14020.0,13.35,4.71
SNTS,2026-01-05,24995.0,6.35,6.62
SCRC,2026-01-05,1045.0,7.91,3.88
SICC,2026-01-05,3310.0,103.2,
SLBC,2026-01-05,28800.0,22.08,3.73
SOGC,2026-01-05,7555.0,12.45,6.99
STBC,2026-01-05,19680.0,7.9,10.65
UNLC,2026-01-05,35000.0,501.95,
ABJC,2026-01-05,2800.0,20.17,7.36
BNBC,2026-01-05,1370.0,,10.95
CFAC,2026-01-05,1305.0,50.43,0.54
LNBB,2026-01-05,4295.0,11.97,6.41
NEIC,2026-01-05,1030.0,,7.94
PRSC,2026-01-05,3840.0,16.76,4.74
UNXC,2026-01-05,1410.0,,4.31
SHEC,2026-01-05,1410.0,16.59,5.34
BICB,2026-01-05,4910.0,9.35,5.19
BICC,2026-01-05,19250.0,12.23,4.32
BOAB,2026-01-05,5845.0,12.07,8.01
BOABF,2026-01-05,3980.0,7.81,10.75
BOAC,2026-01-05,7120.0,8.89,6.59
BOAM,2026-01-05,3990.0,12.0,5.94
BOAN,2026-01-05,2590.0,10.77,8.08
BOAS,2026-01-05,5230.0,9.42,6.69
CBIBF,2026-01-05,10860.0,7.25,5.11
ETIT,2026-01-05,22.0,1.33,2.75
NSBC,2026-01-05,11400.0,7.4,5.86
ORGT,2026-01-05,2635.0,,2.26
SAFC,2026-01-05,3200.0,,
CABC,2026-01-05,2360.0,11.41,4.78
FTSC,2026-01-05,2080.0,1.58,83.01
SDSC,2026-01-05,1455.0,3.76,6.32
SEMC,2026-01-05,805.0,20.04,1.74
SIVC,2026-01-05,1715.0,39.74,
STAC,2026-01-05,1280.0,,5.17
CIEC,2026-01-05,2375.0,13.17,6.67
SDCC,2026-01-05,5755.0,13.08,6.12
NTLC,2026-01-06,10900.0,13.25,6.62
PALC,2026-01-06,7950.0,7.75,5.68
SPHC,2026-01-06,7700.0,10.47,4.21
SMBC,2026-01-06,9500.0,8.51,6.48
TTLC,2026-01-06,2350.0,15.78,8.33
TTLS,2026-01-06,2425.0,11.06,9.17
ECOC,2026-01-06,16200.0,15.52,4.37
SGBC,2026-01-06,29400.0,9.04,5.6
SIBC,2026-01-06,5735.0,11.42,5.75
ONTBF,2026-01-06,2460.0,8.12,7.7
ORAC,2026-01-06,14190.0,13.51,4.65
SNTS,2026-01-06,25500.0,6.48,6.49
SCRC,2026-01-06,1060.0,8.02,3.82
SICC,2026-01-06,3555.0,110.83,
SLBC,2026-01-06,27505.0,21.09,3.9
SOGC,2026-01-06,7800.0,12.85,6.77
STBC,2026-01-06,19680.0,7.9,10.65
UNLC,2026-01-06,35000.0,501.95,
ABJC,2026-01-06,2780.0,20.02,7.42
BNBC,2026-01-06,1365.0,,10.99
CFAC,2026-01-06,1250.0,48.3,0.56
LNBB,2026-01-06,4290.0,11.96,6.42
NEIC,2026-01-06,1000.0,,8.18
PRSC,2026-01-06,3790.0,16.54,4.81
UNXC,2026-01-06,1380.0,,4.4
SHEC,2026-01-06,1480.0,17.42,5.09
BICB,2026-01-06,4950.0,9.42,5.14
BICC,2026-01-06,19290.0,12.26,4.31
BOAB,2026-01-06,5900.0,12.18,7.93
BOABF,2026-01-06,3975.0,7.8,10.77
BOAC,2026-01-06,7105.0,8.87,6.6
BOAM,2026-01-06,3990.0,12.0,5.94
BOAN,2026-01-06,2575.0,10.71,8.13
BOAS,2026-01-06,5230.0,9.42,6.69
CBIBF,2026-01-06,10860.0,7.25,5.11
ETIT,2026-01-06,22.0,1.33,2.75
NSBC,2026-01-06,11400.0,7.4,5.86
ORGT,2026-01-06,2600.0,,2.29
SAFC,2026-01-06,3200.0,,
CABC,2026-01-06,2355.0,11.38,4.79
FTSC,2026-01-06,1925.0,1.46,89.69
SDSC,2026-01-06,1465.0,3.79,6.28
SEMC,2026-01-06,865.0,21.53,1.62
SIVC,2026-01-06,1695.0,39.27,
STAC,2026-01-06,1275.0,,5.19
CIEC,2026-01-06,2375.0,13.17,6.67
SDCC,2026-01-06,5800.0,13.19,6.07
NTLC,2026-01-07,10900.0,13.25,6.62
PALC,2026-01-07,7950.0,7.75,5.68
SPHC,2026-01-07,7680.0,10.45,4.22
SMBC,2026-01-07,9200.0,8.25,6.7
TTLC,2026-01-07,2345.0,15.75,8.34
TTLS,2026-01-07,2450.0,11.18,9.08
ECOC,2026-01-07,16200.0,15.52,4.37
SGBC,2026-01-07,29400.0,9.04,5.6
SIBC,2026-01-07,5970.0,11.88,5.53
ONTBF,2026-01-07,2475.0,8.17,7.66
ORAC,2026-01-07,14190.0,13.51,4.65
SNTS,2026-01-07,25500.0,6.48,6.49
SCRC,2026-01-07,1060.0,8.02,3.82
SICC,2026-01-07,3555.0,110.83,
SLBC,2026-01-07,27500.0,21.08,3.9
SOGC,2026-01-07,7750.0,12.77,6.81
STBC,2026-01-07,19400.0,7.79,10.8
UNLC,2026-01-07,37500.0,537.81,
ABJC,2026-01-07,2730.0,19.66,7.55
BNBC,2026-01-07,1395.0,,10.75
CFAC,2026-01-07,1275.0,49.27,0.55
LNBB,2026-01-07,4195.0,11.69,6.57
NEIC,2026-01-07,1005.0,,8.14
PRSC,2026-01-07,3790.0,16.54,4.81
UNXC,2026-01-07,1395.0,,4.35
SHEC,2026-01-07,1550.0,18.24,4.86
BICB,2026-01-07,4970.0,9.46,5.12
BICC,2026-01-07,19270.0,12.25,4.31
BOAB,2026-01-07,5945.0,12.27,7.87
BOABF,2026-01-07,3980.0,7.81,10.75
BOAC,2026-01-07,7190.0,8.98,6.52
BOAM,2026-01-07,3995.0,12.02,5.94
BOAN,2026-01-07,2550.0,10.6,8.21
BOAS,2026-01-07,5240.0,9.44,6.68
CBIBF,2026-01-07,10955.0,7.31,5.07
ETIT,2026-01-07,22.0,1.33,2.75
NSBC,2026-01-07,11300.0,7.33,5.91
ORGT,2026-01-07,2640.0,,2.25
SAFC,2026-01-07,3200.0,,
CABC,2026-01-07,2300.0,11.12,4.9
FTSC,2026-01-07,2065.0,1.57,83.61
SDSC,2026-01-07,1490.0,3.85,6.17
SEMC,2026-01-07,925.0,23.02,1.51
SIVC,2026-01-07,1665.0,38.58,
STAC,2026-01-07,1275.0,,5.19
CIEC,2026-01-07,2405.0,13.33,6.59
SDCC,2026-01-07,5800.0,13.19,6.07
NTLC,2026-01-08,10900.0,13.25,6.62
PALC,2026-01-08,7940.0,7.74,5.69
SPHC,2026-01-08,7625.0,10.37,4.25
SMBC,2026-01-08,9400.0,8.42,6.55
TTLC,2026-01-08,2310.0,15.52,8.47
TTLS,2026-01-08,2530.0,11.54,8.79
ECOC,2026-01-08,16200.0,15.52,4.37
SGBC,2026-01-08,28500.0,8.76,5.77
SIBC,2026-01-08,5810.0,11.57,5.68
ONTBF,2026-01-08,2475.0,8.17,7.66
ORAC,2026-01-08,14100.0,13.43,4.68
SNTS,2026-01-08,25500.0,6.48,6.49
SCRC,2026-01-08,1055.0,7.98,3.84
SICC,2026-01-08,3555.0,110.83,
SLBC,2026-01-08,28850.0,22.12,3.72
SOGC,2026-01-08,7790.0,12.84,6.78
STBC,2026-01-08,19500.0,7.83,10.75
UNLC,2026-01-08,37500.0,537.81,
ABJC,2026-01-08,2720.0,19.59,7.58
BNBC,2026-01-08,1380.0,,10.87
CFAC,2026-01-08,1335.0,51.59,0.53
LNBB,2026-01-08,4150.0,11.57,6.64
NEIC,2026-01-08,1080.0,,7.57
PRSC,2026-01-08,3775.0,16.47,4.83
UNXC,2026-01-08,1395.0,,4.35
SHEC,2026-01-08,1550.0,18.24,4.86
BICB,2026-01-08,4960.0,9.44,5.13
BICC,2026-01-08,19270.0,12.25,4.31
BOAB,2026-01-08,5940.0,12.26,7.88
BOABF,2026-01-08,4000.0,7.85,10.7
BOAC,2026-01-08,7190.0,8.98,6.52
BOAM,2026-01-08,4000.0,12.03,5.93
BOAN,2026-01-08,2570.0,10.69,8.14
BOAS,2026-01-08,5240.0,9.44,6.68
CBIBF,2026-01-08,11000.0,7.34,5.05
ETIT,2026-01-08,23.0,1.39,2.63
NSBC,2026-01-08,11200.0,7.27,5.97
ORGT,2026-01-08,2605.0,,2.28
SAFC,2026-01-08,3230.0,,
CABC,2026-01-08,2355.0,11.38,4.79
FTSC,2026-01-08,2215.0,1.68,77.95
SDSC,2026-01-08,1475.0,3.81,6.24
SEMC,2026-01-08,990.0,24.64,1.41
SIVC,2026-01-08,1600.0,37.07,
STAC,2026-01-08,1205.0,,5.49
CIEC,2026-01-08,2410.0,13.36,6.57
SDCC,2026-01-08,5800.0,13.19,6.07
NTLC,2026-01-09,10980.0,13.35,6.57
PALC,2026-01-09,7960.0,7.76,5.67
SPHC,2026-01-09,7590.0,10.32,4.27
SMBC,2026-01-09,9100.0,8.16,6.77
TTLC,2026-01-09,2350.0,15.78,8.33
TTLS,2026-01-09,2530.0,11.54,8.79
ECOC,2026-01-09,16495.0,15.8,4.29
SGBC,2026-01-09,27500.0,8.45,5.98
SIBC,2026-01-09,5800.0,11.55,5.69
ONTBF,2026-01-09,2415.0,7.98,7.85
ORAC,2026-01-09,14135.0,13.46,4.67
SNTS,2026-01-09,25500.0,6.48,6.49
SCRC,2026-01-09,1050.0,7.94,3.86
SICC,2026-01-09,3700.0,115.35,
SLBC,2026-01-09,27600.0,21.16,3.89
SOGC,2026-01-09,7785.0,12.83,6.78
STBC,2026-01-09,19675.0,7.9,10.65
UNLC,2026-01-09,35000.0,501.95,
ABJC,2026-01-09,2740.0,19.74,7.53
BNBC,2026-01-09,1380.0,,10.87
CFAC,2026-01-09,1345.0,51.98,0.52
LNBB,2026-01-09,4130.0,11.51,6.67
NEIC,2026-01-09,1150.0,,7.11
PRSC,2026-01-09,3745.0,16.34,4.86
UNXC,2026-01-09,1395.0,,4.35
SHEC,2026-01-09,1545.0,18.18,4.87
BICB,2026-01-09,4950.0,9.42,5.14
BICC,2026-01-09,19250.0,12.23,4.32
BOAB,2026-01-09,5950.0,12.28,7.87
BOABF,2026-01-09,4100.0,8.05,10.44
BOAC,2026-01-09,7190.0,8.98,6.52
BOAM,2026-01-09,3900.0,11.73,6.08
BOAN,2026-01-09,2605.0,10.83,8.03
BOAS,2026-01-09,5240.0,9.44,6.68
CBIBF,2026-01-09,11010.0,7.35,5.04
ETIT,2026-01-09,22.0,1.33,2.75
NSBC,2026-01-09,11250.0,7.3,5.94
ORGT,2026-01-09,2620.0,,2.27
SAFC,2026-01-09,3250.0,,
CABC,2026-01-09,2445.0,11.82,4.61
FTSC,2026-01-09,2155.0,1.63,80.12
SDSC,2026-01-09,1490.0,3.85,6.17
SEMC,2026-01-09,1060.0,26.38,1.32
SIVC,2026-01-09,1660.0,38.46,
STAC,2026-01-09,1120.0,,5.91
CIEC,2026-01-09,2400.0,13.31,6.6
SDCC,2026-01-09,5795.0,13.17,6.07
NTLC,2026-01-12,10700.0,13.01,6.74
PALC,2026-01-12,7910.0,7.71,5.71
SPHC,2026-01-12,7320.0,9.96,4.42
SMBC,2026-01-12,9400.0,8.42,6.55
TTLC,2026-01-12,2380.0,15.99,8.22
TTLS,2026-01-12,2530.0,11.54,8.79
ECOC,2026-01-12,16500.0,15.8,4.29
SGBC,2026-01-12,29185.0,8.97,5.64
SIBC,2026-01-12,5845.0,11.64,5.65
ONTBF,2026-01-12,2450.0,8.09,7.74
ORAC,2026-01-12,14000.0,13.33,4.71
SNTS,2026-01-12,25500.0,6.48,6.49
SCRC,2026-01-12,1030.0,7.79,3.93
SICC,2026-01-12,3555.0,110.83,
SLBC,2026-01-12,29450.0,22.58,3.65
SOGC,2026-01-12,7710.0,12.7,6.85
STBC,2026-01-12,19695.0,7.91,10.64
UNLC,2026-01-12,37625.0,539.6,
ABJC,2026-01-12,2705.0,19.48,7.62
BNBC,2026-01-12,1390.0,,10.79
CFAC,2026-01-12,1345.0,51.98,0.52
LNBB,2026-01-12,4095.0,11.41,6.73
NEIC,2026-01-12,1200.0,,6.82
PRSC,2026-01-12,3700.0,16.15,4.92
UNXC,2026-01-12,1395.0,,4.35
SHEC,2026-01-12,1525.0,17.94,4.94
BICB,2026-01-12,4940.0,9.4,5.15
BICC,2026-01-12,19105.0,12.14,4.35
BOAB,2026-01-12,5980.0,12.35,7.83
BOABF,2026-01-12,4150.0,8.14,10.31
BOAC,2026-01-12,7185.0,8.97,6.53
BOAM,2026-01-12,4090.0,12.31,5.8
BOAN,2026-01-12,2620.0,10.9,7.99
BOAS,2026-01-12,5270.0,9.49,6.64
CBIBF,2026-01-12,10900.0,7.28,5.09
ETIT,2026-01-12,22.0,1.33,2.75
NSBC,2026-01-12,11450.0,7.43,5.84
ORGT,2026-01-12,2620.0,,2.27
SAFC,2026-01-12,3350.0,,
CABC,2026-01-12,2625.0,12.69,4.29
FTSC,2026-01-12,2130.0,1.62,81.06
SDSC,2026-01-12,1480.0,3.82,6.22
SEMC,2026-01-12,1135.0,28.25,1.23
SIVC,2026-01-12,1650.0,38.23,
STAC,2026-01-12,1200.0,,5.51
CIEC,2026-01-12,2490.0,13.8,6.36
SDCC,2026-01-12,5795.0,13.17,6.07
NTLC,2026-01-13,10900.0,13.25,6.62
PALC,2026-01-13,7850.0,7.65,5.75
SPHC,2026-01-13,7325.0,9.96,4.42
SMBC,2026-01-13,9500.0,8.51,6.48
TTLC,2026-01-13,2355.0,15.82,8.31
TTLS,2026-01-13,2600.0,11.86,8.55
ECOC,2026-01-13,16500.0,15.8,4.29
SGBC,2026-01-13,29145.0,8.96,5.65
SIBC,2026-01-13,5815.0,11.58,5.67
ONTBF,2026-01-13,2415.0,7.98,7.85
ORAC,2026-01-13,14025.0,13.36,4.71
SNTS,2026-01-13,25405.0,6.45,6.51
SCRC,2026-01-13,1060.0,8.02,3.82
SICC,2026-01-13,3700.0,115.35,
SLBC,2026-01-13,28865.0,22.13,3.72
SOGC,2026-01-13,7645.0,12.6,6.91
STBC,2026-01-13,20000.0,8.03,10.48
UNLC,2026-01-13,40445.0,580.04,
ABJC,2026-01-13,2705.0,19.48,7.62
BNBC,2026-01-13,1385.0,,10.83
CFAC,2026-01-13,1340.0,51.78,0.53
LNBB,2026-01-13,4095.0,11.41,6.73
NEIC,2026-01-13,1150.0,,7.11
PRSC,2026-01-13,3700.0,16.15,4.92
UNXC,2026-01-13,1425.0,,4.26
SHEC,2026-01-13,1520.0,17.89,4.95
BICB,2026-01-13,4950.0,9.42,5.14
BICC,2026-01-13,19175.0,12.19,4.33
BOAB,2026-01-13,6350.0,13.11,7.37
BOABF,2026-01-13,4295.0,8.43,9.97
BOAC,2026-01-13,7185.0,8.97,6.53
BOAM,2026-01-13,4060.0,12.22,5.84
BOAN,2026-01-13,2600.0,10.81,8.05
BOAS,2026-01-13,5400.0,9.73,6.48
CBIBF,2026-01-13,11000.0,7.34,5.05
ETIT,2026-01-13,23.0,1.39,2.63
NSBC,2026-01-13,11445.0,7.43,5.84
ORGT,2026-01-13,2600.0,,2.29
SAFC,2026-01-13,3260.0,,
CABC,2026-01-13,2620.0,12.66,4.3
FTSC,2026-01-13,2155.0,1.63,80.12
SDSC,2026-01-13,1510.0,3.9,6.09
SEMC,2026-01-13,1100.0,27.38,1.27
SIVC,2026-01-13,1670.0,38.69,
STAC,2026-01-13,1265.0,,5.23
CIEC,2026-01-13,2500.0,13.86,6.34
SDCC,2026-01-13,5800.0,13.19,6.07
NTLC,2026-01-14,11500.0,13.98,6.27
PALC,2026-01-14,7900.0,7.7,5.71
SPHC,2026-01-14,7250.0,9.86,4.47
SMBC,2026-01-14,9545.0,8.55,6.45
TTLC,2026-01-14,2370.0,15.92,8.26
TTLS,2026-01-14,2555.0,11.66,8.7
ECOC,2026-01-14,16490.0,15.79,4.29
SGBC,2026-01-14,28500.0,8.76,5.77
SIBC,2026-01-14,5850.0,11.65,5.64
ONTBF,2026-01-14,2415.0,7.98,7.85
ORAC,2026-01-14,14100.0,13.43,4.68
SNTS,2026-01-14,25500.0,6.48,6.49
SCRC,2026-01-14,1050.0,7.94,3.86
SICC,2026-01-14,3815.0,118.94,
SLBC,2026-01-14,29295.0,22.46,3.66
SOGC,2026-01-14,7600.0,12.52,6.95
STBC,2026-01-14,19800.0,7.95,10.59
UNLC,2026-01-14,40445.0,580.04,
ABJC,2026-01-14,2660.0,19.16,7.75
BNBC,2026-01-14,1350.0,,11.11
CFAC,2026-01-14,1390.0,53.71,0.51
LNBB,2026-01-14,3995.0,11.14,6.9
NEIC,2026-01-14,1175.0,,6.96
PRSC,2026-01-14,3730.0,16.28,4.88
UNXC,2026-01-14,1455.0,,4.18
SHEC,2026-01-14,1545.0,18.18,4.87
BICB,2026-01-14,4910.0,9.35,5.19
BICC,2026-01-14,19195.0,12.2,4.33
BOAB,2026-01-14,6350.0,13.11,7.37
BOABF,2026-01-14,4145.0,8.13,10.33
BOAC,2026-01-14,7180.0,8.96,6.53
BOAM,2026-01-14,4100.0,12.34,5.78
BOAN,2026-01-14,2550.0,10.6,8.21
BOAS,2026-01-14,5380.0,9.69,6.51
CBIBF,2026-01-14,11100.0,7.41,5.0
ETIT,2026-01-14,22.0,1.33,2.75
NSBC,2026-01-14,11445.0,7.43,5.84
ORGT,2026-01-14,2550.0,,2.33
SAFC,2026-01-14,3250.0,,
CABC,2026-01-14,2690.0,13.0,4.19
FTSC,2026-01-14,2150.0,1.63,80.3
SDSC,2026-01-14,1510.0,3.9,6.09
SEMC,2026-01-14,1135.0,28.25,1.23
SIVC,2026-01-14,1685.0,39.04,
STAC,2026-01-14,1210.0,,5.47
CIEC,2026-01-14,2550.0,14.14,6.21
SDCC,2026-01-14,5800.0,13.19,6.07
NTLC,2026-01-15,10710.0,13.02,6.74
PALC,2026-01-15,7895.0,7.69,5.72
SPHC,2026-01-15,7250.0,9.86,4.47
SMBC,2026-01-15,9300.0,8.33,6.62
TTLC,2026-01-15,2395.0,16.09,8.17
TTLS,2026-01-15,2600.0,11.86,8.55
ECOC,2026-01-15,16500.0,15.8,4.29
SGBC,2026-01-15,28135.0,8.65,5.85
SIBC,2026-01-15,5950.0,11.84,5.55
ONTBF,2026-01-15,2425.0,8.01,7.82
ORAC,2026-01-15,14450.0,13.76,4.57
SNTS,2026-01-15,25500.0,6.48,6.49
SCRC,2026-01-15,1075.0,8.13,3.77
SICC,2026-01-15,3810.0,118.78,
SLBC,2026-01-15,27620.0,21.17,3.89
SOGC,2026-01-15,7690.0,12.67,6.87
STBC,2026-01-15,19800.0,7.95,10.59
UNLC,2026-01-15,43475.0,623.5,
ABJC,2026-01-15,2700.0,19.45,7.64
BNBC,2026-01-15,1350.0,,11.11
CFAC,2026-01-15,1455.0,56.23,0.48
LNBB,2026-01-15,4000.0,11.15,6.89
NEIC,2026-01-15,1125.0,,7.27
PRSC,2026-01-15,3715.0,16.21,4.9
UNXC,2026-01-15,1455.0,,4.18
SHEC,2026-01-15,1545.0,18.18,4.87
BICB,2026-01-15,4920.0,9.37,5.17
BICC,2026-01-15,19195.0,12.2,4.33
BOAB,2026-01-15,6355.0,13.12,7.36
BOABF,2026-01-15,4290.0,8.42,9.98
BOAC,2026-01-15,7185.0,8.97,6.53
BOAM,2026-01-15,4100.0,12.34,5.78
BOAN,2026-01-15,2550.0,10.6,8.21
BOAS,2026-01-15,5400.0,9.73,6.48
CBIBF,2026-01-15,11555.0,7.71,4.8
ETIT,2026-01-15,23.0,1.39,2.63
NSBC,2026-01-15,11155.0,7.24,5.99
ORGT,2026-01-15,2600.0,,2.29
SAFC,2026-01-15,3295.0,,
CABC,2026-01-15,2600.0,12.57,4.34
FTSC,2026-01-15,2150.0,1.63,80.3
SDSC,2026-01-15,1600.0,4.13,5.75
SEMC,2026-01-15,1220.0,30.37,1.15
SIVC,2026-01-15,1695.0,39.27,
STAC,2026-01-15,1250.0,,5.29
CIEC,2026-01-15,2590.0,14.36,6.12
SDCC,2026-01-15,5800.0,13.19,6.07
NTLC,2026-01-16,11100.0,13.5,6.5
PALC,2026-01-16,7860.0,7.66,5.74
SPHC,2026-01-16,7490.0,10.19,4.32
SMBC,2026-01-16,9400.0,8.42,6.55
TTLC,2026-01-16,2350.0,15.78,8.33
TTLS,2026-01-16,2550.0,11.63,8.72
ECOC,2026-01-16,16500.0,15.8,4.29
SGBC,2026-01-16,28400.0,8.73,5.79
SIBC,2026-01-16,5990.0,11.92,5.51
ONTBF,2026-01-16,2495.0,8.24,7.6
ORAC,2026-01-16,14450.0,13.76,4.57
SNTS,2026-01-16,25500.0,6.48,6.49
SCRC,2026-01-16,1080.0,8.17,3.75
SICC,2026-01-16,3800.0,118.47,
SLBC,2026-01-16,29300.0,22.46,3.66
SOGC,2026-01-16,7695.0,12.68,6.86
STBC,2026-01-16,19800.0,7.95,10.59
UNLC,2026-01-16,46445.0,666.09,
ABJC,2026-01-16,2700.0,19.45,7.64
BNBC,2026-01-16,1350.0,,11.11
CFAC,2026-01-16,1450.0,56.03,0.49
LNBB,2026-01-16,4080.0,11.37,6.75
NEIC,2026-01-16,1135.0,,7.21
PRSC,2026-01-16,3910.0,17.06,4.66
UNXC,2026-01-16,1455.0,,4.18
SHEC,2026-01-16,1545.0,18.18,4.87
BICB,2026-01-16,4940.0,9.4,5.15
BICC,2026-01-16,19295.0,12.26,4.31
BOAB,2026-01-16,6350.0,13.11,7.37
BOABF,2026-01-16,4285.0,8.41,9.99
BOAC,2026-01-16,7185.0,8.97,6.53
BOAM,2026-01-16,4150.0,12.49,5.71
BOAN,2026-01-16,2635.0,10.96,7.94
BOAS,2026-01-16,5450.0,9.82,6.42
CBIBF,2026-01-16,11105.0,7.41,5.0
ETIT,2026-01-16,23.0,1.39,2.63
NSBC,2026-01-16,11405.0,7.4,5.86
ORGT,2026-01-16,2650.0,,2.25
SAFC,2026-01-16,3295.0,,
CABC,2026-01-16,2600.0,12.57,4.34
FTSC,2026-01-16,2135.0,1.62,80.87
SDSC,2026-01-16,1555.0,4.02,5.92
SEMC,2026-01-16,1310.0,32.61,1.07
SIVC,2026-01-16,1700.0,39.39,
STAC,2026-01-16,1275.0,,5.19
CIEC,2026-01-16,2590.0,14.36,6.12
SDCC,2026-01-16,5800.0,13.19,6.07
NTLC,2026-01-19,11390.0,13.85,6.34
PALC,2026-01-19,8000.0,7.8,5.64
SPHC,2026-01-19,7735.0,10.52,4.19
SMBC,2026-01-19,9685.0,8.68,6.36
TTLC,2026-01-19,2385.0,16.02,8.2
TTLS,2026-01-19,2550.0,11.63,8.72
ECOC,2026-01-19,16500.0,15.8,4.29
SGBC,2026-01-19,29350.0,9.02,5.61
SIBC,2026-01-19,5995.0,11.93,5.5
ONTBF,2026-01-19,2510.0,8.29,7.55
ORAC,2026-01-19,14470.0,13.78,4.56
SNTS,2026-01-19,25500.0,6.48,6.49
SCRC,2026-01-19,1080.0,8.17,3.75
SICC,2026-01-19,3800.0,118.47,
SLBC,2026-01-19,29300.0,22.46,3.66
SOGC,2026-01-19,7890.0,13.0,6.69
STBC,2026-01-19,20060.0,8.05,10.45
UNLC,2026-01-19,46400.0,665.45,
ABJC,2026-01-19,2700.0,19.45,7.64
BNBC,2026-01-19,1450.0,,10.34
CFAC,2026-01-19,1440.0,55.65,0.49
LNBB,2026-01-19,4070.0,11.34,6.77
NEIC,2026-01-19,1130.0,,7.24
PRSC,2026-01-19,3905.0,17.04,4.66
UNXC,2026-01-19,1485.0,,4.09
SHEC,2026-01-19,1545.0,18.18,4.87
BICB,2026-01-19,4940.0,9.4,5.15
BICC,2026-01-19,19200.0,12.2,4.33
BOAB,2026-01-19,6370.0,13.15,7.35
BOABF,2026-01-19,4280.0,8.4,10.0
BOAC,2026-01-19,7180.0,8.96,6.53
BOAM,2026-01-19,4150.0,12.49,5.71
BOAN,2026-01-19,2645.0,11.0,7.91
BOAS,2026-01-19,5620.0,10.12,6.23
CBIBF,2026-01-19,11895.0,7.94,4.67
ETIT,2026-01-19,22.0,1.33,2.75
NSBC,2026-01-19,11980.0,7.77,5.58
ORGT,2026-01-19,2595.0,,2.29
SAFC,2026-01-19,3335.0,,
CABC,2026-01-19,2605.0,12.59,4.33
FTSC,2026-01-19,2180.0,1.65,79.2
SDSC,2026-01-19,1510.0,3.9,6.09
SEMC,2026-01-19,1395.0,34.72,1.0
SIVC,2026-01-19,1700.0,39.39,
STAC,2026-01-19,1275.0,,5.19
CIEC,2026-01-19,2625.0,14.55,6.03
SDCC,2026-01-19,5805.0,13.2,6.06
NTLC,2026-01-20,11105.0,13.5,6.5
PALC,2026-01-20,7860.0,7.66,5.74
SPHC,2026-01-20,7690.0,10.46,4.21
SMBC,2026-01-20,9975.0,8.94,6.18
TTLC,2026-01-20,2380.0,15.99,8.22
TTLS,2026-01-20,2530.0,11.54,8.79
ECOC,2026-01-20,16500.0,15.8,4.29
SGBC,2026-01-20,29390.0,9.03,5.6
SIBC,2026-01-20,5990.0,11.92,5.51
ONTBF,2026-01-20,2620.0,8.65,7.23
ORAC,2026-01-20,14205.0,13.53,4.65
SNTS,2026-01-20,25500.0,6.48,6.49
SCRC,2026-01-20,1100.0,8.32,3.68
SICC,2026-01-20,3750.0,116.91,
SLBC,2026-01-20,27770.0,21.29,3.87
SOGC,2026-01-20,7850.0,12.93,6.73
STBC,2026-01-20,20500.0,8.23,10.22
UNLC,2026-01-20,43500.0,623.86,
ABJC,2026-01-20,2700.0,19.45,7.64
BNBC,2026-01-20,1555.0,,9.65
CFAC,2026-01-20,1400.0,54.1,0.5
LNBB,2026-01-20,4050.0,11.29,6.8
NEIC,2026-01-20,1160.0,,7.05
PRSC,2026-01-20,3910.0,17.06,4.66
UNXC,2026-01-20,1490.0,,4.08
SHEC,2026-01-20,1545.0,18.18,4.87
BICB,2026-01-20,4910.0,9.35,5.19
BICC,2026-01-20,19150.0,12.17,4.34
BOAB,2026-01-20,6495.0,13.41,7.21
BOABF,2026-01-20,4350.0,8.54,9.84
BOAC,2026-01-20,7185.0,8.97,6.53
BOAM,2026-01-20,4120.0,12.4,5.76
BOAN,2026-01-20,2640.0,10.98,7.93
BOAS,2026-01-20,5680.0,10.23,6.16
CBIBF,2026-01-20,11895.0,7.94,4.67
ETIT,2026-01-20,23.0,1.39,2.63
NSBC,2026-01-20,11910.0,7.73,5.61
ORGT,2026-01-20,2595.0,,2.29
SAFC,2026-01-20,3310.0,,
CABC,2026-01-20,2725.0,13.17,4.14
FTSC,2026-01-20,2100.0,1.59,82.22
SDSC,2026-01-20,1550.0,4.0,5.94
SEMC,2026-01-20,1300.0,32.36,1.08
SIVC,2026-01-20,1695.0,39.27,
STAC,2026-01-20,1250.0,,5.29
CIEC,2026-01-20,2660.0,14.75,5.95
SDCC,2026-01-20,5900.0,13.41,5.97
NTLC,2026-01-21,11200.0,13.62,6.44
PALC,2026-01-21,7995.0,7.79,5.65
SPHC,2026-01-21,7675.0,10.44,4.22
SMBC,2026-01-21,10230.0,9.17,6.02
TTLC,2026-01-21,2385.0,16.02,8.2
TTLS,2026-01-21,2550.0,11.63,8.72
ECOC,2026-01-21,16600.0,15.9,4.26
SGBC,2026-01-21,29300.0,9.0,5.62
SIBC,2026-01-21,6050.0,12.04,5.45
ONTBF,2026-01-21,2615.0,8.64,7.25
ORAC,2026-01-21,14500.0,13.81,4.55
SNTS,2026-01-21,25500.0,6.48,6.49
SCRC,2026-01-21,1100.0,8.32,3.68
SICC,2026-01-21,3815.0,118.94,
SLBC,2026-01-21,28300.0,21.7,3.79
SOGC,2026-01-21,7690.0,12.67,6.87
STBC,2026-01-21,21255.0,8.53,9.86
UNLC,2026-01-21,46760.0,670.61,
ABJC,2026-01-21,2750.0,19.81,7.5
BNBC,2026-01-21,1670.0,,8.98
CFAC,2026-01-21,1380.0,53.33,0.51
LNBB,2026-01-21,4020.0,11.2,6.85
NEIC,2026-01-21,1175.0,,6.96
PRSC,2026-01-21,3800.0,16.58,4.79
UNXC,2026-01-21,1490.0,,4.08
SHEC,2026-01-21,1570.0,18.47,4.8
BICB,2026-01-21,4920.0,9.37,5.17
BICC,2026-01-21,19200.0,12.2,4.33
BOAB,2026-01-21,6510.0,13.44,7.19
BOABF,2026-01-21,4390.0,8.62,9.75
BOAC,2026-01-21,7180.0,8.96,6.53
BOAM,2026-01-21,4145.0,12.47,5.72
BOAN,2026-01-21,2630.0,10.94,7.96
BOAS,2026-01-21,5650.0,10.18,6.19
CBIBF,2026-01-21,11895.0,7.94,4.67
ETIT,2026-01-21,22.0,1.33,2.75
NSBC,2026-01-21,11975.0,7.77,5.58
ORGT,2026-01-21,2600.0,,2.29
SAFC,2026-01-21,3500.0,,
CABC,2026-01-21,2925.0,14.14,3.85
FTSC,2026-01-21,2100.0,1.59,82.22
SDSC,2026-01-21,1545.0,3.99,5.95
SEMC,2026-01-21,1310.0,32.61,1.07
SIVC,2026-01-21,1710.0,39.62,
STAC,2026-01-21,1200.0,,5.51
CIEC,2026-01-21,2700.0,14.97,5.87
SDCC,2026-01-21,5900.0,13.41,5.97
NTLC,2026-01-22,11100.0,13.5,6.5
PALC,2026-01-22,8340.0,8.13,5.41
SPHC,2026-01-22,7600.0,10.34,4.26
SMBC,2026-01-22,10220.0,9.16,6.03
TTLC,2026-01-22,2390.0,16.05,8.19
TTLS,2026-01-22,2550.0,11.63,8.72
ECOC,2026-01-22,16505.0,15.81,4.29
SGBC,2026-01-22,29400.0,9.04,5.6
SIBC,2026-01-22,6045.0,12.03,5.46
ONTBF,2026-01-22,2585.0,8.54,7.33
ORAC,2026-01-22,14400.0,13.71,4.58
SNTS,2026-01-22,25495.0,6.48,6.49
SCRC,2026-01-22,1180.0,8.93,3.43
SICC,2026-01-22,3800.0,118.47,
SLBC,2026-01-22,28300.0,21.7,3.79
SOGC,2026-01-22,7800.0,12.85,6.77
STBC,2026-01-22,21495.0,8.63,9.75
UNLC,2026-01-22,46445.0,666.09,
ABJC,2026-01-22,2800.0,20.17,7.36
BNBC,2026-01-22,1785.0,,8.4
CFAC,2026-01-22,1390.0,53.71,0.51
LNBB,2026-01-22,4000.0,11.15,6.89
NEIC,2026-01-22,1175.0,,6.96
PRSC,2026-01-22,3700.0,16.15,4.92
UNXC,2026-01-22,1515.0,,4.01
SHEC,2026-01-22,1640.0,19.3,4.59
BICB,2026-01-22,4930.0,9.39,5.16
BICC,2026-01-22,19200.0,12.2,4.33
BOAB,2026-01-22,6550.0,13.52,7.15
BOABF,2026-01-22,4500.0,8.83,9.51
BOAC,2026-01-22,7180.0,8.96,6.53
BOAM,2026-01-22,4145.0,12.47,5.72
BOAN,2026-01-22,2600.0,10.81,8.05
BOAS,2026-01-22,5650.0,10.18,6.19
CBIBF,2026-01-22,11900.0,7.94,4.66
ETIT,2026-01-22,23.0,1.39,2.63
NSBC,2026-01-22,12000.0,7.79,5.57
ORGT,2026-01-22,2600.0,,2.29
SAFC,2026-01-22,3695.0,,
CABC,2026-01-22,2950.0,14.26,3.82
FTSC,2026-01-22,2100.0,1.59,82.22
SDSC,2026-01-22,1540.0,3.98,5.97
SEMC,2026-01-22,1310.0,32.61,1.07
SIVC,2026-01-22,1710.0,39.62,
STAC,2026-01-22,1200.0,,5.51
CIEC,2026-01-22,2720.0,15.08,5.82
SDCC,2026-01-22,6005.0,13.65,5.86
NTLC,2026-01-23,11250.0,13.68,6.41
PALC,2026-01-23,8335.0,8.12,5.42
SPHC,2026-01-23,7500.0,10.2,4.32
SMBC,2026-01-23,10000.0,8.96,6.16
TTLC,2026-01-23,2400.0,16.12,8.15
TTLS,2026-01-23,2550.0,11.63,8.72
ECOC,2026-01-23,16505.0,15.81,4.29
SGBC,2026-01-23,29600.0,9.1,5.56
SIBC,2026-01-23,6095.0,12.13,5.41
ONTBF,2026-01-23,2580.0,8.52,7.35
ORAC,2026-01-23,14400.0,13.71,4.58
SNTS,2026-01-23,25500.0,6.48,6.49
SCRC,2026-01-23,1265.0,9.57,3.2
SICC,2026-01-23,3600.0,112.24,
SLBC,2026-01-23,28295.0,21.69,3.79
SOGC,2026-01-23,7800.0,12.85,6.77
STBC,2026-01-23,21500.0,8.63,9.75
UNLC,2026-01-23,46500.0,666.88,
ABJC,2026-01-23,2850.0,20.53,7.23
BNBC,2026-01-23,1685.0,,8.9
CFAC,2026-01-23,1490.0,57.58,0.47
LNBB,2026-01-23,4000.0,11.15,6.89
NEIC,2026-01-23,1155.0,,7.08
PRSC,2026-01-23,3975.0,17.35,4.58
UNXC,2026-01-23,1625.0,,3.74
SHEC,2026-01-23,1600.0,18.83,4.71
BICB,2026-01-23,4915.0,9.36,5.18
BICC,2026-01-23,19200.0,12.2,4.33
BOAB,2026-01-23,6555.0,13.53,7.14
BOABF,2026-01-23,4595.0,9.02,9.31
BOAC,2026-01-23,7190.0,8.98,6.52
BOAM,2026-01-23,4200.0,12.64,5.65
BOAN,2026-01-23,2595.0,10.79,8.06
BOAS,2026-01-23,5635.0,10.15,6.21
CBIBF,2026-01-23,11950.0,7.98,4.64
ETIT,2026-01-23,24.0,1.45,2.52
NSBC,2026-01-23,12115.0,7.86,5.52
ORGT,2026-01-23,2700.0,,2.2
SAFC,2026-01-23,3830.0,,
CABC,2026-01-23,2995.0,14.48,3.76
FTSC,2026-01-23,2040.0,1.55,84.64
SDSC,2026-01-23,1550.0,4.0,5.94
SEMC,2026-01-23,1310.0,32.61,1.07
SIVC,2026-01-23,1750.0,40.55,
STAC,2026-01-23,1200.0,,5.51
CIEC,2026-01-23,2705.0,15.0,5.86
SDCC,2026-01-23,6015.0,13.67,5.85
NTLC,2026-01-26,11395.0,13.86,6.33
PALC,2026-01-26,8300.0,8.09,5.44
SPHC,2026-01-26,7585.0,10.32,4.27
SMBC,2026-01-26,9855.0,8.83,6.25
TTLC,2026-01-26,2420.0,16.25,8.09
TTLS,2026-01-26,2540.0,11.59,8.76
ECOC,2026-01-26,16695.0,15.99,4.24
SGBC,2026-01-26,29120.0,8.95,5.65
SIBC,2026-01-26,5905.0,11.75,5.59
ONTBF,2026-01-26,2580.0,8.52,7.35
ORAC,2026-01-26,14350.0,13.67,4.6
SNTS,2026-01-26,25500.0,6.48,6.49
SCRC,2026-01-26,1185.0,8.97,3.42
SICC,2026-01-26,3600.0,112.24,
SLBC,2026-01-26,28295.0,21.69,3.79
SOGC,2026-01-26,7850.0,12.93,6.73
STBC,2026-01-26,21845.0,8.77,9.59
UNLC,2026-01-26,43020.0,616.97,
ABJC,2026-01-26,2895.0,20.85,7.12
BNBC,2026-01-26,1660.0,,9.04
CFAC,2026-01-26,1520.0,58.74,0.46
LNBB,2026-01-26,3900.0,10.87,7.06
NEIC,2026-01-26,1155.0,,7.08
PRSC,2026-01-26,4270.0,18.63,4.27
UNXC,2026-01-26,1715.0,,3.54
SHEC,2026-01-26,1585.0,18.65,4.75
BICB,2026-01-26,4990.0,9.5,5.1
BICC,2026-01-26,19150.0,12.17,4.34
BOAB,2026-01-26,6550.0,13.52,7.15
BOABF,2026-01-26,4690.0,9.2,9.13
BOAC,2026-01-26,7175.0,8.96,6.54
BOAM,2026-01-26,4200.0,12.64,5.65
BOAN,2026-01-26,2625.0,10.92,7.97
BOAS,2026-01-26,5635.0,10.15,6.21
CBIBF,2026-01-26,11750.0,7.84,4.72
ETIT,2026-01-26,23.0,1.39,2.63
NSBC,2026-01-26,12100.0,7.85,5.52
ORGT,2026-01-26,2835.0,,2.1
SAFC,2026-01-26,3850.0,,
CABC,2026-01-26,3045.0,14.72,3.7
FTSC,2026-01-26,2115.0,1.6,81.63
SDSC,2026-01-26,1550.0,4.0,5.94
SEMC,2026-01-26,1315.0,32.73,1.06
SIVC,2026-01-26,1800.0,41.71,
STAC,2026-01-26,1215.0,,5.44
CIEC,2026-01-26,2700.0,14.97,5.87
SDCC,2026-01-26,6010.0,13.66,5.86
NTLC,2026-01-27,11100.0,13.5,6.5
PALC,2026-01-27,8200.0,7.99,5.51
SPHC,2026-01-27,7650.0,10.41,4.23
SMBC,2026-01-27,9855.0,8.83,6.25
TTLC,2026-01-27,2400.0,16.12,8.15
TTLS,2026-01-27,2550.0,11.63,8.72
ECOC,2026-01-27,16695.0,15.99,4.24
SGBC,2026-01-27,29700.0,9.13,5.54
SIBC,2026-01-27,6090.0,12.12,5.42
ONTBF,2026-01-27,2595.0,8.57,7.3
ORAC,2026-01-27,14400.0,13.71,4.58
SNTS,2026-01-27,25500.0,6.48,6.49
SCRC,2026-01-27,1200.0,9.08,3.38
SICC,2026-01-27,3600.0,112.24,
SLBC,2026-01-27,28200.0,21.62,3.81
SOGC,2026-01-27,7900.0,13.02,6.68
STBC,2026-01-27,21900.0,8.79,9.57
UNLC,2026-01-27,43250.0,620.27,
ABJC,2026-01-27,2900.0,20.89,7.11
BNBC,2026-01-27,1540.0,,9.74
CFAC,2026-01-27,1525.0,58.93,0.46
LNBB,2026-01-27,4000.0,11.15,6.89
NEIC,2026-01-27,1175.0,,6.96
PRSC,2026-01-27,4540.0,19.81,4.01
UNXC,2026-01-27,1650.0,,3.68
SHEC,2026-01-27,1560.0,18.36,4.83
BICB,2026-01-27,5000.0,9.52,5.09
BICC,2026-01-27,19100.0,12.14,4.35
BOAB,2026-01-27,6795.0,14.03,6.89
BOABF,2026-01-27,4645.0,9.12,9.21
BOAC,2026-01-27,7175.0,8.96,6.54
BOAM,2026-01-27,4230.0,12.73,5.61
BOAN,2026-01-27,2600.0,10.81,8.05
BOAS,2026-01-27,5600.0,10.09,6.25
CBIBF,2026-01-27,11800.0,7.88,4.7
ETIT,2026-01-27,23.0,1.39,2.63
NSBC,2026-01-27,12095.0,7.85,5.52
ORGT,2026-01-27,2900.0,,2.05
SAFC,2026-01-27,3800.0,,
CABC,2026-01-27,3045.0,14.72,3.7
FTSC,2026-01-27,2100.0,1.59,82.22
SDSC,2026-01-27,1590.0,4.11,5.79
SEMC,2026-01-27,1345.0,33.48,1.04
SIVC,2026-01-27,1800.0,41.71,
STAC,2026-01-27,1220.0,,5.42
CIEC,2026-01-27,2650.0,14.69,5.98
SDCC,2026-01-27,6120.0,13.91,5.75
NTLC,2026-01-28,11395.0,13.86,6.33
PALC,2026-01-28,8200.0,7.99,5.51
SPHC,2026-01-28,7550.0,10.27,4.29
SMBC,2026-01-28,10195.0,9.14,6.04
TTLC,2026-01-28,2410.0,16.19,8.12
TTLS,2026-01-28,2540.0,11.59,8.76
ECOC,2026-01-28,16795.0,16.09,4.21
SGBC,2026-01-28,29990.0,9.22,5.49
SIBC,2026-01-28,6200.0,12.34,5.32
ONTBF,2026-01-28,2625.0,8.67,7.22
ORAC,2026-01-28,14390.0,13.7,4.59
SNTS,2026-01-28,25505.0,6.48,6.49
SCRC,2026-01-28,1210.0,9.15,3.35
SICC,2026-01-28,3600.0,112.24,
SLBC,2026-01-28,28000.0,21.47,3.83
SOGC,2026-01-28,7890.0,13.0,6.69
STBC,2026-01-28,22000.0,8.83,9.53
UNLC,2026-01-28,46000.0,659.71,
ABJC,2026-01-28,2900.0,20.89,7.11
BNBC,2026-01-28,1500.0,,10.0
CFAC,2026-01-28,1520.0,58.74,0.46
LNBB,2026-01-28,3945.0,11.0,6.98
NEIC,2026-01-28,1170.0,,6.99
PRSC,2026-01-28,4450.0,19.42,4.09
UNXC,2026-01-28,1635.0,,3.72
SHEC,2026-01-28,1575.0,18.53,4.78
BICB,2026-01-28,4995.0,9.51,5.1
BICC,2026-01-28,19300.0,12.27,4.3
BOAB,2026-01-28,6990.0,14.43,6.7
BOABF,2026-01-28,4745.0,9.31,9.02
BOAC,2026-01-28,7175.0,8.96,6.54
BOAM,2026-01-28,4290.0,12.91,5.53
BOAN,2026-01-28,2600.0,10.81,8.05
BOAS,2026-01-28,5640.0,10.16,6.21
CBIBF,2026-01-28,11925.0,7.96,4.65
ETIT,2026-01-28,24.0,1.45,2.52
NSBC,2026-01-28,12095.0,7.85,5.52
ORGT,2026-01-28,2900.0,,2.05
SAFC,2026-01-28,3800.0,,
CABC,2026-01-28,3020.0,14.6,3.73
FTSC,2026-01-28,2065.0,1.57,83.61
SDSC,2026-01-28,1660.0,4.29,5.54
SEMC,2026-01-28,1380.0,34.35,1.01
SIVC,2026-01-28,1935.0,44.83,
STAC,2026-01-28,1220.0,,5.42
CIEC,2026-01-28,2695.0,14.94,5.88
SDCC,2026-01-28,6120.0,13.91,5.75
NTLC,2026-01-29,11395.0,13.86,6.33
PALC,2026-01-29,8295.0,8.08,5.44
SPHC,2026-01-29,7690.0,10.46,4.21
SMBC,2026-01-29,10250.0,9.19,6.01
TTLC,2026-01-29,2400.0,16.12,8.15
TTLS,2026-01-29,2600.0,11.86,8.55
ECOC,2026-01-29,16995.0,16.28,4.16
SGBC,2026-01-29,31000.0,9.53,5.31
SIBC,2026-01-29,6200.0,12.34,5.32
ONTBF,2026-01-29,2700.0,8.92,7.02
ORAC,2026-01-29,14450.0,13.76,4.57
SNTS,2026-01-29,26005.0,6.61,6.36
SCRC,2026-01-29,1205.0,9.12,3.36
SICC,2026-01-29,3815.0,118.94,
SLBC,2026-01-29,28000.0,21.47,3.83
SOGC,2026-01-29,7950.0,13.1,6.64
STBC,2026-01-29,21990.0,8.83,9.53
UNLC,2026-01-29,46400.0,665.45,
ABJC,2026-01-29,3050.0,21.97,6.76
BNBC,2026-01-29,1450.0,,10.34
CFAC,2026-01-29,1525.0,58.93,0.46
LNBB,2026-01-29,3945.0,11.0,6.98
NEIC,2026-01-29,1200.0,,6.82
PRSC,2026-01-29,4400.0,19.2,4.14
UNXC,2026-01-29,1515.0,,4.01
SHEC,2026-01-29,1595.0,18.77,4.72
BICB,2026-01-29,4995.0,9.51,5.1
BICC,2026-01-29,19200.0,12.2,4.33
BOAB,2026-01-29,7000.0,14.45,6.69
BOABF,2026-01-29,4900.0,9.62,8.73
BOAC,2026-01-29,7200.0,8.99,6.51
BOAM,2026-01-29,4350.0,13.09,5.45
BOAN,2026-01-29,2605.0,10.83,8.03
BOAS,2026-01-29,5710.0,10.29,6.13
CBIBF,2026-01-29,11900.0,7.94,4.66
ETIT,2026-01-29,23.0,1.39,2.63
NSBC,2026-01-29,12200.0,7.92,5.48
ORGT,2026-01-29,2815.0,,2.11
SAFC,2026-01-29,3850.0,,
CABC,2026-01-29,2960.0,14.31,3.81
FTSC,2026-01-29,2095.0,1.59,82.41
SDSC,2026-01-29,1730.0,4.47,5.32
SEMC,2026-01-29,1480.0,36.84,0.95
SIVC,2026-01-29,2050.0,47.5,
STAC,2026-01-29,1260.0,,5.25
CIEC,2026-01-29,2650.0,14.69,5.98
SDCC,2026-01-29,6150.0,13.98,5.72
NTLC,2025-12-01,11530.0,14.02,6.26
PALC,2025-12-01,8000.0,7.8,5.64
TTLC,2025-12-01,2395.0,16.09,8.17
TTLS,2025-12-01,2550.0,11.63,8.72
ECOC,2025-12-01,16770.0,16.06,4.22
NSBC,2025-12-01,11990.0,7.78,5.57
SGBC,2025-12-01,27600.0,8.48,5.96
ONTBF,2025-12-01,2525.0,8.34,7.51
ORAC,2025-12-01,15655.0,14.91,4.22
SNTS,2025-12-01,26000.0,6.6,6.37
SCRC,2025-12-01,1000.0,7.57,4.05
SICC,2025-12-01,3390.0,105.69,
SLBC,2025-12-01,28000.0,21.47,3.83
SOGC,2025-12-01,7950.0,13.1,6.64
SPHC,2025-12-01,8000.0,10.88,4.05
STBC,2025-12-01,19490.0,7.82,10.75
UNLC,2025-12-01,43400.0,622.42,
ABJC,2025-12-01,2500.0,18.01,8.25
BNBC,2025-12-01,1390.0,,10.79
CFAC,2025-12-01,1700.0,65.69,0.41
LNBB,2025-12-01,3800.0,10.59,7.25
NEIC,2025-12-01,900.0,,9.09
PRSC,2025-12-01,3900.0,17.02,4.67
UNXC,2025-12-01,1450.0,,4.19
SHEC,2025-12-01,1550.0,18.24,4.86
SMBC,2025-12-01,9500.0,8.51,6.48
BICB,2025-12-01,5000.0,9.52,5.09
BICC,2025-12-01,20050.0,12.74,4.14
BOAB,2025-12-01,5335.0,11.01,8.77
BOABF,2025-12-01,3990.0,7.83,10.73
BOAC,2025-12-01,7245.0,9.04,6.47
BOAM,2025-12-01,4000.0,12.03,5.93
BOAN,2025-12-01,2500.0,10.4,8.37
BOAS,2025-12-01,5505.0,9.92,6.36
CBIBF,2025-12-01,10850.0,7.24,5.12
ETIT,2025-12-01,22.0,1.33,2.75
ORGT,2025-12-01,2600.0,,2.29
SAFC,2025-12-01,3180.0,,
SIBC,2025-12-01,5765.0,11.48,5.72
CABC,2025-12-01,2300.0,11.12,4.9
FTSC,2025-12-01,2300.0,1.74,75.07
SDSC,2025-12-01,1465.0,3.79,6.28
SEMC,2025-12-01,700.0,17.42,2.0
SIVC,2025-12-01,665.0,6.48,
STAC,2025-12-01,1150.0,,5.75
CIEC,2025-12-01,2500.0,13.86,6.34
SDCC,2025-12-01,6095.0,13.86,5.78
NTLC,2025-12-02,11530.0,14.02,6.26
PALC,2025-12-02,8010.0,7.81,5.64
TTLC,2025-12-02,2390.0,16.05,8.19
TTLS,2025-12-02,2550.0,11.63,8.72
ECOC,2025-12-02,15720.0,15.06,4.5
NSBC,2025-12-02,11900.0,7.72,5.61
SGBC,2025-12-02,28000.0,8.61,5.88
ONTBF,2025-12-02,2520.0,8.32,7.52
ORAC,2025-12-02,15000.0,14.28,4.4
SNTS,2025-12-02,25950.0,6.59,6.38
SCRC,2025-12-02,1000.0,7.57,4.05
SICC,2025-12-02,3390.0,105.69,
SLBC,2025-12-02,28000.0,21.47,3.83
SOGC,2025-12-02,7940.0,13.08,6.65
SPHC,2025-12-02,8000.0,10.88,4.05
STBC,2025-12-02,19480.0,7.82,10.76
UNLC,2025-12-02,43400.0,622.42,
ABJC,2025-12-02,2515.0,18.11,8.2
BNBC,2025-12-02,1355.0,,11.07
CFAC,2025-12-02,1780.0,68.79,0.4
LNBB,2025-12-02,3790.0,10.56,7.27
NEIC,2025-12-02,905.0,,9.04
PRSC,2025-12-02,3900.0,17.02,4.67
UNXC,2025-12-02,1450.0,,4.19
SHEC,2025-12-02,1520.0,17.89,4.95
SMBC,2025-12-02,9500.0,8.51,6.48
BICB,2025-12-02,4965.0,9.45,5.13
BICC,2025-12-02,19940.0,12.67,4.17
BOAB,2025-12-02,5340.0,11.02,8.76
BOABF,2025-12-02,3990.0,7.83,10.73
BOAC,2025-12-02,7245.0,9.04,6.47
BOAM,2025-12-02,3995.0,12.02,5.94
BOAN,2025-12-02,2500.0,10.4,8.37
BOAS,2025-12-02,5550.0,10.0,6.31
CBIBF,2025-12-02,10850.0,7.24,5.12
ETIT,2025-12-02,22.0,1.33,2.75
ORGT,2025-12-02,2565.0,,2.32
SAFC,2025-12-02,3160.0,,
SIBC,2025-12-02,5765.0,11.48,5.72
CABC,2025-12-02,2165.0,10.46,5.21
FTSC,2025-12-02,2280.0,1.73,75.73
SDSC,2025-12-02,1440.0,3.72,6.39
SEMC,2025-12-02,700.0,17.42,2.0
SIVC,2025-12-02,700.0,6.83,
STAC,2025-12-02,1150.0,,5.75
CIEC,2025-12-02,2500.0,13.86,6.34
SDCC,2025-12-02,6100.0,13.87,5.77
NTLC,2025-12-03,11495.0,13.98,6.28
PALC,2025-12-03,8120.0,7.91,5.56
TTLC,2025-12-03,2370.0,15.92,8.26
TTLS,2025-12-03,2490.0,11.36,8.93
ECOC,2025-12-03,16505.0,15.81,4.29
NSBC,2025-12-03,11990.0,7.78,5.57
SGBC,2025-12-03,28500.0,8.76,5.77
ONTBF,2025-12-03,2510.0,8.29,7.55
ORAC,2025-12-03,15160.0,14.44,4.35
SNTS,2025-12-03,25950.0,6.59,6.38
SCRC,2025-12-03,990.0,7.49,4.09
SICC,2025-12-03,3390.0,105.69,
SLBC,2025-12-03,28000.0,21.47,3.83
SOGC,2025-12-03,7935.0,13.07,6.65
SPHC,2025-12-03,7950.0,10.81,4.07
STBC,2025-12-03,19490.0,7.82,10.75
UNLC,2025-12-03,43390.0,622.28,
ABJC,2025-12-03,2550.0,18.37,8.09
BNBC,2025-12-03,1355.0,,11.07
CFAC,2025-12-03,1755.0,67.82,0.4
LNBB,2025-12-03,3850.0,10.73,7.16
NEIC,2025-12-03,950.0,,8.61
PRSC,2025-12-03,3895.0,17.0,4.68
UNXC,2025-12-03,1445.0,,4.2
SHEC,2025-12-03,1540.0,18.12,4.89
SMBC,2025-12-03,9790.0,8.77,6.29
BICB,2025-12-03,5000.0,9.52,5.09
BICC,2025-12-03,19500.0,12.39,4.26
BOAB,2025-12-03,5495.0,11.34,8.52
BOABF,2025-12-03,3990.0,7.83,10.73
BOAC,2025-12-03,7200.0,8.99,6.51
BOAM,2025-12-03,4055.0,12.2,5.85
BOAN,2025-12-03,2500.0,10.4,8.37
BOAS,2025-12-03,5495.0,9.9,6.37
CBIBF,2025-12-03,10800.0,7.21,5.14
ETIT,2025-12-03,22.0,1.33,2.75
ORGT,2025-12-03,2500.0,,2.38
SAFC,2025-12-03,3150.0,,
SIBC,2025-12-03,5810.0,11.57,5.68
CABC,2025-12-03,2230.0,10.78,5.05
FTSC,2025-12-03,2300.0,1.74,75.07
SDSC,2025-12-03,1450.0,3.75,6.34
SEMC,2025-12-03,700.0,17.42,2.0
SIVC,2025-12-03,705.0,6.87,
STAC,2025-12-03,1180.0,,5.61
CIEC,2025-12-03,2500.0,13.86,6.34
SDCC,2025-12-03,6100.0,13.87,5.77
NTLC,2025-12-04,11495.0,13.98,6.28
PALC,2025-12-04,7995.0,7.79,5.65
TTLC,2025-12-04,2365.0,15.88,8.27
TTLS,2025-12-04,2500.0,11.41,8.9
ECOC,2025-12-04,16600.0,15.9,4.26
NSBC,2025-12-04,11985.0,7.78,5.57
SGBC,2025-12-04,30000.0,9.22,5.49
ONTBF,2025-12-04,2500.0,8.26,7.58
ORAC,2025-12-04,15200.0,14.48,4.34
SNTS,2025-12-04,25700.0,6.53,6.44
SCRC,2025-12-04,995.0,7.53,4.07
SICC,2025-12-04,3390.0,105.69,
SLBC,2025-12-04,28000.0,21.47,3.83
SOGC,2025-12-04,7860.0,12.95,6.72
SPHC,2025-12-04,7900.0,10.75,4.1
STBC,2025-12-04,19490.0,7.82,10.75
UNLC,2025-12-04,43390.0,622.28,
ABJC,2025-12-04,2535.0,18.26,8.13
BNBC,2025-12-04,1350.0,,11.11
CFAC,2025-12-04,1735.0,67.05,0.41
LNBB,2025-12-04,3825.0,10.66,7.2
NEIC,2025-12-04,950.0,,8.61
PRSC,2025-12-04,3895.0,17.0,4.68
UNXC,2025-12-04,1400.0,,4.34
SHEC,2025-12-04,1565.0,18.42,4.81
SMBC,2025-12-04,9790.0,8.77,6.29
BICB,2025-12-04,5170.0,9.84,4.92
BICC,2025-12-04,19995.0,12.71,4.15
BOAB,2025-12-04,5400.0,11.15,8.67
BOABF,2025-12-04,3985.0,7.82,10.74
BOAC,2025-12-04,7195.0,8.98,6.52
BOAM,2025-12-04,4060.0,12.22,5.84
BOAN,2025-12-04,2495.0,10.38,8.39
BOAS,2025-12-04,5490.0,9.89,6.38
CBIBF,2025-12-04,10500.0,7.01,5.29
ETIT,2025-12-04,22.0,1.33,2.75
ORGT,2025-12-04,2590.0,,2.3
SAFC,2025-12-04,3260.0,,
SIBC,2025-12-04,5795.0,11.54,5.69
CABC,2025-12-04,2230.0,10.78,5.05
FTSC,2025-12-04,2300.0,1.74,75.07
SDSC,2025-12-04,1455.0,3.76,6.32
SEMC,2025-12-04,700.0,17.42,2.0
SIVC,2025-12-04,705.0,6.87,
STAC,2025-12-04,1180.0,,5.61
CIEC,2025-12-04,2500.0,13.86,6.34
SDCC,2025-12-04,6100.0,13.87,5.77
NTLC,2025-12-05,11450.0,13.92,6.3
PALC,2025-12-05,8100.0,7.89,5.57
TTLC,2025-12-05,2370.0,15.92,8.26
TTLS,2025-12-05,2490.0,11.36,8.93
ECOC,2025-12-05,16000.0,15.32,4.42
NSBC,2025-12-05,11985.0,7.78,5.57
SGBC,2025-12-05,30050.0,9.24,5.48
ONTBF,2025-12-05,2500.0,8.26,7.58
ORAC,2025-12-05,15200.0,14.48,4.34
SNTS,2025-12-05,25800.0,6.55,6.41
SCRC,2025-12-05,995.0,7.53,4.07
SICC,2025-12-05,3390.0,105.69,
SLBC,2025-12-05,28000.0,21.47,3.83
SOGC,2025-12-05,7730.0,12.74,6.83
SPHC,2025-12-05,7840.0,10.66,4.13
STBC,2025-12-05,19500.0,7.83,10.75
UNLC,2025-12-05,43390.0,622.28,
ABJC,2025-12-05,2545.0,18.33,8.1
BNBC,2025-12-05,1450.0,,10.34
CFAC,2025-12-05,1735.0,67.05,0.41
LNBB,2025-12-05,3885.0,10.83,7.09
NEIC,2025-12-05,950.0,,8.61
PRSC,2025-12-05,3890.0,16.97,4.68
UNXC,2025-12-05,1400.0,,4.34
SHEC,2025-12-05,1540.0,18.12,4.89
SMBC,2025-12-05,9500.0,8.51,6.48
BICB,2025-12-05,5000.0,9.52,5.09
BICC,2025-12-05,19950.0,12.68,4.16
BOAB,2025-12-05,5805.0,11.98,8.06
BOABF,2025-12-05,3990.0,7.83,10.73
BOAC,2025-12-05,7200.0,8.99,6.51
BOAM,2025-12-05,4195.0,12.62,5.65
BOAN,2025-12-05,2490.0,10.35,8.4
BOAS,2025-12-05,5385.0,9.7,6.5
CBIBF,2025-12-05,10790.0,7.2,5.14
ETIT,2025-12-05,22.0,1.33,2.75
ORGT,2025-12-05,2500.0,,2.38
SAFC,2025-12-05,3250.0,,
SIBC,2025-12-05,5800.0,11.55,5.69
CABC,2025-12-05,2190.0,10.59,5.15
FTSC,2025-12-05,2295.0,1.74,75.23
SDSC,2025-12-05,1450.0,3.75,6.34
SEMC,2025-12-05,700.0,17.42,2.0
SIVC,2025-12-05,755.0,17.49,
STAC,2025-12-05,1260.0,,5.25
CIEC,2025-12-05,2500.0,13.86,6.34
SDCC,2025-12-05,6100.0,13.87,5.77
NTLC,2025-12-08,11400.0,13.86,6.33
PALC,2025-12-08,8100.0,7.89,5.57
TTLC,2025-12-08,2385.0,16.02,8.2
TTLS,2025-12-08,2560.0,11.68,8.69
ECOC,2025-12-08,16500.0,15.8,4.29
NSBC,2025-12-08,11900.0,7.72,5.61
SGBC,2025-12-08,29490.0,9.06,5.58
ONTBF,2025-12-08,2500.0,8.26,7.58
ORAC,2025-12-08,15300.0,14.57,4.31
SNTS,2025-12-08,25500.0,6.48,6.49
SCRC,2025-12-08,1000.0,7.57,4.05
SICC,2025-12-08,3390.0,105.69,
SLBC,2025-12-08,28100.0,21.54,3.82
SOGC,2025-12-08,7850.0,12.93,6.73
SPHC,2025-12-08,7825.0,10.64,4.14
STBC,2025-12-08,19500.0,7.83,10.75
UNLC,2025-12-08,43290.0,620.85,
ABJC,2025-12-08,2500.0,18.01,8.25
BNBC,2025-12-08,1400.0,,10.71
CFAC,2025-12-08,1700.0,65.69,0.41
LNBB,2025-12-08,3700.0,10.31,7.45
NEIC,2025-12-08,945.0,,8.65
PRSC,2025-12-08,3810.0,16.63,4.78
UNXC,2025-12-08,1400.0,,4.34
SHEC,2025-12-08,1550.0,18.24,4.86
SMBC,2025-12-08,9775.0,8.76,6.3
BICB,2025-12-08,5050.0,9.61,5.04
BICC,2025-12-08,19925.0,12.66,4.17
BOAB,2025-12-08,5995.0,12.38,7.81
BOABF,2025-12-08,3995.0,7.84,10.71
BOAC,2025-12-08,7140.0,8.91,6.57
BOAM,2025-12-08,4090.0,12.31,5.8
BOAN,2025-12-08,2500.0,10.4,8.37
BOAS,2025-12-08,5480.0,9.87,6.39
CBIBF,2025-12-08,10790.0,7.2,5.14
ETIT,2025-12-08,22.0,1.33,2.75
ORGT,2025-12-08,2555.0,,2.33
SAFC,2025-12-08,3490.0,,
SIBC,2025-12-08,5750.0,11.45,5.74
CABC,2025-12-08,2185.0,10.56,5.16
FTSC,2025-12-08,2290.0,1.74,75.4
SDSC,2025-12-08,1400.0,3.62,6.57
SEMC,2025-12-08,700.0,17.42,2.0
SIVC,2025-12-08,810.0,18.77,
STAC,2025-12-08,1245.0,,5.31
CIEC,2025-12-08,2500.0,13.86,6.34
SDCC,2025-12-08,6100.0,13.87,5.77
NTLC,2025-12-09,11420.0,13.89,6.32
PALC,2025-12-09,8095.0,7.89,5.58
TTLC,2025-12-09,2385.0,16.02,8.2
TTLS,2025-12-09,2560.0,11.68,8.69
ECOC,2025-12-09,15800.0,15.13,4.48
NSBC,2025-12-09,11980.0,7.77,5.58
SGBC,2025-12-09,29300.0,9.0,5.62
ONTBF,2025-12-09,2480.0,8.19,7.64
ORAC,2025-12-09,15350.0,14.62,4.3
SNTS,2025-12-09,25500.0,6.48,6.49
SCRC,2025-12-09,1000.0,7.57,4.05
SICC,2025-12-09,3640.0,113.48,
SLBC,2025-12-09,28200.0,21.62,3.81
SOGC,2025-12-09,7800.0,12.85,6.77
SPHC,2025-12-09,7820.0,10.64,4.14
STBC,2025-12-09,19395.0,7.79,10.81
UNLC,2025-12-09,43200.0,619.56,
ABJC,2025-12-09,2480.0,17.86,8.31
BNBC,2025-12-09,1440.0,,10.42
CFAC,2025-12-09,1575.0,60.86,0.45
LNBB,2025-12-09,3850.0,10.73,7.16
NEIC,2025-12-09,940.0,,8.7
PRSC,2025-12-09,3840.0,16.76,4.74
UNXC,2025-12-09,1450.0,,4.19
SHEC,2025-12-09,1555.0,18.3,4.84
SMBC,2025-12-09,9785.0,8.77,6.3
BICB,2025-12-09,4900.0,9.33,5.2
BICC,2025-12-09,19950.0,12.68,4.16
BOAB,2025-12-09,5970.0,12.32,7.84
BOABF,2025-12-09,4000.0,7.85,10.7
BOAC,2025-12-09,7100.0,8.86,6.61
BOAM,2025-12-09,4090.0,12.31,5.8
BOAN,2025-12-09,2490.0,10.35,8.4
BOAS,2025-12-09,5480.0,9.87,6.39
CBIBF,2025-12-09,10500.0,7.01,5.29
ETIT,2025-12-09,21.0,1.27,2.88
ORGT,2025-12-09,2580.0,,2.31
SAFC,2025-12-09,3500.0,,
SIBC,2025-12-09,5795.0,11.54,5.69
CABC,2025-12-09,2200.0,10.63,5.12
FTSC,2025-12-09,2305.0,1.75,74.9
SDSC,2025-12-09,1460.0,3.77,6.3
SEMC,2025-12-09,700.0,17.42,2.0
SIVC,2025-12-09,870.0,20.16,
STAC,2025-12-09,1160.0,,5.7
CIEC,2025-12-09,2500.0,13.86,6.34
SDCC,2025-12-09,6100.0,13.87,5.77
NTLC,2025-12-10,11400.0,13.86,6.33
PALC,2025-12-10,8000.0,7.8,5.64
TTLC,2025-12-10,2385.0,16.02,8.2
TTLS,2025-12-10,2550.0,11.63,8.72
ECOC,2025-12-10,15500.0,14.85,4.56
NSBC,2025-12-10,11900.0,7.72,5.61
SGBC,2025-12-10,29250.0,8.99,5.63
ONTBF,2025-12-10,2525.0,8.34,7.51
ORAC,2025-12-10,15350.0,14.62,4.3
SNTS,2025-12-10,25500.0,6.48,6.49
SCRC,2025-12-10,1000.0,7.57,4.05
SICC,2025-12-10,3640.0,113.48,
SLBC,2025-12-10,28005.0,21.47,3.83
SOGC,2025-12-10,7845.0,12.93,6.73
SPHC,2025-12-10,7785.0,10.59,4.16
STBC,2025-12-10,19400.0,7.79,10.8
UNLC,2025-12-10,43200.0,619.56,
ABJC,2025-12-10,2470.0,17.79,8.35
BNBC,2025-12-10,1440.0,,10.42
CFAC,2025-12-10,1505.0,58.16,0.47
LNBB,2025-12-10,3825.0,10.66,7.2
NEIC,2025-12-10,935.0,,8.75
PRSC,2025-12-10,3865.0,16.87,4.71
UNXC,2025-12-10,1440.0,,4.22
SHEC,2025-12-10,1565.0,18.42,4.81
SMBC,2025-12-10,9700.0,8.69,6.35
BICB,2025-12-10,4950.0,9.42,5.14
BICC,2025-12-10,19850.0,12.61,4.18
BOAB,2025-12-10,5810.0,11.99,8.06
BOABF,2025-12-10,4000.0,7.85,10.7
BOAC,2025-12-10,7100.0,8.86,6.61
BOAM,2025-12-10,4170.0,12.55,5.69
BOAN,2025-12-10,2490.0,10.35,8.4
BOAS,2025-12-10,5400.0,9.73,6.48
CBIBF,2025-12-10,10650.0,7.11,5.21
ETIT,2025-12-10,21.0,1.27,2.88
ORGT,2025-12-10,2500.0,,2.38
SAFC,2025-12-10,3455.0,,
SIBC,2025-12-10,5750.0,11.45,5.74
CABC,2025-12-10,2185.0,10.56,5.16
FTSC,2025-12-10,2270.0,1.72,76.06
SDSC,2025-12-10,1450.0,3.75,6.34
SEMC,2025-12-10,700.0,17.42,2.0
SIVC,2025-12-10,935.0,21.66,
STAC,2025-12-10,1100.0,,6.01
CIEC,2025-12-10,2500.0,13.86,6.34
SDCC,2025-12-10,6100.0,13.87,5.77
NTLC,2025-12-11,11250.0,13.68,6.41
PALC,2025-12-11,8000.0,7.8,5.64
TTLC,2025-12-11,2390.0,16.05,8.19
TTLS,2025-12-11,2550.0,11.63,8.72
ECOC,2025-12-11,15800.0,15.13,4.48
NSBC,2025-12-11,11990.0,7.78,5.57
SGBC,2025-12-11,29000.0,8.91,5.68
ONTBF,2025-12-11,2525.0,8.34,7.51
ORAC,2025-12-11,15150.0,14.43,4.36
SNTS,2025-12-11,25000.0,6.35,6.62
SCRC,2025-12-11,1040.0,7.87,3.89
SICC,2025-12-11,3640.0,113.48,
SLBC,2025-12-11,26125.0,20.03,4.11
SOGC,2025-12-11,7850.0,12.93,6.73
SPHC,2025-12-11,7850.0,10.68,4.13
STBC,2025-12-11,19495.0,7.83,10.75
UNLC,2025-12-11,43200.0,619.56,
ABJC,2025-12-11,2655.0,19.12,7.77
BNBC,2025-12-11,1365.0,,10.99
CFAC,2025-12-11,1515.0,58.54,0.46
LNBB,2025-12-11,3865.0,10.77,7.13
NEIC,2025-12-11,945.0,,8.65
PRSC,2025-12-11,3855.0,16.82,4.73
UNXC,2025-12-11,1440.0,,4.22
SHEC,2025-12-11,1550.0,18.24,4.86
SMBC,2025-12-11,9650.0,8.65,6.38
BICB,2025-12-11,4950.0,9.42,5.14
BICC,2025-12-11,19650.0,12.49,4.23
BOAB,2025-12-11,5805.0,11.98,8.06
BOABF,2025-12-11,4045.0,7.94,10.58
BOAC,2025-12-11,7185.0,8.97,6.53
BOAM,2025-12-11,4180.0,12.58,5.67
BOAN,2025-12-11,2480.0,10.31,8.44
BOAS,2025-12-11,5485.0,9.88,6.38
CBIBF,2025-12-11,10650.0,7.11,5.21
ETIT,2025-12-11,22.0,1.33,2.75
ORGT,2025-12-11,2515.0,,2.37
SAFC,2025-12-11,3450.0,,
SIBC,2025-12-11,5700.0,11.35,5.79
CABC,2025-12-11,2200.0,10.63,5.12
FTSC,2025-12-11,2270.0,1.72,76.06
SDSC,2025-12-11,1480.0,3.82,6.22
SEMC,2025-12-11,700.0,17.42,2.0
SIVC,2025-12-11,1005.0,23.29,
STAC,2025-12-11,1100.0,,6.01
CIEC,2025-12-11,2500.0,13.86,6.34
SDCC,2025-12-11,6100.0,13.87,5.77
NTLC,2025-12-12,11290.0,13.73,6.39
PALC,2025-12-12,7995.0,7.79,5.65
TTLC,2025-12-12,2395.0,16.09,8.17
TTLS,2025-12-12,2560.0,11.68,8.69
ECOC,2025-12-12,15210.0,14.57,4.65
NSBC,2025-12-12,11980.0,7.77,5.58
SGBC,2025-12-12,28900.0,8.88,5.69
ONTBF,2025-12-12,2505.0,8.27,7.57
ORAC,2025-12-12,15100.0,14.38,4.37
SNTS,2025-12-12,25500.0,6.48,6.49
SCRC,2025-12-12,1000.0,7.57,4.05
SICC,2025-12-12,3600.0,112.24,
SLBC,2025-12-12,26700.0,20.47,4.02
SOGC,2025-12-12,7845.0,12.93,6.73
SPHC,2025-12-12,7845.0,10.67,4.13
STBC,2025-12-12,19500.0,7.83,10.75
UNLC,2025-12-12,42995.0,616.62,
ABJC,2025-12-12,2850.0,20.53,7.23
BNBC,2025-12-12,1360.0,,11.03
CFAC,2025-12-12,1425.0,55.07,0.49
LNBB,2025-12-12,3860.0,10.76,7.14
NEIC,2025-12-12,945.0,,8.65
PRSC,2025-12-12,3850.0,16.8,4.73
UNXC,2025-12-12,1430.0,,4.25
SHEC,2025-12-12,1550.0,18.24,4.86
SMBC,2025-12-12,9500.0,8.51,6.48
BICB,2025-12-12,4995.0,9.51,5.1
BICC,2025-12-12,19800.0,12.58,4.2
BOAB,2025-12-12,5965.0,12.31,7.85
BOABF,2025-12-12,4015.0,7.88,10.66
BOAC,2025-12-12,7175.0,8.96,6.54
BOAM,2025-12-12,4245.0,12.77,5.59
BOAN,2025-12-12,2500.0,10.4,8.37
BOAS,2025-12-12,5475.0,9.86,6.39
CBIBF,2025-12-12,10790.0,7.2,5.14
ETIT,2025-12-12,22.0,1.33,2.75
ORGT,2025-12-12,2570.0,,2.32
SAFC,2025-12-12,3240.0,,
SIBC,2025-12-12,5700.0,11.35,5.79
CABC,2025-12-12,2300.0,11.12,4.9
FTSC,2025-12-12,2295.0,1.74,75.23
SDSC,2025-12-12,1475.0,3.81,6.24
SEMC,2025-12-12,700.0,17.42,2.0
SIVC,2025-12-12,1080.0,25.02,
STAC,2025-12-12,1070.0,,6.18
CIEC,2025-12-12,2500.0,13.86,6.34
SDCC,2025-12-12,6110.0,13.89,5.76
NTLC,2025-12-15,11290.0,13.73,6.39
PALC,2025-12-15,8000.0,7.8,5.64
TTLC,2025-12-15,2390.0,16.05,8.19
TTLS,2025-12-15,2555.0,11.66,8.7
ECOC,2025-12-15,15220.0,14.58,4.65
NSBC,2025-12-15,11940.0,7.75,5.6
SGBC,2025-12-15,29000.0,8.91,5.68
ONTBF,2025-12-15,2505.0,8.27,7.57
ORAC,2025-12-15,15095.0,14.38,4.37
SNTS,2025-12-15,25105.0,6.38,6.59
SCRC,2025-12-15,1075.0,8.13,3.77
SICC,2025-12-15,3510.0,109.43,
SLBC,2025-12-15,28700.0,22.0,3.74
SOGC,2025-12-15,7845.0,12.93,6.73
SPHC,2025-12-15,7840.0,10.66,4.13
STBC,2025-12-15,19780.0,7.94,10.6
UNLC,2025-12-15,40000.0,573.66,
ABJC,2025-12-15,3060.0,22.04,6.74
BNBC,2025-12-15,1460.0,,10.27
CFAC,2025-12-15,1420.0,54.87,0.5
LNBB,2025-12-15,3800.0,10.59,7.25
NEIC,2025-12-15,935.0,,8.75
PRSC,2025-12-15,3800.0,16.58,4.79
UNXC,2025-12-15,1430.0,,4.25
SHEC,2025-12-15,1560.0,18.36,4.83
SMBC,2025-12-15,9700.0,8.69,6.35
BICB,2025-12-15,4850.0,9.23,5.25
BICC,2025-12-15,19750.0,12.55,4.21
BOAB,2025-12-15,5945.0,12.27,7.87
BOABF,2025-12-15,4000.0,7.85,10.7
BOAC,2025-12-15,7100.0,8.86,6.61
BOAM,2025-12-15,4345.0,13.07,5.46
BOAN,2025-12-15,2500.0,10.4,8.37
BOAS,2025-12-15,5450.0,9.82,6.42
CBIBF,2025-12-15,10790.0,7.2,5.14
ETIT,2025-12-15,22.0,1.33,2.75
ORGT,2025-12-15,2575.0,,2.31
SAFC,2025-12-15,3350.0,,
SIBC,2025-12-15,5790.0,11.53,5.7
CABC,2025-12-15,2445.0,11.82,4.61
FTSC,2025-12-15,2230.0,1.69,77.42
SDSC,2025-12-15,1470.0,3.8,6.26
SEMC,2025-12-15,700.0,17.42,2.0
SIVC,2025-12-15,1160.0,26.88,
STAC,2025-12-15,1050.0,,6.3
CIEC,2025-12-15,2495.0,13.83,6.35
SDCC,2025-12-15,6110.0,13.89,5.76
NTLC,2025-12-16,11250.0,13.68,6.41
PALC,2025-12-16,8000.0,7.8,5.64
TTLC,2025-12-16,2370.0,15.92,8.26
TTLS,2025-12-16,2510.0,11.45,8.86
ECOC,2025-12-16,15050.0,14.41,4.7
NSBC,2025-12-16,11935.0,7.75,5.6
SGBC,2025-12-16,29000.0,8.91,5.68
ONTBF,2025-12-16,2415.0,7.98,7.85
ORAC,2025-12-16,14800.0,14.09,4.46
SNTS,2025-12-16,25200.0,6.4,6.57
SCRC,2025-12-16,1075.0,8.13,3.77
SICC,2025-12-16,3590.0,111.92,
SLBC,2025-12-16,28860.0,22.12,3.72
SOGC,2025-12-16,7800.0,12.85,6.77
SPHC,2025-12-16,7830.0,10.65,4.14
STBC,2025-12-16,19650.0,7.89,10.67
UNLC,2025-12-16,40000.0,573.66,
ABJC,2025-12-16,3180.0,22.9,6.48
BNBC,2025-12-16,1460.0,,10.27
CFAC,2025-12-16,1440.0,55.65,0.49
LNBB,2025-12-16,3880.0,10.81,7.1
NEIC,2025-12-16,945.0,,8.65
PRSC,2025-12-16,3800.0,16.58,4.79
UNXC,2025-12-16,1425.0,,4.26
SHEC,2025-12-16,1500.0,17.65,5.02
SMBC,2025-12-16,9550.0,8.56,6.45
BICB,2025-12-16,4995.0,9.51,5.1
BICC,2025-12-16,19845.0,12.61,4.19
BOAB,2025-12-16,5935.0,12.25,7.89
BOABF,2025-12-16,4000.0,7.85,10.7
BOAC,2025-12-16,7175.0,8.96,6.54
BOAM,2025-12-16,4310.0,12.97,5.5
BOAN,2025-12-16,2530.0,10.52,8.27
BOAS,2025-12-16,5395.0,9.72,6.49
CBIBF,2025-12-16,10605.0,7.08,5.23
ETIT,2025-12-16,23.0,1.39,2.63
ORGT,2025-12-16,2570.0,,2.32
SAFC,2025-12-16,3350.0,,
SIBC,2025-12-16,5650.0,11.25,5.84
CABC,2025-12-16,2350.0,11.36,4.8
FTSC,2025-12-16,2295.0,1.74,75.23
SDSC,2025-12-16,1450.0,3.75,6.34
SEMC,2025-12-16,700.0,17.42,2.0
SIVC,2025-12-16,1245.0,28.85,
STAC,2025-12-16,1065.0,,6.21
CIEC,2025-12-16,2495.0,13.83,6.35
SDCC,2025-12-16,6110.0,13.89,5.76
NTLC,2025-12-17,11200.0,13.62,6.44
PALC,2025-12-17,8000.0,7.8,5.64
TTLC,2025-12-17,2360.0,15.85,8.29
TTLS,2025-12-17,2500.0,11.41,8.9
ECOC,2025-12-17,15000.0,14.37,4.72
NSBC,2025-12-17,11915.0,7.73,5.61
SGBC,2025-12-17,28990.0,8.91,5.68
ONTBF,2025-12-17,2450.0,8.09,7.74
ORAC,2025-12-17,14900.0,14.19,4.43
SNTS,2025-12-17,25200.0,6.4,6.57
SCRC,2025-12-17,1095.0,8.28,3.7
SICC,2025-12-17,3505.0,109.27,
SLBC,2025-12-17,28850.0,22.12,3.72
SOGC,2025-12-17,7795.0,12.84,6.77
SPHC,2025-12-17,7785.0,10.59,4.16
STBC,2025-12-17,19600.0,7.87,10.69
UNLC,2025-12-17,40000.0,573.66,
ABJC,2025-12-17,3170.0,22.83,6.5
BNBC,2025-12-17,1400.0,,10.71
CFAC,2025-12-17,1445.0,55.84,0.49
LNBB,2025-12-17,3875.0,10.8,7.11
NEIC,2025-12-17,940.0,,8.7
PRSC,2025-12-17,3795.0,16.56,4.8
UNXC,2025-12-17,1425.0,,4.26
SHEC,2025-12-17,1500.0,17.65,5.02
SMBC,2025-12-17,9450.0,8.47,6.52
BICB,2025-12-17,4995.0,9.51,5.1
BICC,2025-12-17,19825.0,12.6,4.19
BOAB,2025-12-17,5900.0,12.18,7.93
BOABF,2025-12-17,4000.0,7.85,10.7
BOAC,2025-12-17,7165.0,8.94,6.55
BOAM,2025-12-17,4310.0,12.97,5.5
BOAN,2025-12-17,2620.0,10.9,7.99
BOAS,2025-12-17,5300.0,9.55,6.6
CBIBF,2025-12-17,10775.0,7.19,5.15
ETIT,2025-12-17,23.0,1.39,2.63
ORGT,2025-12-17,2500.0,,2.38
SAFC,2025-12-17,3340.0,,
SIBC,2025-12-17,5700.0,11.35,5.79
CABC,2025-12-17,2345.0,11.33,4.81
FTSC,2025-12-17,2285.0,1.73,75.56
SDSC,2025-12-17,1450.0,3.75,6.34
SEMC,2025-12-17,700.0,17.42,2.0
SIVC,2025-12-17,1335.0,30.93,
STAC,2025-12-17,1075.0,,6.15
CIEC,2025-12-17,2470.0,13.69,6.41
SDCC,2025-12-17,6050.0,13.75,5.82
NTLC,2025-12-18,11200.0,13.62,6.44
PALC,2025-12-18,8000.0,7.8,5.64
TTLC,2025-12-18,2360.0,15.85,8.29
TTLS,2025-12-18,2485.0,11.34,8.95
ECOC,2025-12-18,15065.0,14.43,4.7
NSBC,2025-12-18,11500.0,7.46,5.81
SGBC,2025-12-18,28600.0,8.79,5.75
ONTBF,2025-12-18,2500.0,8.26,7.58
ORAC,2025-12-18,14300.0,13.62,4.62
SNTS,2025-12-18,25005.0,6.35,6.62
SCRC,2025-12-18,1085.0,8.21,3.73
SICC,2025-12-18,3640.0,113.48,
SLBC,2025-12-18,28800.0,22.08,3.73
SOGC,2025-12-18,7750.0,12.77,6.81
SPHC,2025-12-18,7760.0,10.55,4.17
STBC,2025-12-18,19600.0,7.87,10.69
UNLC,2025-12-18,40000.0,573.66,
ABJC,2025-12-18,3170.0,22.83,6.5
BNBC,2025-12-18,1445.0,,10.38
CFAC,2025-12-18,1450.0,56.03,0.49
LNBB,2025-12-18,3900.0,10.87,7.06
NEIC,2025-12-18,900.0,,9.09
PRSC,2025-12-18,3775.0,16.47,4.83
UNXC,2025-12-18,1435.0,,4.23
SHEC,2025-12-18,1500.0,17.65,5.02
SMBC,2025-12-18,9400.0,8.42,6.55
BICB,2025-12-18,4995.0,9.51,5.1
BICC,2025-12-18,19500.0,12.39,4.26
BOAB,2025-12-18,5810.0,11.99,8.06
BOABF,2025-12-18,4000.0,7.85,10.7
BOAC,2025-12-18,7000.0,8.74,6.7
BOAM,2025-12-18,4350.0,13.09,5.45
BOAN,2025-12-18,2600.0,10.81,8.05
BOAS,2025-12-18,5300.0,9.55,6.6
CBIBF,2025-12-18,10775.0,7.19,5.15
ETIT,2025-12-18,23.0,1.39,2.63
ORGT,2025-12-18,2500.0,,2.38
SAFC,2025-12-18,3320.0,,
SIBC,2025-12-18,5700.0,11.35,5.79
CABC,2025-12-18,2345.0,11.33,4.81
FTSC,2025-12-18,2300.0,1.74,75.07
SDSC,2025-12-18,1490.0,3.85,6.17
SEMC,2025-12-18,700.0,17.42,2.0
SIVC,2025-12-18,1435.0,33.25,
STAC,2025-12-18,1075.0,,6.15
CIEC,2025-12-18,2500.0,13.86,6.34
SDCC,2025-12-18,6045.0,13.74,5.82
NTLC,2025-12-19,11150.0,13.56,6.47
PALC,2025-12-19,7950.0,7.75,5.68
TTLC,2025-12-19,2360.0,15.85,8.29
TTLS,2025-12-19,2545.0,11.61,8.74
ECOC,2025-12-19,15500.0,14.85,4.56
NSBC,2025-12-19,11500.0,7.46,5.81
SGBC,2025-12-19,28500.0,8.76,5.77
ONTBF,2025-12-19,2495.0,8.24,7.6
ORAC,2025-12-19,14500.0,13.81,4.55
SNTS,2025-12-19,25100.0,6.38,6.59
SCRC,2025-12-19,1115.0,8.44,3.63
SICC,2025-12-19,3505.0,109.27,
SLBC,2025-12-19,28800.0,22.08,3.73
SOGC,2025-12-19,7795.0,12.84,6.77
SPHC,2025-12-19,7700.0,10.47,4.21
STBC,2025-12-19,19600.0,7.87,10.69
UNLC,2025-12-19,37000.0,530.64,
ABJC,2025-12-19,3020.0,21.75,6.83
BNBC,2025-12-19,1425.0,,10.53
CFAC,2025-12-19,1455.0,56.23,0.48
LNBB,2025-12-19,3900.0,10.87,7.06
NEIC,2025-12-19,900.0,,9.09
PRSC,2025-12-19,3745.0,16.34,4.86
UNXC,2025-12-19,1440.0,,4.22
SHEC,2025-12-19,1490.0,17.53,5.05
SMBC,2025-12-19,9700.0,8.69,6.35
BICB,2025-12-19,4995.0,9.51,5.1
BICC,2025-12-19,19495.0,12.39,4.26
BOAB,2025-12-19,5890.0,12.16,7.95
BOABF,2025-12-19,3990.0,7.83,10.73
BOAC,2025-12-19,7150.0,8.93,6.56
BOAM,2025-12-19,4370.0,13.15,5.43
BOAN,2025-12-19,2565.0,10.67,8.16
BOAS,2025-12-19,5290.0,9.53,6.62
CBIBF,2025-12-19,10790.0,7.2,5.14
ETIT,2025-12-19,23.0,1.39,2.63
ORGT,2025-12-19,2500.0,,2.38
SAFC,2025-12-19,3340.0,,
SIBC,2025-12-19,5735.0,11.42,5.75
CABC,2025-12-19,2345.0,11.33,4.81
FTSC,2025-12-19,2300.0,1.74,75.07
SDSC,2025-12-19,1480.0,3.82,6.22
SEMC,2025-12-19,700.0,17.42,2.0
SIVC,2025-12-19,1540.0,35.68,
STAC,2025-12-19,1075.0,,6.15
CIEC,2025-12-19,2480.0,13.75,6.39
SDCC,2025-12-19,6100.0,13.87,5.77
NTLC,2025-12-22,11050.0,13.44,6.53
PALC,2025-12-22,8000.0,7.8,5.64
TTLC,2025-12-22,2340.0,15.72,8.36
TTLS,2025-12-22,2475.0,11.29,8.99
ECOC,2025-12-22,15005.0,14.37,4.72
NSBC,2025-12-22,11400.0,7.4,5.86
SGBC,2025-12-22,28000.0,8.61,5.88
ONTBF,2025-12-22,2440.0,8.06,7.77
ORAC,2025-12-22,14600.0,13.9,4.52
SNTS,2025-12-22,25000.0,6.35,6.62
SCRC,2025-12-22,1115.0,8.44,3.63
SICC,2025-12-22,3245.0,101.17,
SLBC,2025-12-22,28800.0,22.08,3.73
SOGC,2025-12-22,7740.0,12.75,6.82
SPHC,2025-12-22,7420.0,10.09,4.36
STBC,2025-12-22,19530.0,7.84,10.73
UNLC,2025-12-22,34225.0,490.84,
ABJC,2025-12-22,3025.0,21.79,6.82
BNBC,2025-12-22,1425.0,,10.53
CFAC,2025-12-22,1450.0,56.03,0.49
LNBB,2025-12-22,3900.0,10.87,7.06
NEIC,2025-12-22,945.0,,8.65
PRSC,2025-12-22,3805.0,16.6,4.79
UNXC,2025-12-22,1400.0,,4.34
SHEC,2025-12-22,1410.0,16.59,5.34
SMBC,2025-12-22,9600.0,8.6,6.42
BICB,2025-12-22,4965.0,9.45,5.13
BICC,2025-12-22,19405.0,12.33,4.28
BOAB,2025-12-22,5900.0,12.18,7.93
BOABF,2025-12-22,3805.0,7.47,11.25
BOAC,2025-12-22,7090.0,8.85,6.61
BOAM,2025-12-22,4350.0,13.09,5.45
BOAN,2025-12-22,2600.0,10.81,8.05
BOAS,2025-12-22,5240.0,9.44,6.68
CBIBF,2025-12-22,10780.0,7.2,5.15
ETIT,2025-12-22,23.0,1.39,2.63
ORGT,2025-12-22,2565.0,,2.32
SAFC,2025-12-22,3245.0,,
SIBC,2025-12-22,5650.0,11.25,5.84
CABC,2025-12-22,2200.0,10.63,5.12
FTSC,2025-12-22,2265.0,1.72,76.23
SDSC,2025-12-22,1420.0,3.67,6.48
SEMC,2025-12-22,700.0,17.42,2.0
SIVC,2025-12-22,1655.0,38.35,
STAC,2025-12-22,1155.0,,5.73
CIEC,2025-12-22,2445.0,13.56,6.48
SDCC,2025-12-22,5800.0,13.19,6.07
NTLC,2025-12-23,10925.0,13.28,6.61
PALC,2025-12-23,8095.0,7.89,5.58
TTLC,2025-12-23,2345.0,15.75,8.34
TTLS,2025-12-23,2545.0,11.61,8.74
ECOC,2025-12-23,15000.0,14.37,4.72
NSBC,2025-12-23,11400.0,7.4,5.86
SGBC,2025-12-23,27800.0,8.54,5.92
ONTBF,2025-12-23,2490.0,8.22,7.61
ORAC,2025-12-23,14500.0,13.81,4.55
SNTS,2025-12-23,25000.0,6.35,6.62
SCRC,2025-12-23,1080.0,8.17,3.75
SICC,2025-12-23,3255.0,101.48,
SLBC,2025-12-23,28800.0,22.08,3.73
SOGC,2025-12-23,7785.0,12.83,6.78
SPHC,2025-12-23,7000.0,9.52,4.63
STBC,2025-12-23,19500.0,7.83,10.75
UNLC,2025-12-23,34225.0,490.84,
ABJC,2025-12-23,3010.0,21.68,6.85
BNBC,2025-12-23,1450.0,,10.34
CFAC,2025-12-23,1400.0,54.1,0.5
LNBB,2025-12-23,3995.0,11.14,6.9
NEIC,2025-12-23,990.0,,8.26
PRSC,2025-12-23,3750.0,16.36,4.86
UNXC,2025-12-23,1395.0,,4.35
SHEC,2025-12-23,1315.0,15.47,5.73
SMBC,2025-12-23,9455.0,8.47,6.52
BICB,2025-12-23,4950.0,9.42,5.14
BICC,2025-12-23,19340.0,12.29,4.3
BOAB,2025-12-23,5800.0,11.97,8.07
BOABF,2025-12-23,3945.0,7.74,10.85
BOAC,2025-12-23,7090.0,8.85,6.61
BOAM,2025-12-23,4290.0,12.91,5.53
BOAN,2025-12-23,2750.0,11.44,7.61
BOAS,2025-12-23,5235.0,9.43,6.69
CBIBF,2025-12-23,10775.0,7.19,5.15
ETIT,2025-12-23,23.0,1.39,2.63
ORGT,2025-12-23,2500.0,,2.38
SAFC,2025-12-23,3300.0,,
SIBC,2025-12-23,5650.0,11.25,5.84
CABC,2025-12-23,2365.0,11.43,4.77
FTSC,2025-12-23,2290.0,1.74,75.4
SDSC,2025-12-23,1435.0,3.71,6.41
SEMC,2025-12-23,700.0,17.42,2.0
SIVC,2025-12-23,1775.0,41.13,
STAC,2025-12-23,1240.0,,5.33
CIEC,2025-12-23,2345.0,13.0,6.75
SDCC,2025-12-23,5800.0,13.19,6.07
NTLC,2025-12-24,10905.0,13.26,6.62
PALC,2025-12-24,7945.0,7.74,5.68
TTLC,2025-12-24,2340.0,15.72,8.36
TTLS,2025-12-24,2500.0,11.41,8.9
ECOC,2025-12-24,15000.0,14.37,4.72
NSBC,2025-12-24,11000.0,7.14,6.07
SGBC,2025-12-24,28500.0,8.76,5.77
ONTBF,2025-12-24,2495.0,8.24,7.6
ORAC,2025-12-24,14600.0,13.9,4.52
SNTS,2025-12-24,24900.0,6.33,6.65
SCRC,2025-12-24,1110.0,8.4,3.65
SICC,2025-12-24,3265.0,101.79,
SLBC,2025-12-24,28010.0,21.47,3.83
SOGC,2025-12-24,7820.0,12.88,6.75
SPHC,2025-12-24,7345.0,9.99,4.41
STBC,2025-12-24,19550.0,7.85,10.72
UNLC,2025-12-24,34225.0,490.84,
ABJC,2025-12-24,3010.0,21.68,6.85
BNBC,2025-12-24,1450.0,,10.34
CFAC,2025-12-24,1445.0,55.84,0.49
LNBB,2025-12-24,4200.0,11.71,6.56
NEIC,2025-12-24,980.0,,8.34
PRSC,2025-12-24,3780.0,16.49,4.82
UNXC,2025-12-24,1385.0,,4.39
SHEC,2025-12-24,1350.0,15.89,5.58
SMBC,2025-12-24,9650.0,8.65,6.38
BICB,2025-12-24,4905.0,9.34,5.19
BICC,2025-12-24,19380.0,12.32,4.29
BOAB,2025-12-24,5825.0,12.03,8.03
BOABF,2025-12-24,3805.0,7.47,11.25
BOAC,2025-12-24,7100.0,8.86,6.61
BOAM,2025-12-24,4175.0,12.56,5.68
BOAN,2025-12-24,2545.0,10.58,8.22
BOAS,2025-12-24,5200.0,9.37,6.73
CBIBF,2025-12-24,10775.0,7.19,5.15
ETIT,2025-12-24,23.0,1.39,2.63
ORGT,2025-12-24,2450.0,,2.43
SAFC,2025-12-24,3270.0,,
SIBC,2025-12-24,5650.0,11.25,5.84
CABC,2025-12-24,2365.0,11.43,4.77
FTSC,2025-12-24,2280.0,1.73,75.73
SDSC,2025-12-24,1450.0,3.75,6.34
SEMC,2025-12-24,700.0,17.42,2.0
SIVC,2025-12-24,1775.0,41.13,
STAC,2025-12-24,1330.0,,4.97
CIEC,2025-12-24,2300.0,12.75,6.89
SDCC,2025-12-24,5750.0,13.07,6.12
NTLC,2025-12-26,10800.0,13.13,6.68
PALC,2025-12-26,8000.0,7.8,5.64
TTLC,2025-12-26,2345.0,15.75,8.34
TTLS,2025-12-26,2500.0,11.41,8.9
ECOC,2025-12-26,15600.0,14.94,4.54
NSBC,2025-12-26,11450.0,7.43,5.84
SGBC,2025-12-26,28300.0,8.7,5.82
ONTBF,2025-12-26,2490.0,8.22,7.61
ORAC,2025-12-26,14500.0,13.81,4.55
SNTS,2025-12-26,24900.0,6.33,6.65
SCRC,2025-12-26,1100.0,8.32,3.68
SICC,2025-12-26,3265.0,101.79,
SLBC,2025-12-26,28975.0,22.21,3.71
SOGC,2025-12-26,7790.0,12.84,6.78
SPHC,2025-12-26,7400.0,10.07,4.38
STBC,2025-12-26,19460.0,7.81,10.77
UNLC,2025-12-26,34225.0,490.84,
ABJC,2025-12-26,3080.0,22.18,6.69
BNBC,2025-12-26,1450.0,,10.34
CFAC,2025-12-26,1460.0,56.42,0.48
LNBB,2025-12-26,4475.0,12.47,6.16
NEIC,2025-12-26,1040.0,,7.86
PRSC,2025-12-26,3775.0,16.47,4.83
UNXC,2025-12-26,1390.0,,4.37
SHEC,2025-12-26,1350.0,15.89,5.58
SMBC,2025-12-26,9700.0,8.69,6.35
BICB,2025-12-26,4960.0,9.44,5.13
BICC,2025-12-26,19450.0,12.36,4.27
BOAB,2025-12-26,5850.0,12.08,8.0
BOABF,2025-12-26,3990.0,7.83,10.73
BOAC,2025-12-26,7150.0,8.93,6.56
BOAM,2025-12-26,4170.0,12.55,5.69
BOAN,2025-12-26,2650.0,11.02,7.9
BOAS,2025-12-26,5195.0,9.36,6.74
CBIBF,2025-12-26,10775.0,7.19,5.15
ETIT,2025-12-26,22.0,1.33,2.75
ORGT,2025-12-26,2500.0,,2.38
SAFC,2025-12-26,3305.0,,
SIBC,2025-12-26,5565.0,11.08,5.93
CABC,2025-12-26,2365.0,11.43,4.77
FTSC,2025-12-26,2295.0,1.74,75.23
SDSC,2025-12-26,1460.0,3.77,6.3
SEMC,2025-12-26,700.0,17.42,2.0
SIVC,2025-12-26,1720.0,39.85,
STAC,2025-12-26,1425.0,,4.64
CIEC,2025-12-26,2300.0,12.75,6.89
SDCC,2025-12-26,5800.0,13.19,6.07
NTLC,2025-12-29,10500.0,12.77,6.87
PALC,2025-12-29,8050.0,7.85,5.61
TTLC,2025-12-29,2345.0,15.75,8.34
TTLS,2025-12-29,2480.0,11.32,8.97
ECOC,2025-12-29,15590.0,14.93,4.54
NSBC,2025-12-29,11350.0,7.37,5.89
SGBC,2025-12-29,28545.0,8.77,5.77
ONTBF,2025-12-29,2480.0,8.19,7.64
ORAC,2025-12-29,14480.0,13.79,4.56
SNTS,2025-12-29,24800.0,6.3,6.67
SCRC,2025-12-29,1040.0,7.87,3.89
SICC,2025-12-29,3280.0,102.26,
SLBC,2025-12-29,28595.0,21.92,3.75
SOGC,2025-12-29,7745.0,12.76,6.82
SPHC,2025-12-29,7545.0,10.26,4.29
STBC,2025-12-29,19490.0,7.82,10.75
UNLC,2025-12-29,34225.0,490.84,
ABJC,2025-12-29,3050.0,21.97,6.76
BNBC,2025-12-29,1425.0,,10.53
CFAC,2025-12-29,1460.0,56.42,0.48
LNBB,2025-12-29,4520.0,12.6,6.1
NEIC,2025-12-29,1110.0,,7.37
PRSC,2025-12-29,3935.0,17.17,4.63
UNXC,2025-12-29,1400.0,,4.34
SHEC,2025-12-29,1400.0,16.47,5.38
SMBC,2025-12-29,9600.0,8.6,6.42
BICB,2025-12-29,4995.0,9.51,5.1
BICC,2025-12-29,19300.0,12.27,4.3
BOAB,2025-12-29,5900.0,12.18,7.93
BOABF,2025-12-29,3750.0,7.36,11.41
BOAC,2025-12-29,7150.0,8.93,6.56
BOAM,2025-12-29,4160.0,12.52,5.7
BOAN,2025-12-29,2635.0,10.96,7.94
BOAS,2025-12-29,5185.0,9.34,6.75
CBIBF,2025-12-29,10775.0,7.19,5.15
ETIT,2025-12-29,23.0,1.39,2.63
ORGT,2025-12-29,2400.0,,2.48
SAFC,2025-12-29,3300.0,,
SIBC,2025-12-29,5565.0,11.08,5.93
CABC,2025-12-29,2300.0,11.12,4.9
FTSC,2025-12-29,2265.0,1.72,76.23
SDSC,2025-12-29,1460.0,3.77,6.3
SEMC,2025-12-29,700.0,17.42,2.0
SIVC,2025-12-29,1600.0,37.07,
STAC,2025-12-29,1530.0,,4.32
CIEC,2025-12-29,2300.0,12.75,6.89
SDCC,2025-12-29,5800.0,13.19,6.07
NTLC,2025-12-30,10605.0,12.9,6.8
PALC,2025-12-30,8105.0,7.9,5.57
TTLC,2025-12-30,2340.0,15.72,8.36
TTLS,2025-12-30,2480.0,11.32,8.97
ECOC,2025-12-30,15795.0,15.13,4.48
NSBC,2025-12-30,11350.0,7.37,5.89
SGBC,2025-12-30,29900.0,9.19,5.5
ONTBF,2025-12-30,2490.0,8.22,7.61
ORAC,2025-12-30,14300.0,13.62,4.62
SNTS,2025-12-30,24400.0,6.2,6.78
SCRC,2025-12-30,1030.0,7.79,3.93
SICC,2025-12-30,3500.0,109.12,
SLBC,2025-12-30,28500.0,21.85,3.77
SOGC,2025-12-30,7675.0,12.65,6.88
SPHC,2025-12-30,7500.0,10.2,4.32
STBC,2025-12-30,19490.0,7.82,10.75
UNLC,2025-12-30,34225.0,490.84,
ABJC,2025-12-30,2900.0,20.89,7.11
BNBC,2025-12-30,1420.0,,10.56
CFAC,2025-12-30,1450.0,56.03,0.49
LNBB,2025-12-30,4355.0,12.14,6.33
NEIC,2025-12-30,1190.0,,6.87
PRSC,2025-12-30,3800.0,16.58,4.79
UNXC,2025-12-30,1405.0,,4.32
SHEC,2025-12-30,1445.0,17.0,5.21
SMBC,2025-12-30,9600.0,8.6,6.42
BICB,2025-12-30,4905.0,9.34,5.19
BICC,2025-12-30,19300.0,12.27,4.3
BOAB,2025-12-30,5810.0,11.99,8.06
BOABF,2025-12-30,3760.0,7.38,11.38
BOAC,2025-12-30,7180.0,8.96,6.53
BOAM,2025-12-30,4145.0,12.47,5.72
BOAN,2025-12-30,2615.0,10.87,8.0
BOAS,2025-12-30,5150.0,9.28,6.8
CBIBF,2025-12-30,10850.0,7.24,5.12
ETIT,2025-12-30,23.0,1.39,2.63
ORGT,2025-12-30,2495.0,,2.39
SAFC,2025-12-30,3340.0,,
SIBC,2025-12-30,5570.0,11.09,5.92
CABC,2025-12-30,2320.0,11.21,4.86
FTSC,2025-12-30,2200.0,1.67,78.48
SDSC,2025-12-30,1510.0,3.9,6.09
SEMC,2025-12-30,700.0,17.42,2.0
SIVC,2025-12-30,1500.0,34.75,
STAC,2025-12-30,1420.0,,4.66
CIEC,2025-12-30,2255.0,12.5,7.02
SDCC,2025-12-30,5800.0,13.19,6.07
NTLC,2025-11-03,13055.0,15.87,5.53
PALC,2025-11-03,7725.0,7.53,5.84
TTLC,2025-11-03,2325.0,15.62,8.42
TTLS,2025-11-03,2475.0,11.29,8.99
ECOC,2025-11-03,15200.0,14.56,4.65
NSBC,2025-11-03,11300.0,7.33,5.91
SGBC,2025-11-03,27500.0,8.45,5.98
ONTBF,2025-11-03,2415.0,7.98,7.85
ORAC,2025-11-03,14405.0,13.72,4.58
SNTS,2025-11-03,26100.0,6.63,6.34
SCRC,2025-11-03,1245.0,9.42,3.25
SICC,2025-11-03,3300.0,102.88,
SLBC,2025-11-03,24695.0,18.93,4.35
SOGC,2025-11-03,7505.0,12.37,7.04
SPHC,2025-11-03,7795.0,10.6,4.15
STBC,2025-11-03,19795.0,7.95,10.59
UNLC,2025-11-03,23000.0,329.86,
ABJC,2025-11-03,2130.0,15.34,9.68
BNBC,2025-11-03,1805.0,,8.31
CFAC,2025-11-03,2140.0,82.7,0.33
LNBB,2025-11-03,3850.0,10.73,7.16
NEIC,2025-11-03,885.0,,9.24
PRSC,2025-11-03,4055.0,17.69,4.49
UNXC,2025-11-03,1570.0,,3.87
SHEC,2025-11-03,1190.0,14.0,6.33
SMBC,2025-11-03,9500.0,8.51,6.48
BICB,2025-11-03,5200.0,9.9,4.9
BICC,2025-11-03,18900.0,12.01,4.4
BOAB,2025-11-03,4975.0,10.27,9.41
BOABF,2025-11-03,3495.0,6.86,12.25
BOAC,2025-11-03,6960.0,8.69,6.74
BOAM,2025-11-03,3440.0,10.35,6.89
BOAN,2025-11-03,2560.0,10.65,8.17
BOAS,2025-11-03,5300.0,9.55,6.6
CBIBF,2025-11-03,9995.0,6.67,5.55
ETIT,2025-11-03,22.0,1.33,2.75
ORGT,2025-11-03,2490.0,,2.39
SAFC,2025-11-03,3085.0,,
SIBC,2025-11-03,5630.0,11.21,5.86
CABC,2025-11-03,1985.0,9.59,5.68
FTSC,2025-11-03,2225.0,1.69,77.6
SDSC,2025-11-03,1490.0,3.85,6.17
SEMC,2025-11-03,700.0,17.42,2.0
SIVC,2025-11-03,690.0,6.73,
STAC,2025-11-03,1160.0,,5.7
CIEC,2025-11-03,2580.0,14.3,6.14
SDCC,2025-11-03,6045.0,13.74,5.82
NTLC,2025-11-04,12080.0,14.69,5.97
PALC,2025-11-04,7150.0,6.97,6.31
TTLC,2025-11-04,2325.0,15.62,8.42
TTLS,2025-11-04,2480.0,11.32,8.97
ECOC,2025-11-04,15200.0,14.56,4.65
NSBC,2025-11-04,11490.0,7.46,5.82
SGBC,2025-11-04,27200.0,8.36,6.05
ONTBF,2025-11-04,2385.0,7.88,7.95
ORAC,2025-11-04,14400.0,13.71,4.58
SNTS,2025-11-04,26100.0,6.63,6.34
SCRC,2025-11-04,1155.0,8.74,3.51
SICC,2025-11-04,3500.0,109.12,
SLBC,2025-11-04,25000.0,19.17,4.29
SOGC,2025-11-04,7400.0,12.19,7.14
SPHC,2025-11-04,7485.0,10.18,4.33
STBC,2025-11-04,19700.0,7.91,10.64
UNLC,2025-11-04,23000.0,329.86,
ABJC,2025-11-04,2080.0,14.98,9.91
BNBC,2025-11-04,1670.0,,8.98
CFAC,2025-11-04,1980.0,76.51,0.36
LNBB,2025-11-04,3850.0,10.73,7.16
NEIC,2025-11-04,950.0,,8.61
PRSC,2025-11-04,3755.0,16.39,4.85
UNXC,2025-11-04,1455.0,,4.18
SHEC,2025-11-04,1180.0,13.88,6.38
SMBC,2025-11-04,9500.0,8.51,6.48
BICB,2025-11-04,5270.0,10.03,4.83
BICC,2025-11-04,18755.0,11.92,4.43
BOAB,2025-11-04,4940.0,10.2,9.47
BOABF,2025-11-04,3450.0,6.77,12.41
BOAC,2025-11-04,6900.0,8.61,6.8
BOAM,2025-11-04,3600.0,10.83,6.59
BOAN,2025-11-04,2550.0,10.6,8.21
BOAS,2025-11-04,5210.0,9.39,6.72
CBIBF,2025-11-04,9925.0,6.63,5.59
ETIT,2025-11-04,23.0,1.39,2.63
ORGT,2025-11-04,2470.0,,2.41
SAFC,2025-11-04,2855.0,,
SIBC,2025-11-04,5650.0,11.25,5.84
CABC,2025-11-04,1875.0,9.06,6.01
FTSC,2025-11-04,2060.0,1.56,83.81
SDSC,2025-11-04,1525.0,3.94,6.03
SEMC,2025-11-04,700.0,17.42,2.0
SIVC,2025-11-04,680.0,6.63,
STAC,2025-11-04,1075.0,,6.15
CIEC,2025-11-04,2580.0,14.3,6.14
SDCC,2025-11-04,5900.0,13.41,5.97
NTLC,2025-11-05,11175.0,13.59,6.46
PALC,2025-11-05,6990.0,6.81,6.46
TTLC,2025-11-05,2325.0,15.62,8.42
TTLS,2025-11-05,2485.0,11.34,8.95
ECOC,2025-11-05,15500.0,14.85,4.56
NSBC,2025-11-05,11390.0,7.39,5.87
SGBC,2025-11-05,26950.0,8.28,6.11
ONTBF,2025-11-05,2450.0,8.09,7.74
ORAC,2025-11-05,14200.0,13.52,4.65
SNTS,2025-11-05,26000.0,6.6,6.37
SCRC,2025-11-05,1070.0,8.1,3.79
SICC,2025-11-05,3500.0,109.12,
SLBC,2025-11-05,24995.0,19.16,4.3
SOGC,2025-11-05,7350.0,12.11,7.18
SPHC,2025-11-05,7450.0,10.13,4.35
STBC,2025-11-05,19910.0,7.99,10.53
UNLC,2025-11-05,23000.0,329.86,
ABJC,2025-11-05,2120.0,15.27,9.73
BNBC,2025-11-05,1545.0,,9.71
CFAC,2025-11-05,1835.0,70.91,0.38
LNBB,2025-11-05,3900.0,10.87,7.06
NEIC,2025-11-05,1020.0,,8.02
PRSC,2025-11-05,3695.0,16.12,4.93
UNXC,2025-11-05,1360.0,,4.47
SHEC,2025-11-05,1095.0,12.88,6.88
SMBC,2025-11-05,9500.0,8.51,6.48
BICB,2025-11-05,5250.0,9.99,4.85
BICC,2025-11-05,18600.0,11.82,4.47
BOAB,2025-11-05,4895.0,10.11,9.56
BOABF,2025-11-05,3450.0,6.77,12.41
BOAC,2025-11-05,6900.0,8.61,6.8
BOAM,2025-11-05,3575.0,10.76,6.63
BOAN,2025-11-05,2560.0,10.65,8.17
BOAS,2025-11-05,5200.0,9.37,6.73
CBIBF,2025-11-05,10000.0,6.68,5.55
ETIT,2025-11-05,23.0,1.39,2.63
ORGT,2025-11-05,2385.0,,2.5
SAFC,2025-11-05,2645.0,,
SIBC,2025-11-05,5550.0,11.05,5.95
CABC,2025-11-05,1840.0,8.89,6.13
FTSC,2025-11-05,1910.0,1.45,90.4
SDSC,2025-11-05,1620.0,4.19,5.68
SEMC,2025-11-05,700.0,17.42,2.0
SIVC,2025-11-05,680.0,6.63,
STAC,2025-11-05,995.0,,6.65
CIEC,2025-11-05,2620.0,14.53,6.05
SDCC,2025-11-05,5950.0,13.53,5.92
NTLC,2025-11-06,10340.0,12.57,6.98
PALC,2025-11-06,7500.0,7.31,6.02
TTLC,2025-11-06,2335.0,15.68,8.38
TTLS,2025-11-06,2480.0,11.32,8.97
ECOC,2025-11-06,15700.0,15.04,4.51
NSBC,2025-11-06,11995.0,7.78,5.57
SGBC,2025-11-06,26955.0,8.28,6.11
ONTBF,2025-11-06,2500.0,8.26,7.58
ORAC,2025-11-06,14605.0,13.91,4.52
SNTS,2025-11-06,25990.0,6.6,6.37
SCRC,2025-11-06,1040.0,7.87,3.89
SICC,2025-11-06,3500.0,109.12,
SLBC,2025-11-06,24000.0,18.4,4.47
SOGC,2025-11-06,7500.0,12.36,7.04
SPHC,2025-11-06,7350.0,10.0,4.41
STBC,2025-11-06,19990.0,8.02,10.49
UNLC,2025-11-06,23005.0,329.93,
ABJC,2025-11-06,2260.0,16.28,9.12
BNBC,2025-11-06,1430.0,,10.49
CFAC,2025-11-06,1700.0,65.69,0.41
LNBB,2025-11-06,3715.0,10.35,7.42
NEIC,2025-11-06,1095.0,,7.47
PRSC,2025-11-06,3680.0,16.06,4.95
UNXC,2025-11-06,1460.0,,4.16
SHEC,2025-11-06,1090.0,12.83,6.91
SMBC,2025-11-06,9800.0,8.78,6.29
BICB,2025-11-06,5245.0,9.98,4.85
BICC,2025-11-06,19490.0,12.39,4.26
BOAB,2025-11-06,4945.0,10.21,9.46
BOABF,2025-11-06,3450.0,6.77,12.41
BOAC,2025-11-06,7200.0,8.99,6.51
BOAM,2025-11-06,3650.0,10.98,6.5
BOAN,2025-11-06,2560.0,10.65,8.17
BOAS,2025-11-06,5250.0,9.46,6.67
CBIBF,2025-11-06,10000.0,6.68,5.55
ETIT,2025-11-06,24.0,1.45,2.52
ORGT,2025-11-06,2495.0,,2.39
SAFC,2025-11-06,2450.0,,
SIBC,2025-11-06,5600.0,11.15,5.89
CABC,2025-11-06,1860.0,8.99,6.06
FTSC,2025-11-06,2050.0,1.55,84.22
SDSC,2025-11-06,1660.0,4.29,5.54
SEMC,2025-11-06,700.0,17.42,2.0
SIVC,2025-11-06,695.0,6.78,
STAC,2025-11-06,925.0,,7.15
CIEC,2025-11-06,2620.0,14.53,6.05
SDCC,2025-11-06,5945.0,13.51,5.92
NTLC,2025-11-07,10250.0,12.46,7.04
PALC,2025-11-07,8060.0,7.86,5.6
TTLC,2025-11-07,2335.0,15.68,8.38
TTLS,2025-11-07,2475.0,11.29,8.99
ECOC,2025-11-07,15750.0,15.09,4.49
NSBC,2025-11-07,11800.0,7.66,5.66
SGBC,2025-11-07,26995.0,8.3,6.1
ONTBF,2025-11-07,2450.0,8.09,7.74
ORAC,2025-11-07,14155.0,13.48,4.66
SNTS,2025-11-07,26000.0,6.6,6.37
SCRC,2025-11-07,1060.0,8.02,3.82
SICC,2025-11-07,3600.0,112.24,
SLBC,2025-11-07,24500.0,18.78,4.38
SOGC,2025-11-07,7890.0,13.0,6.69
SPHC,2025-11-07,7490.0,10.19,4.32
STBC,2025-11-07,19800.0,7.95,10.59
UNLC,2025-11-07,23020.0,330.14,
ABJC,2025-11-07,2340.0,16.85,8.81
BNBC,2025-11-07,1325.0,,11.32
CFAC,2025-11-07,1575.0,60.86,0.45
LNBB,2025-11-07,3715.0,10.35,7.42
NEIC,2025-11-07,1015.0,,8.06
PRSC,2025-11-07,3645.0,15.91,5.0
UNXC,2025-11-07,1565.0,,3.88
SHEC,2025-11-07,1170.0,13.77,6.44
SMBC,2025-11-07,9800.0,8.78,6.29
BICB,2025-11-07,5250.0,9.99,4.85
BICC,2025-11-07,19900.0,12.65,4.17
BOAB,2025-11-07,5200.0,10.74,9.0
BOABF,2025-11-07,3460.0,6.79,12.37
BOAC,2025-11-07,7060.0,8.81,6.64
BOAM,2025-11-07,3800.0,11.43,6.24
BOAN,2025-11-07,2500.0,10.4,8.37
BOAS,2025-11-07,5300.0,9.55,6.6
CBIBF,2025-11-07,9990.0,6.67,5.56
ETIT,2025-11-07,24.0,1.45,2.52
ORGT,2025-11-07,2620.0,,2.27
SAFC,2025-11-07,2270.0,,
SIBC,2025-11-07,5640.0,11.23,5.85
CABC,2025-11-07,1910.0,9.23,5.9
FTSC,2025-11-07,2200.0,1.67,78.48
SDSC,2025-11-07,1660.0,4.29,5.54
SEMC,2025-11-07,700.0,17.42,2.0
SIVC,2025-11-07,695.0,6.78,
STAC,2025-11-07,975.0,,6.78
CIEC,2025-11-07,2615.0,14.5,6.06
SDCC,2025-11-07,6000.0,13.64,5.87
NTLC,2025-11-10,11000.0,13.38,6.56
PALC,2025-11-10,8450.0,8.24,5.34
TTLC,2025-11-10,2335.0,15.68,8.38
TTLS,2025-11-10,2490.0,11.36,8.93
ECOC,2025-11-10,15500.0,14.85,4.56
NSBC,2025-11-10,11800.0,7.66,5.66
SGBC,2025-11-10,26905.0,8.27,6.12
ONTBF,2025-11-10,2405.0,7.94,7.88
ORAC,2025-11-10,14205.0,13.53,4.65
SNTS,2025-11-10,25900.0,6.58,6.39
SCRC,2025-11-10,1100.0,8.32,3.68
SICC,2025-11-10,3590.0,111.92,
SLBC,2025-11-10,25000.0,19.17,4.29
SOGC,2025-11-10,8000.0,13.18,6.6
SPHC,2025-11-10,7490.0,10.19,4.32
STBC,2025-11-10,19500.0,7.83,10.75
UNLC,2025-11-10,23100.0,331.29,
ABJC,2025-11-10,2370.0,17.07,8.7
BNBC,2025-11-10,1260.0,,11.9
CFAC,2025-11-10,1460.0,56.42,0.48
LNBB,2025-11-10,3825.0,10.66,7.2
NEIC,2025-11-10,940.0,,8.7
PRSC,2025-11-10,3640.0,15.88,5.0
UNXC,2025-11-10,1680.0,,3.62
SHEC,2025-11-10,1230.0,14.47,6.12
SMBC,2025-11-10,9800.0,8.78,6.29
BICB,2025-11-10,5245.0,9.98,4.85
BICC,2025-11-10,19900.0,12.65,4.17
BOAB,2025-11-10,5100.0,10.53,9.18
BOABF,2025-11-10,3490.0,6.85,12.26
BOAC,2025-11-10,7050.0,8.8,6.65
BOAM,2025-11-10,3795.0,11.42,6.25
BOAN,2025-11-10,2545.0,10.58,8.22
BOAS,2025-11-10,5295.0,9.54,6.61
CBIBF,2025-11-10,9985.0,6.67,5.56
ETIT,2025-11-10,23.0,1.39,2.63
ORGT,2025-11-10,2645.0,,2.25
SAFC,2025-11-10,2440.0,,
SIBC,2025-11-10,5600.0,11.15,5.89
CABC,2025-11-10,2050.0,9.91,5.5
FTSC,2025-11-10,2365.0,1.79,73.0
SDSC,2025-11-10,1700.0,4.39,5.41
SEMC,2025-11-10,700.0,17.42,2.0
SIVC,2025-11-10,700.0,6.83,
STAC,2025-11-10,1045.0,,6.33
CIEC,2025-11-10,2615.0,14.5,6.06
SDCC,2025-11-10,6000.0,13.64,5.87
NTLC,2025-11-11,10950.0,13.32,6.59
PALC,2025-11-11,8350.0,8.14,5.41
TTLC,2025-11-11,2325.0,15.62,8.42
TTLS,2025-11-11,2490.0,11.36,8.93
ECOC,2025-11-11,15500.0,14.85,4.56
NSBC,2025-11-11,11800.0,7.66,5.66
SGBC,2025-11-11,26900.0,8.27,6.12
ONTBF,2025-11-11,2495.0,8.24,7.6
ORAC,2025-11-11,14600.0,13.9,4.52
SNTS,2025-11-11,25600.0,6.5,6.46
SCRC,2025-11-11,1070.0,8.1,3.79
SICC,2025-11-11,3325.0,103.66,
SLBC,2025-11-11,24700.0,18.94,4.35
SOGC,2025-11-11,7975.0,13.14,6.62
SPHC,2025-11-11,7485.0,10.18,4.33
STBC,2025-11-11,19500.0,7.83,10.75
UNLC,2025-11-11,24830.0,356.1,
ABJC,2025-11-11,2360.0,17.0,8.74
BNBC,2025-11-11,1315.0,,11.41
CFAC,2025-11-11,1565.0,60.48,0.45
LNBB,2025-11-11,3895.0,10.86,7.07
NEIC,2025-11-11,1000.0,,8.18
PRSC,2025-11-11,3635.0,15.86,5.01
UNXC,2025-11-11,1595.0,,3.81
SHEC,2025-11-11,1240.0,14.59,6.07
SMBC,2025-11-11,9795.0,8.78,6.29
BICB,2025-11-11,4995.0,9.51,5.1
BICC,2025-11-11,20000.0,12.71,4.15
BOAB,2025-11-11,5060.0,10.45,9.25
BOABF,2025-11-11,3545.0,6.96,12.07
BOAC,2025-11-11,7185.0,8.97,6.53
BOAM,2025-11-11,3810.0,11.46,6.22
BOAN,2025-11-11,2545.0,10.58,8.22
BOAS,2025-11-11,5300.0,9.55,6.6
CBIBF,2025-11-11,9985.0,6.67,5.56
ETIT,2025-11-11,23.0,1.39,2.63
ORGT,2025-11-11,2640.0,,2.25
SAFC,2025-11-11,2620.0,,
SIBC,2025-11-11,5640.0,11.23,5.85
CABC,2025-11-11,2200.0,10.63,5.12
FTSC,2025-11-11,2540.0,1.93,67.97
SDSC,2025-11-11,1700.0,4.39,5.41
SEMC,2025-11-11,700.0,17.42,2.0
SIVC,2025-11-11,705.0,6.87,
STAC,2025-11-11,1080.0,,6.13
CIEC,2025-11-11,2610.0,14.47,6.07
SDCC,2025-11-11,6100.0,13.87,5.77
NTLC,2025-11-12,11100.0,13.5,6.5
PALC,2025-11-12,8200.0,7.99,5.51
TTLC,2025-11-12,2300.0,15.45,8.51
TTLS,2025-11-12,2485.0,11.34,8.95
ECOC,2025-11-12,15200.0,14.56,4.65
NSBC,2025-11-12,11820.0,7.67,5.65
SGBC,2025-11-12,27300.0,8.39,6.03
ONTBF,2025-11-12,2400.0,7.93,7.9
ORAC,2025-11-12,14550.0,13.86,4.54
SNTS,2025-11-12,25455.0,6.47,6.5
SCRC,2025-11-12,1090.0,8.25,3.72
SICC,2025-11-12,3335.0,103.97,
SLBC,2025-11-12,24900.0,19.09,4.31
SOGC,2025-11-12,7820.0,12.88,6.75
SPHC,2025-11-12,7480.0,10.17,4.33
STBC,2025-11-12,19510.0,7.83,10.74
UNLC,2025-11-12,26690.0,382.78,
ABJC,2025-11-12,2340.0,16.85,8.81
BNBC,2025-11-12,1410.0,,10.64
CFAC,2025-11-12,1660.0,64.15,0.42
LNBB,2025-11-12,4000.0,11.15,6.89
NEIC,2025-11-12,995.0,,8.22
PRSC,2025-11-12,3905.0,17.04,4.66
UNXC,2025-11-12,1480.0,,4.1
SHEC,2025-11-12,1235.0,14.53,6.1
SMBC,2025-11-12,9800.0,8.78,6.29
BICB,2025-11-12,5000.0,9.52,5.09
BICC,2025-11-12,19500.0,12.39,4.26
BOAB,2025-11-12,5000.0,10.32,9.36
BOABF,2025-11-12,3550.0,6.97,12.06
BOAC,2025-11-12,7180.0,8.96,6.53
BOAM,2025-11-12,3825.0,11.51,6.2
BOAN,2025-11-12,2545.0,10.58,8.22
BOAS,2025-11-12,5300.0,9.55,6.6
CBIBF,2025-11-12,9985.0,6.67,5.56
ETIT,2025-11-12,23.0,1.39,2.63
ORGT,2025-11-12,2620.0,,2.27
SAFC,2025-11-12,2810.0,,
SIBC,2025-11-12,5650.0,11.25,5.84
CABC,2025-11-12,2365.0,11.43,4.77
FTSC,2025-11-12,2500.0,1.9,69.06
SDSC,2025-11-12,1575.0,4.07,5.84
SEMC,2025-11-12,700.0,17.42,2.0
SIVC,2025-11-12,700.0,6.83,
STAC,2025-11-12,1160.0,,5.7
CIEC,2025-11-12,2600.0,14.41,6.09
SDCC,2025-11-12,6100.0,13.87,5.77
NTLC,2025-11-13,11500.0,13.98,6.27
PALC,2025-11-13,8150.0,7.94,5.54
TTLC,2025-11-13,2345.0,15.75,8.34
TTLS,2025-11-13,2480.0,11.32,8.97
ECOC,2025-11-13,15210.0,14.57,4.65
NSBC,2025-11-13,11850.0,7.69,5.64
SGBC,2025-11-13,27000.0,8.3,6.1
ONTBF,2025-11-13,2495.0,8.24,7.6
ORAC,2025-11-13,14280.0,13.6,4.62
SNTS,2025-11-13,26000.0,6.6,6.37
SCRC,2025-11-13,1055.0,7.98,3.84
SICC,2025-11-13,3155.0,98.36,
SLBC,2025-11-13,24995.0,19.16,4.3
SOGC,2025-11-13,7860.0,12.95,6.72
SPHC,2025-11-13,7480.0,10.17,4.33
STBC,2025-11-13,19450.0,7.81,10.78
UNLC,2025-11-13,28690.0,411.46,
ABJC,2025-11-13,2360.0,17.0,8.74
BNBC,2025-11-13,1485.0,,10.1
CFAC,2025-11-13,1610.0,62.22,0.44
LNBB,2025-11-13,3900.0,10.87,7.06
NEIC,2025-11-13,985.0,,8.3
PRSC,2025-11-13,3905.0,17.04,4.66
UNXC,2025-11-13,1470.0,,4.13
SHEC,2025-11-13,1235.0,14.53,6.1
SMBC,2025-11-13,9800.0,8.78,6.29
BICB,2025-11-13,5100.0,9.71,4.99
BICC,2025-11-13,19500.0,12.39,4.26
BOAB,2025-11-13,5100.0,10.53,9.18
BOABF,2025-11-13,3575.0,7.02,11.97
BOAC,2025-11-13,7250.0,9.05,6.47
BOAM,2025-11-13,3835.0,11.54,6.18
BOAN,2025-11-13,2500.0,10.4,8.37
BOAS,2025-11-13,5295.0,9.54,6.61
CBIBF,2025-11-13,10000.0,6.68,5.55
ETIT,2025-11-13,22.0,1.33,2.75
ORGT,2025-11-13,2620.0,,2.27
SAFC,2025-11-13,3010.0,,
SIBC,2025-11-13,5650.0,11.25,5.84
CABC,2025-11-13,2540.0,12.28,4.44
FTSC,2025-11-13,2420.0,1.84,71.35
SDSC,2025-11-13,1460.0,3.77,6.3
SEMC,2025-11-13,700.0,17.42,2.0
SIVC,2025-11-13,685.0,6.68,
STAC,2025-11-13,1160.0,,5.7
CIEC,2025-11-13,2600.0,14.41,6.09
SDCC,2025-11-13,6130.0,13.94,5.74
NTLC,2025-11-14,12000.0,14.59,6.01
PALC,2025-11-14,7950.0,7.75,5.68
TTLC,2025-11-14,2360.0,15.85,8.29
TTLS,2025-11-14,2485.0,11.34,8.95
ECOC,2025-11-14,15240.0,14.6,4.64
NSBC,2025-11-14,11820.0,7.67,5.65
SGBC,2025-11-14,27000.0,8.3,6.1
ONTBF,2025-11-14,2495.0,8.24,7.6
ORAC,2025-11-14,14300.0,13.62,4.62
SNTS,2025-11-14,25500.0,6.48,6.49
SCRC,2025-11-14,1070.0,8.1,3.79
SICC,2025-11-14,3155.0,98.36,
SLBC,2025-11-14,24995.0,19.16,4.3
SOGC,2025-11-14,7860.0,12.95,6.72
SPHC,2025-11-14,7480.0,10.17,4.33
STBC,2025-11-14,19450.0,7.81,10.78
UNLC,2025-11-14,30840.0,442.29,
ABJC,2025-11-14,2380.0,17.14,8.66
BNBC,2025-11-14,1460.0,,10.27
CFAC,2025-11-14,1530.0,59.12,0.46
LNBB,2025-11-14,3900.0,10.87,7.06
NEIC,2025-11-14,995.0,,8.22
PRSC,2025-11-14,3850.0,16.8,4.73
UNXC,2025-11-14,1450.0,,4.19
SHEC,2025-11-14,1235.0,14.53,6.1
SMBC,2025-11-14,9845.0,8.82,6.26
BICB,2025-11-14,5215.0,9.93,4.88
BICC,2025-11-14,19900.0,12.65,4.17
BOAB,2025-11-14,5100.0,10.53,9.18
BOABF,2025-11-14,3510.0,6.89,12.19
BOAC,2025-11-14,7250.0,9.05,6.47
BOAM,2025-11-14,3770.0,11.34,6.29
BOAN,2025-11-14,2510.0,10.44,8.34
BOAS,2025-11-14,5290.0,9.53,6.62
CBIBF,2025-11-14,10020.0,6.69,5.54
ETIT,2025-11-14,22.0,1.33,2.75
ORGT,2025-11-14,2550.0,,2.33
SAFC,2025-11-14,2900.0,,
SIBC,2025-11-14,5620.0,11.19,5.87
CABC,2025-11-14,2550.0,12.33,4.42
FTSC,2025-11-14,2350.0,1.78,73.47
SDSC,2025-11-14,1450.0,3.75,6.34
SEMC,2025-11-14,700.0,17.42,2.0
SIVC,2025-11-14,695.0,6.78,
STAC,2025-11-14,1200.0,,5.51
CIEC,2025-11-14,2515.0,13.94,6.3
SDCC,2025-11-14,6130.0,13.94,5.74
