ticker,date_bulletin,volume_echange,valeur_echangee
CABC,2018-01-31,8430.0,13124700.0
FTSC,2018-01-31,6808.0,28145200.0
NEIC,2018-01-31,3.0,138.0
NTLC,2018-01-31,59.0,132230.0
SIVC,2018-01-31,200.0,86000.0
SMBC,2018-01-31,11.0,112200.0
STBC,2018-01-31,155.0,9606125.0
UNXC,2018-01-31,1531.0,5029750.0
CIEC,2018-01-31,1389.0,2570020.0
ONTBF,2018-01-31,686.0,5502965.0
SDCC,2018-01-31,237.0,889200.0
SNTS,2018-01-31,21944.0,493739290.0
BICC,2018-01-31,207.0,1557900.0
BOAB,2018-01-31,1084.0,6993750.0
BOABF,2018-01-31,772.0,5014325.0
BOAC,2018-01-31,1317.0,6189900.0
BOAM,2018-01-31,457.0,2167990.0
BOAN,2018-01-31,411.0,1972800.0
BOAS,2018-01-31,2012.0,5041790.0
CBIBF,2018-01-31,1526.0,13683350.0
ECOC,2018-01-31,599.0,14279920.0
ETIT,2018-01-31,33565964.0,665561316.0
NSBC,2018-01-31,6666.0,55205200.0
SGBC,2018-01-31,4630.0,53944885.0
SIBC,2018-01-31,3063.0,49161100.0
SDSC,2018-01-31,164.0,713400.0
PALC,2018-01-31,67.0,356105.0
SCRC,2018-01-31,1115.0,1018400.0
SOGC,2018-01-31,14883.0,65537430.0
SPHC,2018-01-31,800.0,2513415.0
ABJC,2018-01-31,1292.0,2000035.0
BNBC,2018-01-31,665.0,1529050.0
CFAC,2018-01-31,380.0,197550.0
SHEC,2018-01-31,345.0,309940.0
TTLC,2018-01-31,291.0,2866650.0
TTLS,2018-01-31,1519.0,2558065.0
STAC,2018-01-31,2000.0,340000.0
CABC,2018-02-28,65.0,121700.0
FTSC,2018-02-28,639.0,3173560.0
NTLC,2018-02-28,25.0,50000.0
SEMC,2018-02-28,1.0,13500.0
SIVC,2018-02-28,150.0,68250.0
SMBC,2018-02-28,55.0,697675.0
UNXC,2018-02-28,3017.0,10408990.0
CIEC,2018-02-28,1164.0,2312260.0
ONTBF,2018-02-28,14142.0,119471360.0
SDCC,2018-02-28,337.0,1262755.0
SNTS,2018-02-28,1000.0,21556655.0
BICC,2018-02-28,195.0,1582200.0
BOAB,2018-02-28,222.0,1465640.0
BOABF,2018-02-28,332.0,2335810.0
BOAC,2018-02-28,8827.0,43128155.0
BOAM,2018-02-28,3016.0,12949865.0
BOAN,2018-02-28,6032.0,30297750.0
BOAS,2018-02-28,1897.0,5531785.0
CBIBF,2018-02-28,673.0,5957200.0
ECOC,2018-02-28,1049.0,25260750.0
ETIT,2018-02-28,9880.0,181440.0
NSBC,2018-02-28,1823.0,15208555.0
SGBC,2018-02-28,5584.0,77898800.0
SIBC,2018-02-28,2556.0,42071690.0
SDSC,2018-02-28,25615.0,107709020.0
PALC,2018-02-28,3901.0,29131720.0
SCRC,2018-02-28,6491.0,12007210.0
SOGC,2018-02-28,13794.0,69872890.0
SPHC,2018-02-28,4276.0,17104310.0
ABJC,2018-02-28,1533.0,2670710.0
BNBC,2018-02-28,609.0,1850790.0
CFAC,2018-02-28,2919.0,1730240.0
SHEC,2018-02-28,1765.0,2188600.0
TTLC,2018-02-28,13405.0,29468300.0
TTLS,2018-02-28,1163.0,1968800.0
CABC,2018-03-30,5152.0,10273455.0
FTSC,2018-03-30,1407.0,7711655.0
NEIC,2018-03-30,150.0,37500.0
NTLC,2018-03-30,32.0,88970.0
SIVC,2018-03-30,805.0,521725.0
UNXC,2018-03-30,2382.0,7662830.0
CIEC,2018-03-30,647.0,1299720.0
ONTBF,2018-03-30,150.0,1271675.0
SDCC,2018-03-30,343.0,1419215.0
SNTS,2018-03-30,1960.0,45208505.0
BICC,2018-03-30,52.0,415740.0
BOAB,2018-03-30,4520.0,29836535.0
BOABF,2018-03-30,4529.0,28788630.0
BOAC,2018-03-30,1040.0,5097865.0
BOAM,2018-03-30,1655.0,6937375.0
BOAN,2018-03-30,466.0,2286650.0
BOAS,2018-03-30,212.0,615550.0
CBIBF,2018-03-30,3994.0,35059500.0
ECOC,2018-03-30,1605.0,43942085.0
ETIT,2018-03-30,353956.0,6381308.0
NSBC,2018-03-30,1939.0,15544660.0
SGBC,2018-03-30,141.0,1965000.0
SIBC,2018-03-30,310.0,5251150.0
SDSC,2018-03-30,2758.0,12201410.0
PALC,2018-03-30,1020.0,7345310.0
SCRC,2018-03-30,187.0,299400.0
SOGC,2018-03-30,2672.0,13841050.0
SPHC,2018-03-30,245.0,1028995.0
ABJC,2018-03-30,360.0,613590.0
BNBC,2018-03-30,606.0,1733060.0
CFAC,2018-03-30,4058.0,2718660.0
SHEC,2018-03-30,227.0,317730.0
TTLC,2018-03-30,12.0,27600.0
TTLS,2018-03-30,1085.0,1894925.0
STAC,2018-03-30,105.0,41550.0
FTSC,2018-04-30,240.0,1175500.0
NEIC,2018-04-30,500.0,400000.0
SLBC,2018-04-30,2.0,192000.0
SMBC,2018-04-30,20.0,300000.0
STBC,2018-04-30,90.0,4680000.0
UNLC,2018-04-30,32.0,275230.0
UNXC,2018-04-30,438.0,1294700.0
CIEC,2018-04-30,250.0,497500.0
ONTBF,2018-04-30,1426.0,12172700.0
SDCC,2018-04-30,1606.0,6498700.0
SNTS,2018-04-30,20.0,470400.0
BOAB,2018-04-30,2.0,12230.0
BOABF,2018-04-30,337.0,2089400.0
BOAC,2018-04-30,1806.0,8060750.0
BOAM,2018-04-30,50.0,187170.0
BOAN,2018-04-30,5.0,23500.0
BOAS,2018-04-30,181.0,425350.0
ECOC,2018-04-30,7.0,178950.0
ETIT,2018-04-30,200000.0,4800000.0
NSBC,2018-04-30,81.0,647740.0
SGBC,2018-04-30,1727.0,23229550.0
SIBC,2018-04-30,904.0,15187200.0
SDSC,2018-04-30,4059.0,16443100.0
SCRC,2018-04-30,1226.0,1847040.0
SICC,2018-04-30,30.0,98700.0
SOGC,2018-04-30,196.0,847700.0
ABJC,2018-04-30,87.0,144145.0
BNBC,2018-04-30,2590.0,8288000.0
CFAC,2018-04-30,437.0,305900.0
PRSC,2018-04-30,3.0,555000.0
SHEC,2018-04-30,1100.0,1309000.0
TTLC,2018-04-30,54.0,118800.0
TTLS,2018-04-30,300.0,498000.0
STAC,2018-04-30,182.0,64200.0
CABC,2018-05-31,667.0,1093350.0
FTSC,2018-05-31,2210.0,8817140.0
NEIC,2018-05-31,205.0,70725.0
NTLC,2018-05-31,20.0,57000.0
SIVC,2018-05-31,340.0,152400.0
SMBC,2018-05-31,27.0,382725.0
STBC,2018-05-31,500.0,23500000.0
UNLC,2018-05-31,85.0,697000.0
UNXC,2018-05-31,14018.0,42154760.0
CIEC,2018-05-31,2446.0,3203245.0
ONTBF,2018-05-31,2740.0,24365665.0
SDCC,2018-05-31,140.0,520275.0
SNTS,2018-05-31,1541.0,34378210.0
BICC,2018-05-31,89.0,591300.0
BOAB,2018-05-31,1966.0,8583185.0
BOABF,2018-05-31,496.0,2276870.0
BOAC,2018-05-31,1547.0,6560700.0
BOAM,2018-05-31,1485.0,3927450.0
BOAN,2018-05-31,5354.0,22355525.0
BOAS,2018-05-31,969.0,2540155.0
CBIBF,2018-05-31,964.0,8354280.0
ECOC,2018-05-31,66.0,1641145.0
ETIT,2018-05-31,16200.0,329000.0
NSBC,2018-05-31,4490.0,39869045.0
SGBC,2018-05-31,917.0,10546050.0
SIBC,2018-05-31,1725.0,29122480.0
SDSC,2018-05-31,1571.0,4716535.0
PALC,2018-05-31,58.0,264940.0
SCRC,2018-05-31,710.0,864300.0
SOGC,2018-05-31,3769.0,13074970.0
SPHC,2018-05-31,117.0,339120.0
ABJC,2018-05-31,1256.0,1647400.0
BNBC,2018-05-31,7.0,17815.0
CFAC,2018-05-31,622.0,363550.0
SHEC,2018-05-31,8880.0,8051940.0
TTLC,2018-05-31,165.0,322145.0
TTLS,2018-05-31,1894.0,3205400.0
STAC,2018-05-31,66.0,19470.0
CABC,2018-06-29,8210.0,12274000.0
FTSC,2018-06-29,458.0,1770000.0
NEIC,2018-06-29,371.0,59460.0
SIVC,2018-06-29,3065.0,1036395.0
SLBC,2018-06-29,2.0,148000.0
SMBC,2018-06-29,72.0,1408750.0
UNXC,2018-06-29,16552.0,52138800.0
CIEC,2018-06-29,432.0,768045.0
ONTBF,2018-06-29,3604.0,28794335.0
SDCC,2018-06-29,80.0,332000.0
SNTS,2018-06-29,130.0,2908655.0
BICC,2018-06-29,10.0,73400.0
BOAB,2018-06-29,2116.0,10458105.0
BOABF,2018-06-29,2548.0,12102575.0
BOAC,2018-06-29,1737.0,7647940.0
BOAM,2018-06-29,2511.0,7650990.0
BOAN,2018-06-29,5842.0,24494170.0
BOAS,2018-06-29,1286.0,3453300.0
CBIBF,2018-06-29,2335.0,20750955.0
ECOC,2018-06-29,640.0,15012915.0
ETIT,2018-06-29,82800.0,1630000.0
NSBC,2018-06-29,1095.0,9087935.0
SGBC,2018-06-29,1423.0,17165565.0
SIBC,2018-06-29,9364.0,33460905.0
SDSC,2018-06-29,7026.0,28063000.0
PALC,2018-06-29,616.0,1943100.0
SCRC,2018-06-29,16119.0,18542480.0
SOGC,2018-06-29,5969.0,20817700.0
SPHC,2018-06-29,375.0,1200250.0
ABJC,2018-06-29,3087.0,4612375.0
BNBC,2018-06-29,140.0,326020.0
CFAC,2018-06-29,26393.0,18338040.0
PRSC,2018-06-29,5.0,850000.0
SHEC,2018-06-29,600.0,655500.0
TTLC,2018-06-29,13746.0,25993680.0
STAC,2018-06-29,51.0,11475.0
CABC,2018-07-31,91.0,125125.0
FTSC,2018-07-31,730.0,2606500.0
NEIC,2018-07-31,70.0,14000.0
NTLC,2018-07-31,52.0,117000.0
SEMC,2018-07-31,9.0,121680.0
SIVC,2018-07-31,21383.0,10261840.0
SMBC,2018-07-31,55.0,1108745.0
STBC,2018-07-31,99.0,192570.0
UNXC,2018-07-31,81.0,272080.0
CIEC,2018-07-31,1185.0,1770070.0
ONTBF,2018-07-31,3444.0,27280155.0
SDCC,2018-07-31,266.0,1024540.0
SNTS,2018-07-31,2923.0,62785795.0
BICC,2018-07-31,428.0,2609850.0
BOAB,2018-07-31,575.0,2881295.0
BOABF,2018-07-31,554.0,2696710.0
BOAC,2018-07-31,987.0,4246945.0
BOAM,2018-07-31,768.0,2356400.0
BOAN,2018-07-31,3656.0,16331005.0
BOAS,2018-07-31,7722.0,19251180.0
CBIBF,2018-07-31,614.0,5033870.0
ECOC,2018-07-31,177.0,4214690.0
ETIT,2018-07-31,82317.0,1795974.0
NSBC,2018-07-31,1025.0,8225385.0
SGBC,2018-07-31,5165.0,58556800.0
SIBC,2018-07-31,9420.0,30520820.0
SDSC,2018-07-31,9552.0,27851855.0
PALC,2018-07-31,632.0,1989900.0
SCRC,2018-07-31,1784.0,1930900.0
SOGC,2018-07-31,581.0,1803905.0
SPHC,2018-07-31,270.0,891000.0
ABJC,2018-07-31,223.0,326650.0
BNBC,2018-07-31,37.0,91150.0
SHEC,2018-07-31,70.0,69355.0
TTLC,2018-07-31,243.0,468585.0
TTLS,2018-07-31,663.0,1011410.0
STAC,2018-07-31,383.0,124795.0
CABC,2018-08-31,51.0,65325.0
FTSC,2018-08-31,392.0,1166170.0
NEIC,2018-08-31,1218.0,230805.0
SEMC,2018-08-31,17.0,231200.0
SIVC,2018-08-31,10.0,4900.0
SLBC,2018-08-31,20.0,1240000.0
SMBC,2018-08-31,644.0,12874445.0
UNLC,2018-08-31,61.0,701500.0
UNXC,2018-08-31,488.0,1536455.0
CIEC,2018-08-31,789.0,1299550.0
ONTBF,2018-08-31,689.0,2800700.0
SNTS,2018-08-31,2433.0,51789100.0
BICC,2018-08-31,15062.0,79720235.0
BOAB,2018-08-31,259.0,1256850.0
BOABF,2018-08-31,1732.0,8246765.0
BOAC,2018-08-31,648.0,2601950.0
BOAM,2018-08-31,286.0,758125.0
BOAN,2018-08-31,3977.0,17478050.0
BOAS,2018-08-31,6119.0,14544470.0
CBIBF,2018-08-31,2633.0,21004750.0
ECOC,2018-08-31,150.0,3549145.0
ETIT,2018-08-31,310217.0,6824774.0
NSBC,2018-08-31,260.0,2023360.0
SGBC,2018-08-31,230.0,2514930.0
SIBC,2018-08-31,1638.0,4754175.0
SDSC,2018-08-31,5.0,15375.0
PALC,2018-08-31,466.0,1509945.0
SCRC,2018-08-31,6311.0,6213160.0
SICC,2018-08-31,50.0,180000.0
SOGC,2018-08-31,303.0,962205.0
SPHC,2018-08-31,1620.0,4941000.0
ABJC,2018-08-31,1266.0,1522700.0
BNBC,2018-08-31,63.0,151850.0
CFAC,2018-08-31,216.0,132760.0
SHEC,2018-08-31,1650.0,1550350.0
TTLC,2018-08-31,6068.0,10966475.0
TTLS,2018-08-31,645.0,967500.0
CABC,2018-09-28,11.0,13200.0
FTSC,2018-09-28,91.0,191520.0
NEIC,2018-09-28,180.0,28800.0
NTLC,2018-09-28,5.0,7000.0
SIVC,2018-09-28,20.0,9400.0
SLBC,2018-09-28,2.0,118010.0
SMBC,2018-09-28,426.0,8227320.0
UNXC,2018-09-28,183.0,542405.0
CIEC,2018-09-28,260.0,403150.0
ONTBF,2018-09-28,165.0,624850.0
SDCC,2018-09-28,184.0,662630.0
SNTS,2018-09-28,2985.0,59826225.0
BICC,2018-09-28,245.0,986520.0
BOAB,2018-09-28,821.0,3331010.0
BOABF,2018-09-28,3000.0,11895575.0
BOAC,2018-09-28,1220.0,4132445.0
BOAM,2018-09-28,370.0,741795.0
BOAN,2018-09-28,2428.0,9229600.0
BOAS,2018-09-28,1022.0,2452800.0
ECOC,2018-09-28,134.0,3092125.0
ETIT,2018-09-28,2000.0,44000.0
NSBC,2018-09-28,528.0,3853000.0
SGBC,2018-09-28,173.0,1729135.0
SIBC,2018-09-28,2288.0,5739215.0
SDSC,2018-09-28,79.0,244505.0
PALC,2018-09-28,50.0,157250.0
SCRC,2018-09-28,270.0,269400.0
SICC,2018-09-28,10.0,35300.0
SOGC,2018-09-28,6161.0,18423420.0
SPHC,2018-09-28,1.0,2870.0
ABJC,2018-09-28,45.0,51750.0
BNBC,2018-09-28,2.0,4590.0
CFAC,2018-09-28,3326.0,1994600.0
SHEC,2018-09-28,2192.0,1971650.0
TTLC,2018-09-28,47.0,79430.0
TTLS,2018-09-28,1304.0,1695200.0
CABC,2018-10-31,360.0,360000.0
FTSC,2018-10-31,257.0,487015.0
SIVC,2018-10-31,4.0,1800.0
SMBC,2018-10-31,23.0,418600.0
STBC,2018-10-31,4642.0,6243505.0
UNLC,2018-10-31,5.0,40800.0
UNXC,2018-10-31,77.0,188130.0
CIEC,2018-10-31,2015.0,2619750.0
ONTBF,2018-10-31,9238.0,34167440.0
SDCC,2018-10-31,30.0,96000.0
SNTS,2018-10-31,3487.0,66004675.0
BICC,2018-10-31,450.0,1881000.0
BOAB,2018-10-31,2256.0,8659240.0
BOABF,2018-10-31,1201.0,4516530.0
BOAC,2018-10-31,1755.0,4330630.0
BOAM,2018-10-31,104.0,241765.0
BOAN,2018-10-31,1961.0,7612220.0
BOAS,2018-10-31,2799.0,5494210.0
ECOC,2018-10-31,152.0,2964290.0
ETIT,2018-10-31,2850.0,54150.0
NSBC,2018-10-31,11250.0,78611705.0
SGBC,2018-10-31,47.0,415130.0
SIBC,2018-10-31,663.0,1556545.0
PALC,2018-10-31,102.0,232560.0
SCRC,2018-10-31,2200.0,2145550.0
SOGC,2018-10-31,132.0,275200.0
ABJC,2018-10-31,100.0,105000.0
CFAC,2018-10-31,3233.0,1959810.0
SHEC,2018-10-31,2684.0,2657160.0
TTLC,2018-10-31,3657.0,5185860.0
TTLS,2018-10-31,2099.0,2678350.0
STAC,2018-10-31,80.0,18800.0
CABC,2018-11-30,1055.0,1049725.0
FTSC,2018-11-30,40.0,59000.0
NEIC,2018-11-30,1569.0,423630.0
SIVC,2018-11-30,4.0,1800.0
UNXC,2018-11-30,475.0,959075.0
CIEC,2018-11-30,287.0,434130.0
ONTBF,2018-11-30,1742.0,6643090.0
SNTS,2018-11-30,1165.0,20769715.0
BICC,2018-11-30,1478.0,10841700.0
BOAB,2018-11-30,1268.0,3782360.0
BOABF,2018-11-30,527.0,1480550.0
BOAC,2018-11-30,813.0,1851285.0
BOAM,2018-11-30,556.0,1160445.0
BOAN,2018-11-30,300.0,877140.0
BOAS,2018-11-30,445.0,841050.0
CBIBF,2018-11-30,1162.0,8261820.0
ECOC,2018-11-30,15.0,269250.0
ETIT,2018-11-30,31500.0,548000.0
SGBC,2018-11-30,9859.0,68652995.0
SIBC,2018-11-30,312.0,722160.0
SDSC,2018-11-30,451.0,867110.0
SCRC,2018-11-30,408.0,367200.0
SOGC,2018-11-30,15.0,31500.0
ABJC,2018-11-30,614.0,553000.0
CFAC,2018-11-30,3443.0,1532135.0
SHEC,2018-11-30,2.0,2000.0
TTLC,2018-11-30,30.0,37500.0
TTLS,2018-11-30,345.0,444000.0
STAC,2018-11-30,12.0,2340.0
CABC,2018-12-31,5029.0,4365630.0
FTSC,2018-12-31,659.0,1364320.0
NEIC,2018-12-31,4350.0,739600.0
NTLC,2018-12-31,120.0,121200.0
SEMC,2018-12-31,5.0,1500.0
SIVC,2018-12-31,2210.0,1102760.0
SMBC,2018-12-31,20.0,390000.0
STBC,2018-12-31,450.0,772000.0
UNXC,2018-12-31,25.0,50750.0
CIEC,2018-12-31,330.0,476975.0
ONTBF,2018-12-31,3495.0,14508000.0
SDCC,2018-12-31,1.0,3885.0
SNTS,2018-12-31,34964.0,580422245.0
BOAB,2018-12-31,22638.0,91049300.0
BOABF,2018-12-31,1400.0,7280000.0
BOAC,2018-12-31,167322.0,701150815.0
BOAM,2018-12-31,1084.0,2704700.0
BOAN,2018-12-31,525.0,2047500.0
BOAS,2018-12-31,2996.0,6048920.0
CBIBF,2018-12-31,1478.0,12851210.0
ECOC,2018-12-31,12512.0,52680410.0
ETIT,2018-12-31,2110.0,37980.0
SGBC,2018-12-31,1144.0,8675950.0
SIBC,2018-12-31,2302.0,6151540.0
SDSC,2018-12-31,9907.0,19034515.0
PALC,2018-12-31,130.0,247000.0
SCRC,2018-12-31,1500.0,1402500.0
ABJC,2018-12-31,380.0,458800.0
BNBC,2018-12-31,300.0,720000.0
CFAC,2018-12-31,1519.0,971495.0
SHEC,2018-12-31,30.0,28250.0
TTLC,2018-12-31,4297.0,5833710.0
TTLS,2018-12-31,321.0,477850.0
CABC,2019-01-31,10.0,10000.0
FTSC,2019-01-31,64.0,115200.0
NEIC,2019-01-31,2315.0,451425.0
NTLC,2019-01-31,337.0,296560.0
SIVC,2019-01-31,1001.0,502325.0
UNXC,2019-01-31,2105.0,3982400.0
CIEC,2019-01-31,129.0,160450.0
ONTBF,2019-01-31,3330.0,14181390.0
SDCC,2019-01-31,132.0,422770.0
SNTS,2019-01-31,49763.0,830843935.0
BICC,2019-01-31,79.0,497700.0
BOAB,2019-01-31,824.0,2870915.0
BOABF,2019-01-31,130.0,563850.0
BOAC,2019-01-31,160.0,636000.0
BOAM,2019-01-31,377.0,864660.0
BOAN,2019-01-31,806.0,3068580.0
BOAS,2019-01-31,1299.0,2251825.0
CBIBF,2019-01-31,258.0,1870455.0
ECOC,2019-01-31,246.0,948900.0
ETIT,2019-01-31,30783.0,584877.0
NSBC,2019-01-31,251.0,1207770.0
SGBC,2019-01-31,2082.0,16614550.0
SIBC,2019-01-31,1246.0,2834015.0
SDSC,2019-01-31,2368.0,4418320.0
PALC,2019-01-31,44.0,76860.0
SCRC,2019-01-31,3309.0,3192980.0
SICC,2019-01-31,10.0,36000.0
SOGC,2019-01-31,20.0,39900.0
SPHC,2019-01-31,100.0,360000.0
ABJC,2019-01-31,92.0,104560.0
BNBC,2019-01-31,130.0,271150.0
CFAC,2019-01-31,2193.0,979885.0
SHEC,2019-01-31,863.0,735610.0
TTLC,2019-01-31,8548.0,10436555.0
TTLS,2019-01-31,292.0,417980.0
STAC,2019-01-31,205.0,34850.0
FTSC,2019-02-28,906.0,1178700.0
NTLC,2019-02-28,125.0,101875.0
SEMC,2019-02-28,150.0,43500.0
SIVC,2019-02-28,40.0,15800.0
SLBC,2019-02-28,5.0,227500.0
SMBC,2019-02-28,9.0,43515.0
UNXC,2019-02-28,28.0,61100.0
CIEC,2019-02-28,522.0,671115.0
ONTBF,2019-02-28,736.0,3050265.0
SDCC,2019-02-28,220.0,660000.0
SNTS,2019-02-28,22911.0,456688885.0
BICC,2019-02-28,25.0,133375.0
BOAB,2019-02-28,246.0,971920.0
BOABF,2019-02-28,507.0,2531045.0
BOAC,2019-02-28,415.0,1430050.0
BOAM,2019-02-28,310.0,680000.0
BOAN,2019-02-28,10.0,38950.0
BOAS,2019-02-28,40.0,68000.0
CBIBF,2019-02-28,1775.0,12576500.0
ECOC,2019-02-28,3350.0,11972520.0
ETIT,2019-02-28,1720.0,33400.0
NSBC,2019-02-28,48.0,215700.0
SAFC,2019-02-28,5.0,1075.0
SGBC,2019-02-28,1474.0,11731555.0
SIBC,2019-02-28,786.0,1963275.0
SDSC,2019-02-28,4642.0,8195040.0
PALC,2019-02-28,110.0,176000.0
SCRC,2019-02-28,573.0,491050.0
SOGC,2019-02-28,5126.0,11534540.0
SPHC,2019-02-28,85.0,289000.0
ABJC,2019-02-28,70.0,83400.0
BNBC,2019-02-28,10.0,18500.0
SHEC,2019-02-28,280.0,245400.0
TTLC,2019-02-28,4560.0,5988455.0
TTLS,2019-02-28,349.0,486855.0
STAC,2019-02-28,222.0,37740.0
CABC,2019-03-29,10.0,10000.0
FTSC,2019-03-29,54.0,69390.0
NEIC,2019-03-29,7365.0,3418500.0
NTLC,2019-03-29,81.0,84645.0
SEMC,2019-03-29,300.0,90000.0
SIVC,2019-03-29,119.0,47600.0
SLBC,2019-03-29,12.0,480000.0
SMBC,2019-03-29,412.0,1818250.0
UNXC,2019-03-29,7433.0,14147210.0
CIEC,2019-03-29,5524.0,6548445.0
ONTBF,2019-03-29,2197.0,9482025.0
SDCC,2019-03-29,1160.0,3351875.0
SNTS,2019-03-29,9528.0,186193445.0
BICC,2019-03-29,620.0,3022500.0
BOAB,2019-03-29,2165.0,8586425.0
BOABF,2019-03-29,783.0,3332725.0
BOAC,2019-03-29,1133.0,4054410.0
BOAM,2019-03-29,606.0,1253820.0
BOAN,2019-03-29,1808.0,7602850.0
BOAS,2019-03-29,871.0,1402040.0
CBIBF,2019-03-29,55.0,406080.0
ECOC,2019-03-29,570.0,1902750.0
ETIT,2019-03-29,758210.0,15097700.0
NSBC,2019-03-29,4542.0,14740505.0
SGBC,2019-03-29,1250.0,10294350.0
SIBC,2019-03-29,1477.0,3568450.0
SDSC,2019-03-29,1433.0,2710350.0
PALC,2019-03-29,405.0,607500.0
SCRC,2019-03-29,2213.0,1923725.0
SOGC,2019-03-29,7893.0,20577930.0
ABJC,2019-03-29,1410.0,2303450.0
CFAC,2019-03-29,10.0,5400.0
PRSC,2019-03-29,2.0,239835.0
SHEC,2019-03-29,400.0,368000.0
TTLC,2019-03-29,10475.0,15590925.0
TTLS,2019-03-29,463.0,624550.0
CABC,2019-04-30,150.0,143250.0
FTSC,2019-04-30,52.0,68900.0
NEIC,2019-04-30,157.0,43175.0
SIVC,2019-04-30,193.0,82990.0
SLBC,2019-04-30,2.0,74000.0
SMBC,2019-04-30,10000.0,48500000.0
STBC,2019-04-30,420.0,516600.0
UNXC,2019-04-30,77.0,192850.0
CIEC,2019-04-30,4909.0,6627150.0
ONTBF,2019-04-30,2720.0,11910000.0
SDCC,2019-04-30,9.0,28755.0
SNTS,2019-04-30,751.0,14498215.0
BICC,2019-04-30,30.0,127000.0
BOAB,2019-04-30,616.0,2627255.0
BOABF,2019-04-30,15.0,66150.0
BOAC,2019-04-30,1873.0,6872195.0
BOAM,2019-04-30,438.0,1304410.0
BOAN,2019-04-30,8151.0,36679500.0
BOAS,2019-04-30,5498.0,9870240.0
CBIBF,2019-04-30,830.0,6432125.0
ECOC,2019-04-30,42.0,149100.0
ETIT,2019-04-30,442544.0,7965792.0
NSBC,2019-04-30,330.0,1287050.0
ORGT,2019-04-30,10614.0,48960105.0
SGBC,2019-04-30,12481.0,99848095.0
SIBC,2019-04-30,217.0,607600.0
SDSC,2019-04-30,743.0,1308785.0
PALC,2019-04-30,26.0,31500.0
SCRC,2019-04-30,110.0,99785.0
SOGC,2019-04-30,1597.0,3784890.0
ABJC,2019-04-30,173.0,302750.0
CFAC,2019-04-30,5.0,2700.0
PRSC,2019-04-30,1.0,119500.0
SHEC,2019-04-30,144.0,148700.0
TTLC,2019-04-30,4345.0,6649175.0
TTLS,2019-04-30,791.0,1140380.0
STAC,2019-04-30,300.0,54000.0
FTSC,2019-05-31,271.0,387020.0
NEIC,2019-05-31,370.0,88800.0
NTLC,2019-05-31,1.0,945.0
SIVC,2019-05-31,429.0,178530.0
SLBC,2019-05-31,50.0,1585000.0
SMBC,2019-05-31,2586.0,11640000.0
UNLC,2019-05-31,8.0,36000.0
UNXC,2019-05-31,36.0,88920.0
CIEC,2019-05-31,8814.0,12910200.0
ONTBF,2019-05-31,3361.0,13657730.0
SDCC,2019-05-31,31.0,98580.0
SNTS,2019-05-31,8809.0,149424820.0
BICC,2019-05-31,1977.0,8473900.0
BOAB,2019-05-31,555.0,1859400.0
BOABF,2019-05-31,120.0,451400.0
BOAC,2019-05-31,48.0,143240.0
BOAN,2019-05-31,2041.0,7328950.0
BOAS,2019-05-31,3738.0,5814880.0
CBIBF,2019-05-31,415.0,3173475.0
ECOC,2019-05-31,2168.0,6936600.0
ETIT,2019-05-31,452.0,8136.0
NSBC,2019-05-31,116.0,434875.0
ORGT,2019-05-31,423.0,1733055.0
SGBC,2019-05-31,82.0,698100.0
SIBC,2019-05-31,1288.0,3674190.0
SDSC,2019-05-31,2760.0,5108650.0
PALC,2019-05-31,73.0,90885.0
SCRC,2019-05-31,133.0,108340.0
SOGC,2019-05-31,579.0,1158000.0
ABJC,2019-05-31,27.0,37950.0
BNBC,2019-05-31,10.0,18490.0
CFAC,2019-05-31,3.0,1650.0
PRSC,2019-05-31,1.0,119000.0
SHEC,2019-05-31,68.0,63155.0
TTLC,2019-05-31,173.0,247390.0
TTLS,2019-05-31,1.0,1445.0
STAC,2019-05-31,1303.0,234540.0
CABC,2019-06-28,54.0,51300.0
FTSC,2019-06-28,37.0,51740.0
NEIC,2019-06-28,230.0,67850.0
NTLC,2019-06-28,95.0,68350.0
SEMC,2019-06-28,622.0,133730.0
SIVC,2019-06-28,15.0,6150.0
SLBC,2019-06-28,72.0,2322000.0
SMBC,2019-06-28,67.0,285085.0
UNXC,2019-06-28,512.0,1202230.0
CIEC,2019-06-28,2528.0,3379005.0
ONTBF,2019-06-28,19902.0,78963910.0
SDCC,2019-06-28,80.0,244000.0
SNTS,2019-06-28,57494.0,948665730.0
BICC,2019-06-28,150.0,675000.0
BOAB,2019-06-28,1905.0,6093200.0
BOABF,2019-06-28,153.0,604850.0
BOAC,2019-06-28,119.0,344700.0
BOAM,2019-06-28,1297.0,2505775.0
BOAN,2019-06-28,472.0,1620900.0
BOAS,2019-06-28,1178.0,1917765.0
CBIBF,2019-06-28,1599.0,12935230.0
ECOC,2019-06-28,1545.0,5022245.0
ETIT,2019-06-28,19148.0,324933.0
NSBC,2019-06-28,174.0,602900.0
SGBC,2019-06-28,666.0,5951450.0
SIBC,2019-06-28,2982.0,8296670.0
SDSC,2019-06-28,4772.0,6903540.0
PALC,2019-06-28,158.0,181410.0
SCRC,2019-06-28,204.0,150960.0
SOGC,2019-06-28,8803.0,17805035.0
SPHC,2019-06-28,42.0,90340.0
ABJC,2019-06-28,179.0,220780.0
BNBC,2019-06-28,17077.0,30909410.0
CFAC,2019-06-28,415.0,184675.0
SHEC,2019-06-28,216.0,191160.0
TTLC,2019-06-28,1010.0,1512875.0
TTLS,2019-06-28,264.0,352490.0
STAC,2019-06-28,400.0,68000.0
CABC,2019-07-31,548.0,495940.0
FTSC,2019-07-31,101.0,141415.0
NTLC,2019-07-31,25.0,17750.0
SEMC,2019-07-31,10.0,2100.0
SIVC,2019-07-31,736.0,276000.0
STBC,2019-07-31,6418.0,6418000.0
UNXC,2019-07-31,2724.0,5507970.0
CIEC,2019-07-31,5582.0,7620780.0
ONTBF,2019-07-31,3086.0,11915915.0
SDCC,2019-07-31,60.0,202600.0
SNTS,2019-07-31,1054.0,17875525.0
BOAB,2019-07-31,170.0,588505.0
BOABF,2019-07-31,123.0,468810.0
BOAC,2019-07-31,126.0,357870.0
BOAM,2019-07-31,3.0,6435.0
BOAN,2019-07-31,1.0,3400.0
BOAS,2019-07-31,647.0,1080890.0
CBIBF,2019-07-31,158.0,1168650.0
ECOC,2019-07-31,5853.0,17738630.0
ETIT,2019-07-31,861548.0,14657426.0
NSBC,2019-07-31,145.0,478100.0
ORGT,2019-07-31,821.0,3268940.0
SAFC,2019-07-31,2.0,1080.0
SGBC,2019-07-31,717.0,6388610.0
SIBC,2019-07-31,1453.0,3632130.0
SDSC,2019-07-31,565.0,822550.0
PALC,2019-07-31,220.0,220350.0
SCRC,2019-07-31,170.0,115750.0
SOGC,2019-07-31,395.0,764725.0
SPHC,2019-07-31,25.0,47500.0
ABJC,2019-07-31,74.0,82975.0
BNBC,2019-07-31,11.0,18150.0
CFAC,2019-07-31,30.0,12900.0
SHEC,2019-07-31,115.0,97600.0
TTLC,2019-07-31,1370.0,1946450.0
TTLS,2019-07-31,1074.0,1529595.0
SLBC,2019-08-30,1.0,43000.0
STBC,2019-08-30,800.0,680000.0
UNXC,2019-08-30,112.0,224705.0
CIEC,2019-08-30,15.0,20100.0
ONTBF,2019-08-30,4439.0,17039385.0
SNTS,2019-08-30,405.0,6636295.0
BICC,2019-08-30,30.0,117600.0
BOAB,2019-08-30,60.0,219000.0
BOABF,2019-08-30,3062.0,11635325.0
BOAC,2019-08-30,168.0,466200.0
BOAN,2019-08-30,444.0,1509000.0
BOAS,2019-08-30,728.0,1237600.0
CBIBF,2019-08-30,75.0,555000.0
ECOC,2019-08-30,146.0,435810.0
ETIT,2019-08-30,33087.0,498305.0
NSBC,2019-08-30,12.0,38400.0
ORGT,2019-08-30,1580.0,6308550.0
SIBC,2019-08-30,130.0,310150.0
SDSC,2019-08-30,50.0,75000.0
PALC,2019-08-30,10.0,10000.0
SCRC,2019-08-30,338.0,221390.0
ABJC,2019-08-30,10.0,11400.0
CFAC,2019-08-30,445.0,192600.0
SHEC,2019-08-30,308.0,252680.0
TTLC,2019-08-30,11.0,14575.0
TTLS,2019-08-30,637.0,904540.0
CABC,2019-09-30,4507.0,3838050.0
FTSC,2019-09-30,289.0,289000.0
NEIC,2019-09-30,2888.0,737540.0
NTLC,2019-09-30,25.0,15050.0
SMBC,2019-09-30,24.0,87700.0
UNXC,2019-09-30,5423.0,8872005.0
CIEC,2019-09-30,300.0,382500.0
ONTBF,2019-09-30,1829.0,5476110.0
SDCC,2019-09-30,200.0,560000.0
SNTS,2019-09-30,7566.0,113701240.0
BICC,2019-09-30,741.0,3812445.0
BOAB,2019-09-30,212.0,753535.0
BOABF,2019-09-30,253.0,911190.0
BOAC,2019-09-30,328.0,844600.0
BOAM,2019-09-30,798.0,1088480.0
BOAN,2019-09-30,290.0,929950.0
BOAS,2019-09-30,1200.0,1906410.0
CBIBF,2019-09-30,12.0,88800.0
ECOC,2019-09-30,2306.0,6054650.0
ETIT,2019-09-30,4647.0,74352.0
NSBC,2019-09-30,492.0,1456990.0
ORGT,2019-09-30,241.0,950545.0
SGBC,2019-09-30,2379.0,19029000.0
SIBC,2019-09-30,1090.0,2551500.0
SDSC,2019-09-30,390.0,546000.0
SCRC,2019-09-30,21.0,13920.0
SOGC,2019-09-30,2778.0,5676700.0
SPHC,2019-09-30,1600.0,1856000.0
ABJC,2019-09-30,2135.0,2323450.0
BNBC,2019-09-30,950.0,1225500.0
CFAC,2019-09-30,13254.0,4805105.0
SHEC,2019-09-30,155.0,120055.0
TTLC,2019-09-30,406.0,537765.0
TTLS,2019-09-30,1496.0,1916995.0
CABC,2019-10-31,60.0,39000.0
NEIC,2019-10-31,20.0,3200.0
NTLC,2019-10-31,10.0,4600.0
SEMC,2019-10-31,220.0,30800.0
UNXC,2019-10-31,20.0,32000.0
ONTBF,2019-10-31,1155.0,3343900.0
SDCC,2019-10-31,7.0,19950.0
SNTS,2019-10-31,64.0,959665.0
BICC,2019-10-31,25.0,138750.0
BOAB,2019-10-31,17.0,62625.0
BOABF,2019-10-31,200.0,730000.0
BOAC,2019-10-31,71.0,182750.0
BOAM,2019-10-31,3.0,2775.0
BOAN,2019-10-31,256.0,771625.0
BOAS,2019-10-31,300.0,479300.0
ECOC,2019-10-31,483.0,1422700.0
ETIT,2019-10-31,1200.0,18000.0
NSBC,2019-10-31,25.0,82500.0
ORGT,2019-10-31,5.0,19825.0
SGBC,2019-10-31,3472.0,27080385.0
SIBC,2019-10-31,385.0,958450.0
SDSC,2019-10-31,138.0,191700.0
PALC,2019-10-31,1153.0,1063070.0
SCRC,2019-10-31,134.0,80400.0
SICC,2019-10-31,1.0,2900.0
SOGC,2019-10-31,10000.0,18500000.0
BNBC,2019-10-31,190.0,170450.0
CFAC,2019-10-31,70.0,30800.0
SHEC,2019-10-31,1470.0,1098800.0
TTLC,2019-10-31,11280.0,13988950.0
TTLS,2019-10-31,1139.0,1458750.0
FTSC,2019-11-29,225.0,180000.0
NEIC,2019-11-29,1.0,160.0
NTLC,2019-11-29,103.0,42730.0
SMBC,2019-11-29,160.0,415975.0
UNXC,2019-11-29,103.0,149260.0
CIEC,2019-11-29,1133.0,1472525.0
ONTBF,2019-11-29,400.0,1099690.0
SDCC,2019-11-29,1000.0,2828100.0
SNTS,2019-11-29,499.0,7334530.0
BOAB,2019-11-29,48.0,177825.0
BOABF,2019-11-29,6.0,18915.0
BOAC,2019-11-29,11750.0,31959325.0
BOAM,2019-11-29,241.0,287790.0
BOAN,2019-11-29,310.0,868000.0
BOAS,2019-11-29,1419.0,2233325.0
CBIBF,2019-11-29,1428.0,11136300.0
ECOC,2019-11-29,2402.0,6665980.0
ETIT,2019-11-29,39402.0,551628.0
NSBC,2019-11-29,9500.0,32462895.0
ORGT,2019-11-29,242.0,955915.0
SGBC,2019-11-29,110674.0,863257200.0
SIBC,2019-11-29,3446.0,9084335.0
SDSC,2019-11-29,1619.0,2250410.0
PALC,2019-11-29,125.0,112760.0
SCRC,2019-11-29,20.0,11900.0
SOGC,2019-11-29,1015.0,1927450.0
SPHC,2019-11-29,100.0,98000.0
ABJC,2019-11-29,3.0,3885.0
BNBC,2019-11-29,3670.0,2752000.0
PRSC,2019-11-29,10.0,27000.0
SHEC,2019-11-29,1744.0,1220685.0
TTLC,2019-11-29,2098.0,2737725.0
TTLS,2019-11-29,4869.0,6499940.0
CABC,2019-12-31,3875.0,2421555.0
FTSC,2019-12-31,44697.0,77102325.0
SIVC,2019-12-31,77.0,14245.0
SMBC,2019-12-31,813.0,2032500.0
UNXC,2019-12-31,21355.0,34004985.0
CIEC,2019-12-31,317491.0,507837250.0
ONTBF,2019-12-31,586.0,1595110.0
SDCC,2019-12-31,5.0,14000.0
SNTS,2019-12-31,23869.0,403292395.0
BICC,2019-12-31,6106.0,41520800.0
BOAB,2019-12-31,842.0,3065830.0
BOABF,2019-12-31,2173.0,8202195.0
BOAC,2019-12-31,5025.0,20073625.0
BOAM,2019-12-31,1746.0,2102150.0
BOAN,2019-12-31,4334.0,14599105.0
BOAS,2019-12-31,5558.0,8614255.0
CBIBF,2019-12-31,861.0,6845970.0
ECOC,2019-12-31,6685.0,26400160.0
ETIT,2019-12-31,150.0,2100.0
NSBC,2019-12-31,33106.0,212905635.0
ORGT,2019-12-31,14587.0,59028860.0
SGBC,2019-12-31,2625.0,20162220.0
SIBC,2019-12-31,2007.0,5610760.0
SDSC,2019-12-31,8503.0,11904500.0
PALC,2019-12-31,8877.0,16156140.0
SCRC,2019-12-31,1245.0,750225.0
SOGC,2019-12-31,8541.0,22007700.0
SPHC,2019-12-31,1490.0,1951900.0
ABJC,2019-12-31,605.0,758075.0
BNBC,2019-12-31,416.0,291200.0
CFAC,2019-12-31,119895.0,49831195.0
PRSC,2019-12-31,222.0,598290.0
SHEC,2019-12-31,12861.0,10272720.0
TTLC,2019-12-31,76444.0,128436755.0
TTLS,2019-12-31,1938137.0,3294777380.0
CABC,2020-01-31,1222.0,785925.0
FTSC,2020-01-31,2.0,2400.0
NEIC,2020-01-31,1017.0,162720.0
NTLC,2020-01-31,165.0,50325.0
SEMC,2020-01-31,205.0,25625.0
SIVC,2020-01-31,142.0,34080.0
SLBC,2020-01-31,5.0,213500.0
SMBC,2020-01-31,1276.0,4338575.0
UNXC,2020-01-31,3291.0,6417850.0
CIEC,2020-01-31,85.0,118575.0
ONTBF,2020-01-31,445.0,1267155.0
SDCC,2020-01-31,347.0,1110400.0
SNTS,2020-01-31,2672.0,41537325.0
BOAB,2020-01-31,2185.0,8519250.0
BOABF,2020-01-31,443.0,1724400.0
BOAC,2020-01-31,536.0,1860300.0
BOAM,2020-01-31,490.0,603800.0
BOAN,2020-01-31,58.0,209400.0
BOAS,2020-01-31,18195.0,30456435.0
CBIBF,2020-01-31,1549.0,12083950.0
ECOC,2020-01-31,1846.0,5911820.0
ETIT,2020-01-31,444755.0,5781815.0
ORGT,2020-01-31,67.0,271350.0
SGBC,2020-01-31,382.0,3156085.0
SIBC,2020-01-31,966.0,2628025.0
SDSC,2020-01-31,8773.0,16631645.0
PALC,2020-01-31,2342.0,5431160.0
SCRC,2020-01-31,1273.0,884335.0
SOGC,2020-01-31,121.0,309260.0
SPHC,2020-01-31,100.0,163500.0
ABJC,2020-01-31,1757.0,2636835.0
BNBC,2020-01-31,10.0,7400.0
CFAC,2020-01-31,490.0,227850.0
SHEC,2020-01-31,692.0,596145.0
TTLC,2020-01-31,693.0,968900.0
TTLS,2020-01-31,135.0,201835.0
STAC,2020-01-31,10.0,2900.0
CABC,2020-02-28,203.0,121725.0
FTSC,2020-02-28,103.0,116800.0
NEIC,2020-02-28,50.0,6750.0
NTLC,2020-02-28,115.0,32200.0
SEMC,2020-02-28,180.0,21100.0
SIVC,2020-02-28,145.0,33350.0
SMBC,2020-02-28,1021.0,3057895.0
UNXC,2020-02-28,975.0,1357500.0
CIEC,2020-02-28,96.0,129835.0
ONTBF,2020-02-28,167.0,468060.0
SDCC,2020-02-28,769.0,2190400.0
SNTS,2020-02-28,1417.0,21254075.0
BOAB,2020-02-28,93.0,350425.0
BOABF,2020-02-28,104.0,385300.0
BOAC,2020-02-28,50.0,162500.0
BOAN,2020-02-28,6.0,21000.0
BOAS,2020-02-28,448.0,686320.0
CBIBF,2020-02-28,39.0,304005.0
ECOC,2020-02-28,40.0,120000.0
ETIT,2020-02-28,4090.0,53170.0
NSBC,2020-02-28,35.0,129325.0
ORGT,2020-02-28,55.0,209425.0
SGBC,2020-02-28,1406.0,12168930.0
SIBC,2020-02-28,2243.0,5871145.0
SDSC,2020-02-28,21139.0,40656880.0
SCRC,2020-02-28,157.0,93850.0
SOGC,2020-02-28,77.0,162545.0
SPHC,2020-02-28,45.0,60300.0
ABJC,2020-02-28,5.0,6775.0
BNBC,2020-02-28,348.0,244890.0
PRSC,2020-02-28,45.0,150225.0
SHEC,2020-02-28,93.0,75080.0
TTLC,2020-02-28,1406.0,2038725.0
TTLS,2020-02-28,5.0,7500.0
CABC,2020-03-31,180.0,107200.0
FTSC,2020-03-31,10.0,10000.0
NEIC,2020-03-31,75.0,10500.0
NTLC,2020-03-31,2100.0,504000.0
SIVC,2020-03-31,293.0,67460.0
SLBC,2020-03-31,20.0,902000.0
STBC,2020-03-31,224.0,109000.0
UNXC,2020-03-31,206.0,282070.0
CIEC,2020-03-31,772.0,1002500.0
ONTBF,2020-03-31,136.0,435200.0
SDCC,2020-03-31,70.0,195550.0
SNTS,2020-03-31,7364.0,95538125.0
BICC,2020-03-31,1250.0,5125000.0
BOAB,2020-03-31,1708.0,5925070.0
BOABF,2020-03-31,191.0,665855.0
BOAC,2020-03-31,410.0,1264975.0
BOAM,2020-03-31,684.0,564755.0
BOAN,2020-03-31,111.0,395800.0
BOAS,2020-03-31,1469.0,2202900.0
CBIBF,2020-03-31,495.0,3753010.0
ECOC,2020-03-31,815.0,2400645.0
ETIT,2020-03-31,69175.0,899275.0
NSBC,2020-03-31,435.0,1307475.0
ORGT,2020-03-31,1584.0,6114700.0
SGBC,2020-03-31,5.0,39700.0
SIBC,2020-03-31,1578.0,4045860.0
SDSC,2020-03-31,1146.0,1603080.0
PALC,2020-03-31,12.0,14390.0
SPHC,2020-03-31,3135.0,4122525.0
ABJC,2020-03-31,1112.0,1059800.0
BNBC,2020-03-31,80.0,54400.0
CFAC,2020-03-31,765.0,306890.0
PRSC,2020-03-31,964.0,2888500.0
SHEC,2020-03-31,50.0,37500.0
TTLC,2020-03-31,314.0,393050.0
TTLS,2020-03-31,525.0,682500.0
CABC,2020-04-30,225.0,146250.0
FTSC,2020-04-30,28319.0,22992640.0
NEIC,2020-04-30,15.0,1800.0
SEMC,2020-04-30,100.0,12500.0
SMBC,2020-04-30,180.0,456300.0
STBC,2020-04-30,1.0,525.0
UNXC,2020-04-30,2796.0,3530240.0
ONTBF,2020-04-30,5801.0,18911010.0
SNTS,2020-04-30,2002.0,27828000.0
BICC,2020-04-30,22.0,67430.0
BOAB,2020-04-30,926.0,3425930.0
BOABF,2020-04-30,875.0,2907100.0
BOAC,2020-04-30,4848.0,16240735.0
BOAM,2020-04-30,2008.0,1907680.0
BOAN,2020-04-30,261.0,998050.0
BOAS,2020-04-30,3505.0,5432750.0
CBIBF,2020-04-30,15.0,113950.0
ECOC,2020-04-30,380.0,1159000.0
ETIT,2020-04-30,120.0,1560.0
NSBC,2020-04-30,40.0,124000.0
SIBC,2020-04-30,3182.0,8304115.0
SDSC,2020-04-30,340.0,567800.0
PALC,2020-04-30,2.0,2200.0
SCRC,2020-04-30,7159.0,4008785.0
SOGC,2020-04-30,1000.0,1800000.0
ABJC,2020-04-30,1075.0,1128790.0
BNBC,2020-04-30,120.0,90000.0
CFAC,2020-04-30,1500.0,585000.0
SHEC,2020-04-30,6104.0,3789455.0
TTLC,2020-04-30,226.0,273500.0
TTLS,2020-04-30,3144.0,4244400.0
CABC,2020-05-29,1725.0,1538955.0
FTSC,2020-05-29,150.0,146250.0
NTLC,2020-05-29,669.0,217445.0
SEMC,2020-05-29,225.0,24750.0
SIVC,2020-05-29,2.0,420.0
SMBC,2020-05-29,14.0,36050.0
UNXC,2020-05-29,1786.0,1884840.0
CIEC,2020-05-29,584.0,727080.0
ONTBF,2020-05-29,1990.0,6673560.0
SDCC,2020-05-29,4.0,11780.0
SNTS,2020-05-29,25126.0,338595745.0
BOAB,2020-05-29,1180.0,3694260.0
BOABF,2020-05-29,405.0,1293500.0
BOAC,2020-05-29,644.0,2156625.0
BOAM,2020-05-29,230.0,228850.0
BOAN,2020-05-29,884.0,3093410.0
BOAS,2020-05-29,8682.0,13422385.0
ECOC,2020-05-29,1126.0,3495050.0
ETIT,2020-05-29,13401.0,174213.0
NSBC,2020-05-29,30.0,96000.0
ORGT,2020-05-29,18.0,70200.0
SGBC,2020-05-29,100.0,779000.0
SIBC,2020-05-29,3128.0,7836805.0
SDSC,2020-05-29,7.0,9800.0
SCRC,2020-05-29,1495.0,813395.0
SOGC,2020-05-29,138.0,234480.0
ABJC,2020-05-29,1087.0,1085500.0
CFAC,2020-05-29,25.0,9770.0
SHEC,2020-05-29,18541.0,10716710.0
TTLC,2020-05-29,280.0,350000.0
TTLS,2020-05-29,282.0,394300.0
CABC,2020-06-30,1021.0,837220.0
FTSC,2020-06-30,2405.0,3248450.0
NEIC,2020-06-30,5765.0,725050.0
SIVC,2020-06-30,201.0,50235.0
SLBC,2020-06-30,5.0,227500.0
SMBC,2020-06-30,521.0,1501625.0
STBC,2020-06-30,1150.0,667000.0
UNXC,2020-06-30,9852.0,9947725.0
CIEC,2020-06-30,3760.0,4523775.0
ONTBF,2020-06-30,3764.0,11251760.0
SDCC,2020-06-30,1259.0,4006010.0
SNTS,2020-06-30,1522.0,19767150.0
BICC,2020-06-30,210.0,901950.0
BOAB,2020-06-30,7963.0,29022305.0
BOABF,2020-06-30,1045.0,3615470.0
BOAC,2020-06-30,3190.0,10023550.0
BOAM,2020-06-30,370.0,407000.0
BOAN,2020-06-30,2120.0,7885180.0
BOAS,2020-06-30,5935.0,8858475.0
CBIBF,2020-06-30,160.0,1224000.0
ECOC,2020-06-30,2079.0,7069160.0
ETIT,2020-06-30,2652.0,34476.0
NSBC,2020-06-30,3174.0,11743800.0
SGBC,2020-06-30,342.0,2619950.0
SIBC,2020-06-30,3656.0,8920475.0
SDSC,2020-06-30,3560.0,4871820.0
PALC,2020-06-30,490.0,608305.0
SCRC,2020-06-30,459.0,247910.0
SOGC,2020-06-30,295.0,562550.0
ABJC,2020-06-30,2106.0,2292790.0
CFAC,2020-06-30,21454.0,10389435.0
SHEC,2020-06-30,5105.0,3319250.0
TTLC,2020-06-30,1055.0,1483975.0
TTLS,2020-06-30,364.0,511420.0
CABC,2020-07-30,7633.0,5722255.0
FTSC,2020-07-30,7140.0,9047800.0
NEIC,2020-07-30,145.0,18850.0
NTLC,2020-07-30,20.0,6000.0
SEMC,2020-07-30,40.0,6400.0
SIVC,2020-07-30,15.0,3375.0
UNXC,2020-07-30,2269.0,2132980.0
CIEC,2020-07-30,1021.0,1301310.0
ONTBF,2020-07-30,1199.0,3336765.0
SNTS,2020-07-30,3307.0,39764920.0
BICC,2020-07-30,109.0,531650.0
BOAB,2020-07-30,1161.0,4045335.0
BOABF,2020-07-30,701.0,2243200.0
BOAC,2020-07-30,266.0,794000.0
BOAM,2020-07-30,85.0,83500.0
BOAN,2020-07-30,730.0,2482000.0
BOAS,2020-07-30,396.0,552920.0
CBIBF,2020-07-30,145.0,1044500.0
ECOC,2020-07-30,1886.0,5465650.0
NSBC,2020-07-30,357.0,1280700.0
ORGT,2020-07-30,1000.0,3800000.0
SGBC,2020-07-30,292.0,2227475.0
SIBC,2020-07-30,2202.0,5459760.0
SDSC,2020-07-30,1200.0,1560000.0
PALC,2020-07-30,200.0,232000.0
SCRC,2020-07-30,284.0,142000.0
SICC,2020-07-30,1.0,1760.0
SOGC,2020-07-30,210.0,315000.0
SPHC,2020-07-30,35.0,35700.0
ABJC,2020-07-30,1034.0,1137330.0
BNBC,2020-07-30,407.0,284650.0
SHEC,2020-07-30,532.0,324520.0
TTLC,2020-07-30,1301.0,1759040.0
TTLS,2020-07-30,790.0,1018750.0
CABC,2020-08-31,1376.0,1196520.0
FTSC,2020-08-31,1236.0,1460355.0
SIVC,2020-08-31,2393.0,418775.0
SLBC,2020-08-31,2.0,91000.0
STBC,2020-08-31,1000.0,530000.0
UNXC,2020-08-31,16947.0,16138590.0
CIEC,2020-08-31,9490.0,10856380.0
ONTBF,2020-08-31,3118.0,9068360.0
SDCC,2020-08-31,181.0,543130.0
SNTS,2020-08-31,1110.0,13817995.0
BICC,2020-08-31,3972.0,19730945.0
BOAB,2020-08-31,2321.0,8120350.0
BOABF,2020-08-31,467.0,1530150.0
BOAC,2020-08-31,1978.0,5558530.0
BOAM,2020-08-31,258.0,250170.0
BOAN,2020-08-31,830.0,2888645.0
BOAS,2020-08-31,3459.0,4588085.0
CBIBF,2020-08-31,1334.0,9618110.0
ECOC,2020-08-31,376.0,1062375.0
NSBC,2020-08-31,3185.0,10496265.0
ORGT,2020-08-31,15178.0,59972970.0
SGBC,2020-08-31,310.0,2136730.0
SIBC,2020-08-31,684.0,1680865.0
SDSC,2020-08-31,3820.0,4770830.0
SCRC,2020-08-31,196.0,91380.0
SOGC,2020-08-31,1409.0,2654080.0
SPHC,2020-08-31,2589.0,3368220.0
ABJC,2020-08-31,254.0,249985.0
SHEC,2020-08-31,4011.0,2268460.0
TTLC,2020-08-31,4966.0,6441550.0
TTLS,2020-08-31,1030.0,1317830.0
STAC,2020-08-31,22627.0,4175800.0
CABC,2020-09-30,108.0,94800.0
FTSC,2020-09-30,341.0,383630.0
NEIC,2020-09-30,350.0,52500.0
NTLC,2020-09-30,500.0,137100.0
SEMC,2020-09-30,200.0,27000.0
SLBC,2020-09-30,2.0,92000.0
UNXC,2020-09-30,175.0,132125.0
CIEC,2020-09-30,3428.0,3837795.0
ONTBF,2020-09-30,6973.0,18877585.0
SDCC,2020-09-30,41.0,114720.0
SNTS,2020-09-30,3414.0,39379365.0
BOAB,2020-09-30,2428.0,8241740.0
BOABF,2020-09-30,375.0,1195120.0
BOAC,2020-09-30,201.0,563810.0
BOAM,2020-09-30,225.0,203875.0
BOAS,2020-09-30,3843.0,5486040.0
CBIBF,2020-09-30,152.0,1132100.0
ECOC,2020-09-30,1092.0,3310610.0
ETIT,2020-09-30,5942.0,77246.0
NSBC,2020-09-30,118.0,383305.0
SGBC,2020-09-30,215.0,1360470.0
SIBC,2020-09-30,515.0,1336500.0
SDSC,2020-09-30,277.0,328245.0
SCRC,2020-09-30,82.0,37000.0
SOGC,2020-09-30,59.0,107675.0
SPHC,2020-09-30,70.0,91000.0
ABJC,2020-09-30,120.0,102000.0
BNBC,2020-09-30,1000.0,545000.0
CFAC,2020-09-30,15.0,5475.0
SHEC,2020-09-30,590.0,349970.0
TTLC,2020-09-30,372.0,472340.0
TTLS,2020-09-30,3421.0,4284950.0
STAC,2020-09-30,21552.0,5926770.0
CABC,2020-10-30,1181.0,1311360.0
FTSC,2020-10-30,56156.0,68572560.0
NEIC,2020-10-30,6621.0,1002755.0
NTLC,2020-10-30,3.0,795.0
SEMC,2020-10-30,5.0,675.0
SIVC,2020-10-30,153.0,28305.0
SMBC,2020-10-30,51.0,163200.0
STBC,2020-10-30,1080.0,528850.0
UNXC,2020-10-30,5468.0,4404760.0
CIEC,2020-10-30,8269.0,9102595.0
ONTBF,2020-10-30,18232.0,51288615.0
SDCC,2020-10-30,6298.0,17004600.0
SNTS,2020-10-30,2942.0,32479290.0
BOAB,2020-10-30,400.0,1393395.0
BOABF,2020-10-30,80.0,256800.0
BOAC,2020-10-30,4570.0,12811050.0
BOAM,2020-10-30,1255.0,1315915.0
BOAN,2020-10-30,1447.0,4805335.0
BOAS,2020-10-30,200.0,270000.0
CBIBF,2020-10-30,562.0,4044255.0
ECOC,2020-10-30,1378.0,4581700.0
ETIT,2020-10-30,20100.0,261300.0
NSBC,2020-10-30,730.0,2906565.0
SGBC,2020-10-30,3731.0,24970310.0
SIBC,2020-10-30,388.0,967385.0
SDSC,2020-10-30,1987.0,2523490.0
PALC,2020-10-30,18.0,26200.0
SCRC,2020-10-30,150.0,67500.0
SOGC,2020-10-30,1083.0,2130450.0
SPHC,2020-10-30,247.0,331010.0
ABJC,2020-10-30,97.0,80025.0
CFAC,2020-10-30,12.0,4200.0
SHEC,2020-10-30,349.0,209910.0
TTLC,2020-10-30,401.0,477075.0
TTLS,2020-10-30,1101.0,1405465.0
CABC,2020-11-30,46.0,47990.0
NEIC,2020-11-30,1450.0,182050.0
NTLC,2020-11-30,31.0,9770.0
SIVC,2020-11-30,17.0,3400.0
SMBC,2020-11-30,24.0,74100.0
UNXC,2020-11-30,440.0,470650.0
CIEC,2020-11-30,420.0,575400.0
ONTBF,2020-11-30,2435.0,6687810.0
SDCC,2020-11-30,385.0,1039500.0
SNTS,2020-11-30,26422.0,296168450.0
BOAB,2020-11-30,126.0,459250.0
BOABF,2020-11-30,4510.0,14434250.0
BOAC,2020-11-30,2480.0,7931400.0
BOAM,2020-11-30,659.0,719470.0
BOAN,2020-11-30,30.0,99150.0
BOAS,2020-11-30,599.0,796950.0
CBIBF,2020-11-30,3.0,22500.0
ECOC,2020-11-30,84.0,280810.0
ETIT,2020-11-30,930.0,12090.0
NSBC,2020-11-30,1810.0,9489220.0
ORGT,2020-11-30,71.0,272335.0
SGBC,2020-11-30,400.0,3246030.0
SIBC,2020-11-30,373.0,977445.0
SDSC,2020-11-30,2037.0,2596775.0
PALC,2020-11-30,30.0,48000.0
SCRC,2020-11-30,310.0,155000.0
SICC,2020-11-30,10.0,15200.0
SPHC,2020-11-30,40.0,55600.0
BNBC,2020-11-30,2.0,1200.0
SHEC,2020-11-30,796.0,477600.0
TTLC,2020-11-30,60.0,71325.0
CABC,2020-12-31,600.0,605000.0
FTSC,2020-12-31,50000.0,80500000.0
NEIC,2020-12-31,1200.0,275000.0
NTLC,2020-12-31,50.0,16000.0
SEMC,2020-12-31,647.0,122950.0
SIVC,2020-12-31,15.0,2775.0
SMBC,2020-12-31,100.0,308000.0
UNXC,2020-12-31,157.0,157000.0
CIEC,2020-12-31,2980.0,4452900.0
ONTBF,2020-12-31,300.0,859500.0
SDCC,2020-12-31,2000.0,5980000.0
SNTS,2020-12-31,65366.0,882240170.0
BICC,2020-12-31,34080.0,226265580.0
BOAB,2020-12-31,10002.0,36957200.0
BOABF,2020-12-31,6530.0,24195530.0
BOAC,2020-12-31,31460.0,115613200.0
BOAM,2020-12-31,1575.0,1772450.0
BOAN,2020-12-31,6018.0,21013500.0
BOAS,2020-12-31,20310.0,30304500.0
CBIBF,2020-12-31,2495.0,19842530.0
ECOC,2020-12-31,1050022.0,4266649310.0
NSBC,2020-12-31,10000.0,60000000.0
ORGT,2020-12-31,22947.0,92718650.0
SGBC,2020-12-31,1003.0,8117530.0
SIBC,2020-12-31,14740.0,39135515.0
SDSC,2020-12-31,10000.0,15480820.0
PALC,2020-12-31,2500.0,5625000.0
SCRC,2020-12-31,936.0,454580.0
SOGC,2020-12-31,5015.0,11768720.0
SPHC,2020-12-31,315.0,440250.0
ABJC,2020-12-31,7.0,8680.0
BNBC,2020-12-31,617.0,369475.0
CFAC,2020-12-31,799.0,287640.0
PRSC,2020-12-31,454.0,996530.0
SHEC,2020-12-31,1725.0,1035000.0
TTLC,2020-12-31,15006.0,23859540.0
TTLS,2020-12-31,3756.0,6646550.0
STAC,2020-12-31,2620.0,764040.0
CABC,2021-01-29,30.0,34350.0
FTSC,2021-01-29,948.0,1283780.0
NEIC,2021-01-29,2850.0,612750.0
NTLC,2021-01-29,105.0,68930.0
SEMC,2021-01-29,105.0,25695.0
SIVC,2021-01-29,200.0,41000.0
SMBC,2021-01-29,670.0,2575530.0
UNXC,2021-01-29,302.0,317090.0
CIEC,2021-01-29,1589.0,2356640.0
ONTBF,2021-01-29,19847.0,59456125.0
SDCC,2021-01-29,874.0,2618770.0
SNTS,2021-01-29,93927.0,1034679300.0
BICC,2021-01-29,50.0,280800.0
BOAB,2021-01-29,2007.0,7901100.0
BOABF,2021-01-29,311.0,1147590.0
BOAC,2021-01-29,2058.0,6999800.0
BOAM,2021-01-29,2082.0,2498400.0
BOAN,2021-01-29,165.0,587750.0
BOAS,2021-01-29,750.0,1121375.0
ECOC,2021-01-29,1319.0,4358850.0
ETIT,2021-01-29,37780.0,491140.0
NSBC,2021-01-29,2.0,8800.0
ORGT,2021-01-29,860.0,3516500.0
SGBC,2021-01-29,303.0,2274235.0
SIBC,2021-01-29,811.0,2139425.0
SDSC,2021-01-29,884.0,1161395.0
PALC,2021-01-29,10.0,31500.0
SCRC,2021-01-29,2400.0,1365000.0
SOGC,2021-01-29,734.0,1740650.0
SPHC,2021-01-29,1.0,1495.0
ABJC,2021-01-29,5.0,5325.0
BNBC,2021-01-29,2871.0,1722705.0
CFAC,2021-01-29,455.0,182640.0
SHEC,2021-01-29,220.0,141900.0
TTLC,2021-01-29,637.0,815900.0
TTLS,2021-01-29,4471.0,5855800.0
CABC,2021-02-26,4350.0,5571660.0
FTSC,2021-02-26,250.0,362500.0
NTLC,2021-02-26,100.0,70500.0
SEMC,2021-02-26,2310.0,542850.0
SIVC,2021-02-26,1.0,205.0
SMBC,2021-02-26,240.0,908880.0
UNXC,2021-02-26,2100.0,2103500.0
CIEC,2021-02-26,150.0,210000.0
ONTBF,2021-02-26,6892.0,22431150.0
SDCC,2021-02-26,670.0,2105250.0
SNTS,2021-02-26,8285.0,102297345.0
BICC,2021-02-26,1692.0,7261645.0
BOAB,2021-02-26,1730.0,6912360.0
BOABF,2021-02-26,107.0,405850.0
BOAC,2021-02-26,1698.0,6090470.0
BOAM,2021-02-26,1018.0,1281420.0
BOAN,2021-02-26,1093.0,4064800.0
BOAS,2021-02-26,1.0,1450.0
CBIBF,2021-02-26,35.0,266000.0
ECOC,2021-02-26,323.0,1070150.0
ETIT,2021-02-26,225.0,2925.0
NSBC,2021-02-26,675.0,2362500.0
ORGT,2021-02-26,3350.0,12729000.0
SAFC,2021-02-26,1260.0,321300.0
SGBC,2021-02-26,1250.0,9822050.0
SIBC,2021-02-26,3274.0,8766585.0
SDSC,2021-02-26,14.0,19915.0
SCRC,2021-02-26,1130.0,568750.0
SOGC,2021-02-26,1446.0,3743005.0
SPHC,2021-02-26,800.0,1450520.0
ABJC,2021-02-26,290.0,271150.0
BNBC,2021-02-26,100.0,66000.0
CFAC,2021-02-26,110.0,40725.0
SHEC,2021-02-26,255.0,149175.0
TTLC,2021-02-26,330.0,424700.0
TTLS,2021-02-26,400.0,520000.0
CABC,2021-03-31,484.0,617025.0
FTSC,2021-03-31,820.0,1201805.0
NTLC,2021-03-31,100.0,62000.0
SIVC,2021-03-31,170.0,35700.0
SLBC,2021-03-31,2.0,112000.0
SMBC,2021-03-31,505.0,2080900.0
STBC,2021-03-31,26268.0,18387600.0
UNXC,2021-03-31,2045.0,1976335.0
CIEC,2021-03-31,790.0,1065605.0
ONTBF,2021-03-31,4202.0,14249945.0
SDCC,2021-03-31,9067.0,31058900.0
SNTS,2021-03-31,5792.0,74498140.0
BICC,2021-03-31,60.0,300300.0
BOAB,2021-03-31,1143.0,4571250.0
BOABF,2021-03-31,80.0,304000.0
BOAC,2021-03-31,1635.0,5994670.0
BOAM,2021-03-31,45.0,54450.0
BOAN,2021-03-31,2347.0,9035950.0
BOAS,2021-03-31,766.0,1164635.0
CBIBF,2021-03-31,165.0,1245965.0
ECOC,2021-03-31,2804.0,9386495.0
ETIT,2021-03-31,12100.0,157300.0
NSBC,2021-03-31,87.0,306975.0
SGBC,2021-03-31,1121.0,8960040.0
SIBC,2021-03-31,467.0,1296895.0
SDSC,2021-03-31,254.0,368300.0
PALC,2021-03-31,297.0,935350.0
SCRC,2021-03-31,833.0,457665.0
SOGC,2021-03-31,11971.0,34835605.0
SPHC,2021-03-31,731.0,1502250.0
ABJC,2021-03-31,176.0,162815.0
BNBC,2021-03-31,161.0,102530.0
CFAC,2021-03-31,50.0,21000.0
SHEC,2021-03-31,15484.0,9277850.0
TTLC,2021-03-31,536.0,656600.0
TTLS,2021-03-31,33.0,46035.0
CABC,2021-04-30,338.0,427630.0
FTSC,2021-04-30,4438.0,8210250.0
NEIC,2021-04-30,776.0,176980.0
NTLC,2021-04-30,498.0,507960.0
SEMC,2021-04-30,25.0,6875.0
SIVC,2021-04-30,104.0,22365.0
SMBC,2021-04-30,101.0,606950.0
STBC,2021-04-30,1100.0,1232000.0
UNXC,2021-04-30,4057.0,4183995.0
CIEC,2021-04-30,13017.0,19643100.0
ONTBF,2021-04-30,916.0,3120700.0
SDCC,2021-04-30,200.0,679235.0
SNTS,2021-04-30,8340.0,114293575.0
BICC,2021-04-30,1493.0,7622265.0
BOAB,2021-04-30,87.0,346800.0
BOABF,2021-04-30,172.0,635500.0
BOAC,2021-04-30,2774.0,10651500.0
BOAM,2021-04-30,5409.0,7437345.0
BOAN,2021-04-30,1770.0,6920490.0
BOAS,2021-04-30,321.0,505575.0
CBIBF,2021-04-30,367.0,2753125.0
ECOC,2021-04-30,30.0,108000.0
ETIT,2021-04-30,16213.0,210769.0
NSBC,2021-04-30,7117.0,28254480.0
ORGT,2021-04-30,100.0,409500.0
SAFC,2021-04-30,5.0,1025.0
SGBC,2021-04-30,140.0,1129550.0
SIBC,2021-04-30,1197.0,3637815.0
SDSC,2021-04-30,551.0,751500.0
PALC,2021-04-30,457.0,1851350.0
SCRC,2021-04-30,356.0,231625.0
SOGC,2021-04-30,3893.0,10660855.0
ABJC,2021-04-30,55.0,52875.0
BNBC,2021-04-30,392.0,285045.0
PRSC,2021-04-30,50.0,107000.0
SHEC,2021-04-30,592.0,343880.0
TTLC,2021-04-30,3234.0,3875140.0
TTLS,2021-04-30,1879.0,2565050.0
STAC,2021-04-30,11.0,4290.0
CABC,2021-06-25,46.0,60490.0
FTSC,2021-06-25,710.0,1404900.0
NEIC,2021-06-25,17600.0,7772000.0
NTLC,2021-06-25,42.0,147665.0
SEMC,2021-06-25,335.0,149155.0
SIVC,2021-06-25,240.0,113300.0
SMBC,2021-06-25,449.0,3094310.0
STBC,2021-06-25,349.0,1283390.0
UNXC,2021-06-25,2550.0,3521110.0
CIEC,2021-06-25,1423.0,2483665.0
ONTBF,2021-06-25,1188.0,3900255.0
SDCC,2021-06-25,10.0,42450.0
SNTS,2021-06-25,3647.0,49138910.0
BICC,2021-06-25,499.0,2615950.0
BOAB,2021-06-25,5.0,19550.0
BOABF,2021-06-25,120.0,467300.0
BOAC,2021-06-25,445.0,1594500.0
BOAM,2021-06-25,2636.0,3867105.0
BOAN,2021-06-25,170.0,665550.0
BOAS,2021-06-25,3884.0,6747515.0
ECOC,2021-06-25,175.0,595375.0
NSBC,2021-06-25,410.0,2121655.0
ORGT,2021-06-25,610.0,2433500.0
SAFC,2021-06-25,211.0,71740.0
SGBC,2021-06-25,105.0,882675.0
SIBC,2021-06-25,20637.0,69355075.0
SDSC,2021-06-25,275.0,459850.0
PALC,2021-06-25,1.0,4395.0
SCRC,2021-06-25,2240.0,2235575.0
SICC,2021-06-25,241.0,414520.0
SOGC,2021-06-25,1666.0,5659230.0
SPHC,2021-06-25,5.0,13500.0
ABJC,2021-06-25,11651.0,12302445.0
BNBC,2021-06-25,483.0,777550.0
CFAC,2021-06-25,221.0,142520.0
SHEC,2021-06-25,2179.0,1425260.0
TTLC,2021-06-25,241.0,361200.0
TTLS,2021-06-25,1681.0,3052190.0
STAC,2021-06-25,485.0,339800.0
CABC,2021-07-30,787.0,1082675.0
FTSC,2021-07-30,92.0,178620.0
NEIC,2021-07-30,24039.0,8000420.0
NTLC,2021-07-30,296.0,1093720.0
SEMC,2021-07-30,40108.0,20726185.0
SIVC,2021-07-30,1587.0,719535.0
SMBC,2021-07-30,175.0,1188310.0
STBC,2021-07-30,5900.0,20662050.0
UNXC,2021-07-30,192.0,307235.0
CIEC,2021-07-30,1039.0,1765385.0
ONTBF,2021-07-30,857.0,3102465.0
SDCC,2021-07-30,3222.0,13911765.0
SNTS,2021-07-30,751.0,10683450.0
BICC,2021-07-30,15.0,85500.0
BOAB,2021-07-30,135.0,539375.0
BOAC,2021-07-30,266.0,1038815.0
BOAM,2021-07-30,290.0,462825.0
BOAN,2021-07-30,553.0,2129050.0
BOAS,2021-07-30,2054.0,4089750.0
CBIBF,2021-07-30,1020.0,8165775.0
ECOC,2021-07-30,1038.0,3726130.0
ETIT,2021-07-30,89284.0,1160692.0
SAFC,2021-07-30,211.0,160360.0
SGBC,2021-07-30,327.0,2816680.0
SIBC,2021-07-30,11086.0,37140240.0
SDSC,2021-07-30,113.0,211995.0
PALC,2021-07-30,17.0,74475.0
SCRC,2021-07-30,2257.0,2682005.0
SICC,2021-07-30,17.0,67660.0
SOGC,2021-07-30,46867.0,156291490.0
SPHC,2021-07-30,943.0,3300500.0
ABJC,2021-07-30,773.0,994520.0
BNBC,2021-07-30,7590.0,13547055.0
CFAC,2021-07-30,1316.0,894920.0
PRSC,2021-07-30,112.0,320320.0
SHEC,2021-07-30,245.0,174650.0
TTLC,2021-07-30,83.0,147945.0
TTLS,2021-07-30,1348.0,2276175.0
STAC,2021-07-30,703.0,475295.0
CABC,2021-09-28,6642.0,7578640.0
FTSC,2021-09-28,166.0,323680.0
NEIC,2021-09-28,2889.0,1577400.0
NTLC,2021-09-28,785.0,3035860.0
SEMC,2021-09-28,812.0,605570.0
SIVC,2021-09-28,6889.0,3921195.0
SMBC,2021-09-28,882.0,6174300.0
STBC,2021-09-28,50.0,199250.0
UNXC,2021-09-28,10785.0,22320360.0
CIEC,2021-09-28,6255.0,12509540.0
ONTBF,2021-09-28,20735.0,84094235.0
SDCC,2021-09-28,58.0,251030.0
SNTS,2021-09-28,6197.0,83736180.0
BICC,2021-09-28,13.0,79300.0
BOAB,2021-09-28,545.0,2736135.0
BOABF,2021-09-28,73.0,424310.0
BOAC,2021-09-28,1020.0,4955340.0
BOAM,2021-09-28,15410.0,31331025.0
BOAN,2021-09-28,3894.0,18408150.0
BOAS,2021-09-28,4674.0,10763840.0
CBIBF,2021-09-28,1173.0,10806745.0
ECOC,2021-09-28,1087.0,4444025.0
ETIT,2021-09-28,144935.0,1884155.0
NSBC,2021-09-28,11048.0,64121780.0
ORGT,2021-09-28,8394.0,33796300.0
SAFC,2021-09-28,2197.0,1388745.0
SGBC,2021-09-28,8.0,80800.0
SIBC,2021-09-28,13926.0,58037910.0
SDSC,2021-09-28,12446.0,24847640.0
PALC,2021-09-28,1041.0,6193825.0
SCRC,2021-09-28,1976.0,2706210.0
SICC,2021-09-28,197.0,1080725.0
SOGC,2021-09-28,1127.0,4762500.0
SPHC,2021-09-28,562.0,2484900.0
ABJC,2021-09-28,265.0,433220.0
BNBC,2021-09-28,3850.0,7684595.0
CFAC,2021-09-28,3476.0,2935920.0
PRSC,2021-09-28,142.0,441500.0
SHEC,2021-09-28,1706.0,1567075.0
TTLC,2021-09-28,1121.0,2020955.0
TTLS,2021-09-28,2905.0,5300125.0
STAC,2021-09-28,232.0,154430.0
CABC,2021-11-30,2102.0,2522540.0
FTSC,2021-11-30,182.0,309700.0
NEIC,2021-11-30,588.0,338600.0
NTLC,2021-11-30,4410.0,20693100.0
SEMC,2021-11-30,369.0,244320.0
SIVC,2021-11-30,150.0,90000.0
SMBC,2021-11-30,622.0,4291800.0
STBC,2021-11-30,165.0,939600.0
UNXC,2021-11-30,14914.0,30732490.0
CIEC,2021-11-30,2898.0,5701265.0
ONTBF,2021-11-30,1522.0,5934500.0
SDCC,2021-11-30,529.0,2425620.0
SNTS,2021-11-30,12450.0,174037000.0
BICC,2021-11-30,53.0,317010.0
BOAB,2021-11-30,626.0,3437950.0
BOABF,2021-11-30,38.0,226245.0
BOAC,2021-11-30,775.0,4205825.0
BOAM,2021-11-30,362.0,554700.0
BOAN,2021-11-30,822.0,4358970.0
BOAS,2021-11-30,1027.0,2612510.0
CBIBF,2021-11-30,3.0,27350.0
ECOC,2021-11-30,1539.0,7799680.0
ETIT,2021-11-30,2285.0,29705.0
NSBC,2021-11-30,83.0,513545.0
ORGT,2021-11-30,26344.0,107409720.0
SAFC,2021-11-30,1125.0,557525.0
SGBC,2021-11-30,3176.0,35746280.0
SIBC,2021-11-30,4350.0,16955895.0
SDSC,2021-11-30,3229.0,7562390.0
PALC,2021-11-30,71.0,491485.0
SCRC,2021-11-30,6636.0,6762850.0
SICC,2021-11-30,92.0,437655.0
SOGC,2021-11-30,6398.0,33591600.0
SPHC,2021-11-30,4921.0,25748500.0
ABJC,2021-11-30,2733.0,5376425.0
BNBC,2021-11-30,102.0,229825.0
CFAC,2021-11-30,1376.0,1894795.0
PRSC,2021-11-30,2709.0,8980015.0
SHEC,2021-11-30,4242.0,3637485.0
TTLC,2021-11-30,328.0,761150.0
TTLS,2021-11-30,1984.0,4027725.0
STAC,2021-11-30,1670.0,1183050.0
CABC,2021-12-31,2300.0,2351730.0
FTSC,2021-12-31,11738.0,19360825.0
NEIC,2021-12-31,150.0,93750.0
NTLC,2021-12-31,65.0,302325.0
SEMC,2021-12-31,4105.0,3140225.0
SIVC,2021-12-31,3516.0,3116460.0
SMBC,2021-12-31,223.0,1538700.0
STBC,2021-12-31,12135.0,72430155.0
UNLC,2021-12-31,23.0,112470.0
UNXC,2021-12-31,985.0,1969625.0
CIEC,2021-12-31,11210.0,21289515.0
ONTBF,2021-12-31,921.0,3629950.0
SDCC,2021-12-31,827.0,3539615.0
SNTS,2021-12-31,8971.0,125273540.0
BICC,2021-12-31,300.0,2220000.0
BOAB,2021-12-31,133.0,709300.0
BOABF,2021-12-31,150.0,930000.0
BOAC,2021-12-31,1375.0,8041425.0
BOAM,2021-12-31,2627.0,3918950.0
BOAN,2021-12-31,431.0,2197650.0
BOAS,2021-12-31,2648.0,6205955.0
CBIBF,2021-12-31,6100.0,64032500.0
ECOC,2021-12-31,3413.0,16333420.0
ETIT,2021-12-31,1300569.0,23507317.0
NSBC,2021-12-31,3704.0,22863900.0
ORGT,2021-12-31,10061.0,40609800.0
SAFC,2021-12-31,31.0,26240.0
SGBC,2021-12-31,1771.0,18745095.0
SIBC,2021-12-31,9691.0,38504570.0
SDSC,2021-12-31,15856.0,39833850.0
PALC,2021-12-31,127.0,865500.0
SCRC,2021-12-31,586.0,545280.0
SICC,2021-12-31,33.0,180430.0
SOGC,2021-12-31,350.0,1752700.0
SPHC,2021-12-31,2044.0,10481985.0
ABJC,2021-12-31,442.0,774885.0
BNBC,2021-12-31,273.0,594775.0
CFAC,2021-12-31,71.0,87990.0
SHEC,2021-12-31,64.0,55040.0
TTLC,2021-12-31,1616.0,3393450.0
TTLS,2021-12-31,555.0,1136125.0
STAC,2021-12-31,44.0,31395.0
CABC,2022-01-31,2770.0,3318465.0
FTSC,2022-01-31,227.0,389200.0
NEIC,2022-01-31,5840.0,3563200.0
NTLC,2022-01-31,1971.0,10914335.0
SEMC,2022-01-31,22.0,15100.0
SIVC,2022-01-31,428.0,390500.0
SLBC,2022-01-31,61.0,9669980.0
SMBC,2022-01-31,611.0,4235240.0
STBC,2022-01-31,100.0,598500.0
UNXC,2022-01-31,2238.0,4531060.0
CIEC,2022-01-31,3310.0,7053005.0
ONTBF,2022-01-31,1535.0,6187500.0
SDCC,2022-01-31,143.0,628800.0
SNTS,2022-01-31,4488.0,62616335.0
BICC,2022-01-31,11.0,66000.0
BOAB,2022-01-31,1470.0,7569075.0
BOABF,2022-01-31,480.0,2853965.0
BOAC,2022-01-31,826.0,4531680.0
BOAM,2022-01-31,578.0,818425.0
BOAN,2022-01-31,200.0,1026860.0
BOAS,2022-01-31,1168.0,2920150.0
CBIBF,2022-01-31,67.0,670000.0
ECOC,2022-01-31,554.0,2583285.0
ETIT,2022-01-31,2096020.0,44016420.0
NSBC,2022-01-31,299.0,1776010.0
ORGT,2022-01-31,5.0,19725.0
SAFC,2022-01-31,323.0,244855.0
SGBC,2022-01-31,1026.0,11383015.0
SIBC,2022-01-31,3695.0,14544160.0
SDSC,2022-01-31,1760.0,4040500.0
PALC,2022-01-31,7275.0,53371580.0
SCRC,2022-01-31,660.0,618205.0
SICC,2022-01-31,22.0,106620.0
SOGC,2022-01-31,3231.0,15980700.0
SPHC,2022-01-31,140.0,688500.0
ABJC,2022-01-31,55.0,92675.0
BNBC,2022-01-31,4231.0,8897340.0
CFAC,2022-01-31,282.0,352100.0
PRSC,2022-01-31,14.0,56000.0
SHEC,2022-01-31,2745.0,2344985.0
TTLC,2022-01-31,1209.0,2662900.0
TTLS,2022-01-31,716.0,1497165.0
STAC,2022-01-31,623.0,603245.0
CABC,2022-02-28,2475.0,3178000.0
FTSC,2022-02-28,7441.0,11831895.0
NEIC,2022-02-28,5825.0,4531305.0
NTLC,2022-02-28,499.0,2804670.0
SIVC,2022-02-28,4378.0,3064645.0
SLBC,2022-02-28,78.0,12801000.0
SMBC,2022-02-28,705.0,5232400.0
STBC,2022-02-28,715.0,4106175.0
UNXC,2022-02-28,1295.0,2663520.0
CIEC,2022-02-28,2697.0,5747920.0
ONTBF,2022-02-28,2219.0,9935015.0
SDCC,2022-02-28,7856.0,32285425.0
SNTS,2022-02-28,50700.0,836068195.0
BICC,2022-02-28,123.0,744150.0
BOAB,2022-02-28,2205.0,13142500.0
BOABF,2022-02-28,163.0,990710.0
BOAC,2022-02-28,14355.0,77543575.0
BOAM,2022-02-28,1186.0,1624315.0
BOAN,2022-02-28,1085.0,6505175.0
BOAS,2022-02-28,1270.0,3135680.0
CBIBF,2022-02-28,580.0,6201600.0
ECOC,2022-02-28,2229.0,9872770.0
ETIT,2022-02-28,380399.0,7503810.0
NSBC,2022-02-28,1484.0,8514050.0
ORGT,2022-02-28,1529.0,6097530.0
SAFC,2022-02-28,20996.0,21031685.0
SGBC,2022-02-28,4597.0,59231620.0
SIBC,2022-02-28,11912.0,49947945.0
SDSC,2022-02-28,759.0,1889775.0
PALC,2022-02-28,2366.0,21303365.0
SCRC,2022-02-28,11882.0,12624510.0
SICC,2022-02-28,2.0,11550.0
SOGC,2022-02-28,624.0,3411275.0
SPHC,2022-02-28,5389.0,26944345.0
ABJC,2022-02-28,517.0,836280.0
BNBC,2022-02-28,276.0,676200.0
CFAC,2022-02-28,4190.0,5180735.0
PRSC,2022-02-28,260.0,1261200.0
SHEC,2022-02-28,1120.0,1029350.0
TTLC,2022-02-28,565.0,1259425.0
TTLS,2022-02-28,616.0,1401140.0
STAC,2022-02-28,463.0,582895.0
CABC,2022-03-31,60.0,67500.0
FTSC,2022-03-31,941.0,1455310.0
NEIC,2022-03-31,12219.0,9779200.0
NTLC,2022-03-31,3405.0,21905300.0
SEMC,2022-03-31,125.0,84915.0
SIVC,2022-03-31,9694.0,8528020.0
SMBC,2022-03-31,135.0,958500.0
STBC,2022-03-31,1413.0,8618050.0
UNXC,2022-03-31,2523.0,5045550.0
CIEC,2022-03-31,6964.0,15589825.0
ONTBF,2022-03-31,87.0,431650.0
SDCC,2022-03-31,216.0,968900.0
SNTS,2022-03-31,10671.0,167845280.0
BICC,2022-03-31,10.0,63905.0
BOAB,2022-03-31,3521.0,23637215.0
BOABF,2022-03-31,976.0,5878000.0
BOAC,2022-03-31,7258.0,39198910.0
BOAM,2022-03-31,4655.0,6522225.0
BOAN,2022-03-31,1967.0,12794795.0
BOAS,2022-03-31,8904.0,23071690.0
CBIBF,2022-03-31,1343.0,13236800.0
ECOC,2022-03-31,9348.0,47012880.0
ETIT,2022-03-31,83737.0,1423529.0
NSBC,2022-03-31,9989.0,56454345.0
ORGT,2022-03-31,20.0,77650.0
SAFC,2022-03-31,10120.0,11259940.0
SGBC,2022-03-31,1316.0,17114600.0
SIBC,2022-03-31,31088.0,134235375.0
SDSC,2022-03-31,19783.0,45598650.0
PALC,2022-03-31,8070.0,74940155.0
SCRC,2022-03-31,1219.0,1233770.0
SICC,2022-03-31,3.0,16890.0
SOGC,2022-03-31,912.0,5490170.0
SPHC,2022-03-31,7485.0,40014850.0
ABJC,2022-03-31,567.0,1026290.0
BNBC,2022-03-31,257.0,585400.0
CFAC,2022-03-31,194.0,223410.0
PRSC,2022-03-31,1178.0,5592000.0
SHEC,2022-03-31,1420.0,1282400.0
TTLC,2022-03-31,6399.0,14767500.0
TTLS,2022-03-31,12283.0,33787135.0
STAC,2022-03-31,1343.0,1858325.0
CABC,2022-04-29,203.0,232040.0
FTSC,2022-04-29,156.0,242100.0
NEIC,2022-04-29,92.0,76465.0
NTLC,2022-04-29,3842.0,28272350.0
SEMC,2022-04-29,1073.0,762905.0
SIVC,2022-04-29,100.0,84000.0
SLBC,2022-04-29,211.0,32705000.0
SMBC,2022-04-29,766.0,6019580.0
STBC,2022-04-29,116.0,767920.0
UNXC,2022-04-29,571.0,1129845.0
CIEC,2022-04-29,234.0,567025.0
ONTBF,2022-04-29,8851.0,37724875.0
SDCC,2022-04-29,1075.0,4843575.0
SNTS,2022-04-29,6743.0,107475180.0
BICC,2022-04-29,112.0,694400.0
BOAB,2022-04-29,533.0,3426620.0
BOABF,2022-04-29,5654.0,32891995.0
BOAC,2022-04-29,131.0,690510.0
BOAM,2022-04-29,345.0,450100.0
BOAN,2022-04-29,261.0,1813475.0
BOAS,2022-04-29,1047.0,2388170.0
CBIBF,2022-04-29,2065.0,19644410.0
ECOC,2022-04-29,678.0,3164785.0
ETIT,2022-04-29,94343.0,1589891.0
NSBC,2022-04-29,121.0,707760.0
ORGT,2022-04-29,5885.0,22870775.0
SAFC,2022-04-29,1535.0,1521900.0
SGBC,2022-04-29,3830.0,51886715.0
SIBC,2022-04-29,3975.0,17522715.0
SDSC,2022-04-29,6540.0,15534625.0
PALC,2022-04-29,18149.0,219522225.0
SCRC,2022-04-29,195.0,191040.0
SICC,2022-04-29,35.0,231500.0
SOGC,2022-04-29,12481.0,74803090.0
SPHC,2022-04-29,109.0,579150.0
ABJC,2022-04-29,300.0,555000.0
BNBC,2022-04-29,5.0,11475.0
CFAC,2022-04-29,3927.0,4494305.0
PRSC,2022-04-29,6120.0,27356705.0
SHEC,2022-04-29,51.0,45900.0
TTLC,2022-04-29,612.0,1437500.0
TTLS,2022-04-29,978.0,2343120.0
STAC,2022-04-29,3999.0,5974050.0
CABC,2022-05-31,875.0,892950.0
FTSC,2022-05-31,1866.0,2545840.0
NEIC,2022-05-31,6069.0,3898985.0
NTLC,2022-05-31,12546.0,91967195.0
SEMC,2022-05-31,421.0,297005.0
SIVC,2022-05-31,910.0,750750.0
SMBC,2022-05-31,801.0,5900665.0
STBC,2022-05-31,414.0,2555335.0
UNXC,2022-05-31,560.0,795320.0
CIEC,2022-05-31,1384.0,2973195.0
ONTBF,2022-05-31,1627.0,7315715.0
SDCC,2022-05-31,153.0,784775.0
SNTS,2022-05-31,2996.0,43786090.0
BICC,2022-05-31,20.0,120200.0
BOAB,2022-05-31,412.0,2446815.0
BOABF,2022-05-31,65.0,338745.0
BOAC,2022-05-31,433.0,2188050.0
BOAM,2022-05-31,349.0,452400.0
BOAN,2022-05-31,1756.0,11204785.0
BOAS,2022-05-31,8473.0,19468050.0
CBIBF,2022-05-31,50.0,485000.0
ECOC,2022-05-31,582.0,2611055.0
ETIT,2022-05-31,1901271.0,30388292.0
NSBC,2022-05-31,1288.0,7133505.0
ORGT,2022-05-31,265.0,1008610.0
SAFC,2022-05-31,100.0,99500.0
SGBC,2022-05-31,27.0,398280.0
SIBC,2022-05-31,1325.0,6041490.0
SDSC,2022-05-31,3087.0,5585540.0
PALC,2022-05-31,947.0,12019115.0
SCRC,2022-05-31,410.0,373100.0
SICC,2022-05-31,24.0,228315.0
SOGC,2022-05-31,724.0,4750200.0
SPHC,2022-05-31,35.0,200305.0
ABJC,2022-05-31,301.0,476705.0
BNBC,2022-05-31,3.0,7260.0
CFAC,2022-05-31,301.0,254785.0
PRSC,2022-05-31,364.0,1273780.0
SHEC,2022-05-31,142.0,115060.0
TTLC,2022-05-31,557.0,1225200.0
TTLS,2022-05-31,627.0,1502800.0
STAC,2022-05-31,668.0,972380.0
FTSC,2022-06-30,17425.0,20997165.0
NEIC,2022-06-30,1013.0,633385.0
NTLC,2022-06-30,7.0,50260.0
SEMC,2022-06-30,206.0,144385.0
SIVC,2022-06-30,16.0,13600.0
SMBC,2022-06-30,35.0,257250.0
STBC,2022-06-30,1700.0,10633250.0
UNXC,2022-06-30,1980.0,2608650.0
CIEC,2022-06-30,18903.0,45309500.0
ONTBF,2022-06-30,851.0,3209315.0
SDCC,2022-06-30,78.0,410280.0
SNTS,2022-06-30,685.0,9882015.0
BICC,2022-06-30,1187.0,7407085.0
BOAB,2022-06-30,1485.0,9066610.0
BOABF,2022-06-30,103.0,546415.0
BOAC,2022-06-30,91.0,467600.0
BOAM,2022-06-30,1389.0,1875030.0
BOAN,2022-06-30,115.0,730250.0
BOAS,2022-06-30,117.0,280290.0
CBIBF,2022-06-30,103.0,922675.0
ECOC,2022-06-30,10055.0,42427625.0
ETIT,2022-06-30,1478876.0,23294546.0
NSBC,2022-06-30,614.0,3593165.0
ORGT,2022-06-30,8885.0,33542470.0
SAFC,2022-06-30,21.0,20580.0
SGBC,2022-06-30,481.0,7125445.0
SIBC,2022-06-30,10423.0,43727985.0
SDSC,2022-06-30,19676.0,32390400.0
PALC,2022-06-30,828.0,10365960.0
SCRC,2022-06-30,1285.0,1243955.0
SICC,2022-06-30,13.0,149355.0
SOGC,2022-06-30,1256.0,8164260.0
SPHC,2022-06-30,10759.0,67265400.0
ABJC,2022-06-30,378.0,601870.0
BNBC,2022-06-30,141.0,309545.0
CFAC,2022-06-30,1130.0,989525.0
PRSC,2022-06-30,5544.0,19653975.0
SHEC,2022-06-30,26.0,21540.0
TTLC,2022-06-30,188.0,444120.0
TTLS,2022-06-30,977.0,2320080.0
STAC,2022-06-30,579.0,812505.0
CABC,2022-07-29,152.0,167300.0
FTSC,2022-07-29,158.0,202900.0
NEIC,2022-07-29,172.0,121620.0
NTLC,2022-07-29,4703.0,31601575.0
SEMC,2022-07-29,625.0,437640.0
SIVC,2022-07-29,258.0,212890.0
SLBC,2022-07-29,3.0,402375.0
SMBC,2022-07-29,144.0,1015250.0
STBC,2022-07-29,5475.0,30386690.0
UNXC,2022-07-29,726.0,981105.0
CIEC,2022-07-29,1663.0,3735440.0
ONTBF,2022-07-29,4008.0,15088350.0
SDCC,2022-07-29,150.0,760500.0
SNTS,2022-07-29,7626.0,111187010.0
BOAB,2022-07-29,150.0,916500.0
BOABF,2022-07-29,320.0,1812745.0
BOAC,2022-07-29,1922.0,9543570.0
BOAM,2022-07-29,1192.0,1920605.0
BOAN,2022-07-29,923.0,5722250.0
BOAS,2022-07-29,449.0,1078390.0
CBIBF,2022-07-29,359.0,3200200.0
ECOC,2022-07-29,9525.0,42717960.0
ETIT,2022-07-29,88782.0,1671096.0
NSBC,2022-07-29,116.0,660425.0
ORGT,2022-07-29,252.0,952960.0
SAFC,2022-07-29,111.0,100010.0
SGBC,2022-07-29,1016.0,14635735.0
SIBC,2022-07-29,16185.0,74467325.0
SDSC,2022-07-29,15962.0,31924000.0
PALC,2022-07-29,4803.0,58619500.0
SCRC,2022-07-29,2936.0,2982800.0
SICC,2022-07-29,303.0,1542425.0
SOGC,2022-07-29,419.0,2475505.0
SPHC,2022-07-29,171.0,1048900.0
ABJC,2022-07-29,209.0,343100.0
BNBC,2022-07-29,33.0,78045.0
CFAC,2022-07-29,841.0,708895.0
PRSC,2022-07-29,2008.0,7029920.0
SHEC,2022-07-29,1154.0,1000860.0
TTLC,2022-07-29,2351.0,5195635.0
TTLS,2022-07-29,1651.0,3796200.0
STAC,2022-07-29,199.0,254050.0
CABC,2022-08-31,445.0,489500.0
FTSC,2022-08-31,51.0,65025.0
NEIC,2022-08-31,5661.0,4024435.0
NTLC,2022-08-31,3649.0,25356250.0
SEMC,2022-08-31,1046.0,739165.0
SIVC,2022-08-31,1044.0,783000.0
SLBC,2022-08-31,4.0,415010.0
SMBC,2022-08-31,73.0,457170.0
STBC,2022-08-31,20599.0,95943345.0
UNLC,2022-08-31,42.0,260400.0
UNXC,2022-08-31,3934.0,5039720.0
CIEC,2022-08-31,1307.0,2867485.0
ONTBF,2022-08-31,685.0,2613450.0
SDCC,2022-08-31,12615.0,65756640.0
SNTS,2022-08-31,13441.0,198397175.0
BICC,2022-08-31,489.0,3339650.0
BOAB,2022-08-31,378.0,2280295.0
BOABF,2022-08-31,2100.0,11445100.0
BOAC,2022-08-31,1998.0,8813850.0
BOAM,2022-08-31,975.0,1463250.0
BOAN,2022-08-31,110.0,692510.0
BOAS,2022-08-31,659.0,1631125.0
CBIBF,2022-08-31,871.0,7540050.0
ECOC,2022-08-31,361.0,1650640.0
ETIT,2022-08-31,106576.0,2004702.0
NSBC,2022-08-31,2225.0,12449030.0
SGBC,2022-08-31,657.0,9435190.0
SIBC,2022-08-31,4725.0,21492690.0
SDSC,2022-08-31,7587.0,13550020.0
PALC,2022-08-31,2519.0,28213320.0
SCRC,2022-08-31,853.0,939210.0
SICC,2022-08-31,184.0,1156710.0
SOGC,2022-08-31,1368.0,8131875.0
SPHC,2022-08-31,1396.0,8166100.0
ABJC,2022-08-31,1838.0,2750990.0
BNBC,2022-08-31,2331.0,4999450.0
CFAC,2022-08-31,2249.0,1911650.0
PRSC,2022-08-31,30.0,109500.0
SHEC,2022-08-31,1250.0,1034590.0
TTLC,2022-08-31,2023.0,4528205.0
TTLS,2022-08-31,1390.0,3593440.0
STAC,2022-08-31,76.0,107545.0
CABC,2022-09-30,628.0,681380.0
FTSC,2022-09-30,886.0,1103875.0
NEIC,2022-09-30,67.0,46880.0
NTLC,2022-09-30,3186.0,21720220.0
SIVC,2022-09-30,577.0,487565.0
SLBC,2022-09-30,14.0,1505060.0
SMBC,2022-09-30,2637.0,16082000.0
UNLC,2022-09-30,11.0,77385.0
UNXC,2022-09-30,960.0,1170875.0
CIEC,2022-09-30,1270.0,2835480.0
ONTBF,2022-09-30,2825.0,11471900.0
SDCC,2022-09-30,1025.0,5461160.0
SNTS,2022-09-30,7873.0,114315620.0
BICC,2022-09-30,450.0,2946250.0
BOAB,2022-09-30,9591.0,57086040.0
BOABF,2022-09-30,2793.0,14459200.0
BOAC,2022-09-30,586.0,2634025.0
BOAM,2022-09-30,69.0,104370.0
BOAN,2022-09-30,2055.0,13672845.0
BOAS,2022-09-30,24189.0,59414370.0
CBIBF,2022-09-30,15.0,134400.0
ECOC,2022-09-30,15419.0,71713045.0
ETIT,2022-09-30,218320.0,4133539.0
NSBC,2022-09-30,805.0,4212875.0
ORGT,2022-09-30,2275.0,8289215.0
SAFC,2022-09-30,3.0,2490.0
SGBC,2022-09-30,919.0,12393500.0
SIBC,2022-09-30,3364.0,15399100.0
SDSC,2022-09-30,1763.0,3198695.0
PALC,2022-09-30,28171.0,289671145.0
SCRC,2022-09-30,1561.0,1640970.0
SOGC,2022-09-30,2639.0,16077105.0
SPHC,2022-09-30,5650.0,33219850.0
ABJC,2022-09-30,14.0,22400.0
BNBC,2022-09-30,295.0,633225.0
CFAC,2022-09-30,68.0,57800.0
PRSC,2022-09-30,8.0,28800.0
SHEC,2022-09-30,163.0,142790.0
TTLC,2022-09-30,226.0,518850.0
TTLS,2022-09-30,11055.0,25186655.0
STAC,2022-09-30,143.0,198770.0
CABC,2022-10-31,787.0,914170.0
FTSC,2022-10-31,385.0,488950.0
NEIC,2022-10-31,7.0,5320.0
NTLC,2022-10-31,15.0,96000.0
UNXC,2022-10-31,1095.0,1204500.0
CIEC,2022-10-31,3623.0,7789450.0
ONTBF,2022-10-31,3408.0,11890650.0
SDCC,2022-10-31,9.0,49050.0
SNTS,2022-10-31,11323.0,163055200.0
BICC,2022-10-31,20.0,128000.0
BOAB,2022-10-31,495.0,2973820.0
BOABF,2022-10-31,112.0,604800.0
BOAC,2022-10-31,109.0,457800.0
BOAM,2022-10-31,3174.0,4461055.0
BOAN,2022-10-31,3510.0,21511000.0
ECOC,2022-10-31,107.0,535000.0
ETIT,2022-10-31,3500.0,66500.0
NSBC,2022-10-31,20.0,99050.0
SGBC,2022-10-31,317.0,3804000.0
SIBC,2022-10-31,5085.0,23190800.0
SDSC,2022-10-31,35.0,60200.0
SCRC,2022-10-31,1.0,1180.0
SICC,2022-10-31,11.0,70675.0
SOGC,2022-10-31,73.0,439085.0
SPHC,2022-10-31,4000.0,21254600.0
SHEC,2022-10-31,50.0,43500.0
TTLC,2022-10-31,46.0,107595.0
TTLS,2022-10-31,565.0,1412500.0
CABC,2022-11-30,2046.0,2250300.0
FTSC,2022-11-30,88.0,105160.0
NEIC,2022-11-30,20.0,14300.0
NTLC,2022-11-30,1812.0,12124095.0
SEMC,2022-11-30,65.0,41850.0
SIVC,2022-11-30,896.0,654080.0
SLBC,2022-11-30,4.0,352000.0
SMBC,2022-11-30,120.0,805500.0
STBC,2022-11-30,124.0,630400.0
UNXC,2022-11-30,4644.0,4190490.0
CIEC,2022-11-30,954.0,1914775.0
ONTBF,2022-11-30,3695.0,12014915.0
SDCC,2022-11-30,615.0,2786800.0
SNTS,2022-11-30,9619.0,139596955.0
BOAB,2022-11-30,272.0,1604860.0
BOAC,2022-11-30,7458.0,27102940.0
BOAM,2022-11-30,592.0,802810.0
BOAN,2022-11-30,51.0,267565.0
BOAS,2022-11-30,696.0,1680800.0
CBIBF,2022-11-30,43.0,365285.0
ECOC,2022-11-30,154.0,732930.0
ETIT,2022-11-30,588371.0,11186418.0
NSBC,2022-11-30,2423.0,10891000.0
ORGT,2022-11-30,5474.0,16093560.0
SAFC,2022-11-30,97.0,85850.0
SGBC,2022-11-30,1440.0,16700500.0
SIBC,2022-11-30,1050.0,4615515.0
SDSC,2022-11-30,626.0,782400.0
PALC,2022-11-30,12485.0,120513055.0
SCRC,2022-11-30,976.0,961700.0
SOGC,2022-11-30,1703.0,9534930.0
SPHC,2022-11-30,7692.0,39998400.0
ABJC,2022-11-30,165.0,243375.0
BNBC,2022-11-30,22.0,46200.0
CFAC,2022-11-30,300.0,274540.0
PRSC,2022-11-30,124.0,382135.0
SHEC,2022-11-30,191.0,147440.0
TTLC,2022-11-30,924.0,2028180.0
TTLS,2022-11-30,1776.0,4176750.0
STAC,2022-11-30,922.0,917395.0
FTSC,2022-12-30,2011.0,3196620.0
NEIC,2022-12-30,1348.0,1061585.0
NTLC,2022-12-30,13764.0,110233810.0
SEMC,2022-12-30,192.0,125095.0
SIVC,2022-12-30,429.0,288250.0
SLBC,2022-12-30,20.0,1664990.0
SMBC,2022-12-30,2072.0,13801245.0
STBC,2022-12-30,3463.0,23052095.0
UNLC,2022-12-30,42.0,295050.0
UNXC,2022-12-30,2988.0,2173285.0
CIEC,2022-12-30,580.0,1138580.0
ONTBF,2022-12-30,8563.0,27679850.0
ORAC,2022-12-30,50274.0,501600370.0
SDCC,2022-12-30,130.0,708335.0
SNTS,2022-12-30,27609.0,413984015.0
BICC,2022-12-30,40.0,264500.0
BOAB,2022-12-30,924.0,5328850.0
BOABF,2022-12-30,472.0,2422945.0
BOAC,2022-12-30,2361.0,8823305.0
BOAM,2022-12-30,56.0,80035.0
BOAN,2022-12-30,321.0,1857280.0
BOAS,2022-12-30,320.0,810000.0
CBIBF,2022-12-30,938.0,7818045.0
ECOC,2022-12-30,3484.0,17129400.0
ETIT,2022-12-30,109511.0,2063533.0
NSBC,2022-12-30,32096.0,190483920.0
ORGT,2022-12-30,11959.0,46896220.0
SAFC,2022-12-30,327.0,287060.0
SGBC,2022-12-30,613.0,7263495.0
SIBC,2022-12-30,3054.0,13801320.0
SDSC,2022-12-30,10656.0,14826145.0
PALC,2022-12-30,29445.0,300735755.0
SCRC,2022-12-30,206.0,188550.0
SOGC,2022-12-30,500.0,2833780.0
SPHC,2022-12-30,10543.0,52753245.0
ABJC,2022-12-30,23.0,29850.0
BNBC,2022-12-30,110.0,210000.0
CFAC,2022-12-30,506.0,471180.0
PRSC,2022-12-30,161.0,514395.0
SHEC,2022-12-30,1328.0,1024750.0
TTLC,2022-12-30,2094.0,3969100.0
TTLS,2022-12-30,72501.0,174485715.0
STAC,2022-12-30,1248.0,1192675.0
PALC,2023-01-31,1694.0,16940000.0
SPHC,2023-01-31,425.0,2316300.0
TTLC,2023-01-31,801.0,1628450.0
TTLS,2023-01-31,484.0,1190320.0
ETIT,2023-01-31,127128.0,2542560.0
SGBC,2023-01-31,71.0,868035.0
NTLC,2023-01-31,66.0,455295.0
SMBC,2023-01-31,67.0,466750.0
ONTBF,2023-01-31,6812.0,21898445.0
SNTS,2023-01-31,42237.0,634238945.0
SCRC,2023-01-31,592.0,471200.0
SOGC,2023-01-31,308.0,1751190.0
ABJC,2023-01-31,220.0,288200.0
BNBC,2023-01-31,25.0,47750.0
CFAC,2023-01-31,1039.0,805870.0
PRSC,2023-01-31,503.0,1489470.0
SHEC,2023-01-31,1176.0,882000.0
BICC,2023-01-31,268.0,1607585.0
BOAB,2023-01-31,2186.0,12848945.0
BOABF,2023-01-31,2122.0,11006630.0
BOAC,2023-01-31,739.0,2923660.0
BOAM,2023-01-31,665.0,875125.0
BOAN,2023-01-31,2515.0,13493615.0
BOAS,2023-01-31,2207.0,5256500.0
CBIBF,2023-01-31,1293.0,10612905.0
ECOC,2023-01-31,1331.0,6640690.0
NSBC,2023-01-31,17.0,80750.0
ORGT,2023-01-31,706.0,2118000.0
SAFC,2023-01-31,35.0,27300.0
SIBC,2023-01-31,1254.0,5920400.0
CABC,2023-01-31,2.0,2130.0
FTSC,2023-01-31,691.0,898800.0
NEIC,2023-01-31,8.0,5600.0
SEMC,2023-01-31,398.0,237845.0
SIVC,2023-01-31,1066.0,746530.0
STBC,2023-01-31,16.0,102640.0
UNXC,2023-01-31,275.0,215250.0
CIEC,2023-01-31,396.0,784080.0
ORAC,2023-01-31,18653.0,191029775.0
SDCC,2023-01-31,16.0,85440.0
SDSC,2023-01-31,510.0,653875.0
PALC,2023-02-28,2892.0,31820820.0
SPHC,2023-02-28,347.0,1739505.0
TTLC,2023-02-28,23754.0,47599000.0
TTLS,2023-02-28,17227.0,45695335.0
ETIT,2023-02-28,52684.0,1048380.0
SGBC,2023-02-28,3144.0,43681020.0
NTLC,2023-02-28,536.0,3609055.0
SMBC,2023-02-28,459.0,3431025.0
ONTBF,2023-02-28,8928.0,28024300.0
SNTS,2023-02-28,7024.0,114229190.0
SCRC,2023-02-28,789.0,545685.0
SICC,2023-02-28,6.0,38850.0
SOGC,2023-02-28,888.0,4978825.0
STAC,2023-02-28,126.0,126960.0
ABJC,2023-02-28,2330.0,2695850.0
BNBC,2023-02-28,1534.0,2782595.0
CFAC,2023-02-28,299.0,240365.0
PRSC,2023-02-28,10.0,28500.0
SHEC,2023-02-28,857.0,647490.0
BICC,2023-02-28,115.0,687850.0
BOAB,2023-02-28,12153.0,75580555.0
BOABF,2023-02-28,223.0,1211335.0
BOAC,2023-02-28,3323.0,14121540.0
BOAM,2023-02-28,460.0,593440.0
BOAN,2023-02-28,3318.0,19009220.0
BOAS,2023-02-28,5043.0,12203065.0
CBIBF,2023-02-28,72.0,633550.0
ECOC,2023-02-28,123.0,627300.0
NSBC,2023-02-28,35.0,171545.0
ORGT,2023-02-28,656.0,1835330.0
SAFC,2023-02-28,58.0,52500.0
SIBC,2023-02-28,509.0,2451305.0
CABC,2023-02-28,3060.0,3259525.0
FTSC,2023-02-28,166.0,198995.0
NEIC,2023-02-28,170.0,109450.0
SEMC,2023-02-28,806.0,520110.0
SIVC,2023-02-28,51.0,35700.0
SLBC,2023-02-28,11.0,880000.0
STBC,2023-02-28,301.0,1887620.0
UNXC,2023-02-28,820.0,602930.0
CIEC,2023-02-28,7556.0,15114325.0
ORAC,2023-02-28,6759.0,67714325.0
SDCC,2023-02-28,1835.0,9009050.0
SDSC,2023-02-28,2469.0,3325425.0
PALC,2023-03-31,1988.0,21726725.0
SPHC,2023-03-31,291.0,1455185.0
TTLC,2023-03-31,43.0,91030.0
TTLS,2023-03-31,3957.0,10120075.0
ETIT,2023-03-31,383001.0,6511017.0
SGBC,2023-03-31,258.0,3596650.0
NTLC,2023-03-31,397.0,2702365.0
SMBC,2023-03-31,41.0,309700.0
ONTBF,2023-03-31,549.0,1796955.0
SNTS,2023-03-31,6222.0,98327120.0
SCRC,2023-03-31,445.0,298225.0
SICC,2023-03-31,2.0,11890.0
SOGC,2023-03-31,1021.0,5518380.0
STAC,2023-03-31,8014.0,8417440.0
ABJC,2023-03-31,246.0,310680.0
BNBC,2023-03-31,260.0,500500.0
CFAC,2023-03-31,636.0,512055.0
PRSC,2023-03-31,66.0,193700.0
SHEC,2023-03-31,931.0,731345.0
BICC,2023-03-31,7.0,44800.0
BOAB,2023-03-31,46.0,284980.0
BOABF,2023-03-31,191.0,1084910.0
BOAC,2023-03-31,830.0,4247285.0
BOAM,2023-03-31,603.0,735465.0
BOAN,2023-03-31,794.0,4842425.0
BOAS,2023-03-31,1586.0,3501805.0
CBIBF,2023-03-31,11.0,97295.0
ECOC,2023-03-31,22243.0,109806515.0
NSBC,2023-03-31,20.0,98000.0
ORGT,2023-03-31,199.0,553810.0
SAFC,2023-03-31,26.0,24455.0
SIBC,2023-03-31,2329.0,11150530.0
CABC,2023-03-31,118.0,117500.0
FTSC,2023-03-31,546.0,600735.0
NEIC,2023-03-31,35.0,23800.0
SEMC,2023-03-31,36.0,23400.0
SIVC,2023-03-31,4002.0,2427845.0
SLBC,2023-03-31,1.0,80000.0
STBC,2023-03-31,419.0,2786350.0
UNLC,2023-03-31,227.0,1593965.0
UNXC,2023-03-31,977.0,746300.0
CIEC,2023-03-31,6070.0,12749000.0
ORAC,2023-03-31,5870.0,55759360.0
SDCC,2023-03-31,2338.0,12157150.0
SDSC,2023-03-31,1028.0,1461155.0
PALC,2023-04-28,2946.0,29081260.0
SPHC,2023-04-28,650.0,2802045.0
TTLC,2023-04-28,17.0,36775.0
TTLS,2023-04-28,7034.0,18292470.0
ETIT,2023-04-28,130986.0,2240504.0
SGBC,2023-04-28,15.0,208500.0
NTLC,2023-04-28,62.0,464285.0
SMBC,2023-04-28,7405.0,57412980.0
ONTBF,2023-04-28,2935.0,8201425.0
SNTS,2023-04-28,2595.0,41339540.0
SOGC,2023-04-28,30.0,162000.0
STAC,2023-04-28,13.0,13980.0
ABJC,2023-04-28,302.0,354380.0
CFAC,2023-04-28,237.0,188325.0
PRSC,2023-04-28,479.0,1317075.0
SHEC,2023-04-28,3644.0,2366060.0
BICC,2023-04-28,251.0,1476390.0
BOAB,2023-04-28,3325.0,20559980.0
BOABF,2023-04-28,2199.0,12690850.0
BOAC,2023-04-28,2193.0,10865965.0
BOAM,2023-04-28,59.0,74030.0
BOAN,2023-04-28,340.0,2033880.0
BOAS,2023-04-28,849.0,2032920.0
CBIBF,2023-04-28,204.0,1600860.0
ECOC,2023-04-28,9956.0,53916200.0
NSBC,2023-04-28,80.0,399800.0
ORGT,2023-04-28,1281.0,3090670.0
SAFC,2023-04-28,5.0,4675.0
SIBC,2023-04-28,3229.0,15580555.0
CABC,2023-04-28,95.0,98750.0
FTSC,2023-04-28,233.0,270025.0
NEIC,2023-04-28,2335.0,1539825.0
SIVC,2023-04-28,132.0,81935.0
STBC,2023-04-28,225.0,1483400.0
UNLC,2023-04-28,8.0,54320.0
UNXC,2023-04-28,153.0,114750.0
CIEC,2023-04-28,428.0,862465.0
ORAC,2023-04-28,455.0,4198105.0
SDCC,2023-04-28,275.0,1321280.0
SDSC,2023-04-28,1112.0,1451265.0
PALC,2023-05-31,430.0,4205650.0
SPHC,2023-05-31,2816.0,10031240.0
TTLC,2023-05-31,2908.0,6104100.0
TTLS,2023-05-31,133.0,345700.0
ETIT,2023-05-31,1039178.0,17666322.0
SGBC,2023-05-31,21.0,292450.0
NTLC,2023-05-31,175.0,1347590.0
SMBC,2023-05-31,173.0,1350715.0
ONTBF,2023-05-31,5978.0,16731650.0
SNTS,2023-05-31,5277.0,78664120.0
SCRC,2023-05-31,43.0,25610.0
SOGC,2023-05-31,975.0,4964850.0
STAC,2023-05-31,106.0,115260.0
ABJC,2023-05-31,365.0,419195.0
BNBC,2023-05-31,30.0,57940.0
CFAC,2023-05-31,995.0,766375.0
SHEC,2023-05-31,4823.0,3130955.0
BICC,2023-05-31,13.0,87100.0
BOAB,2023-05-31,208.0,1193125.0
BOABF,2023-05-31,20.0,109900.0
BOAC,2023-05-31,756.0,3709695.0
BOAM,2023-05-31,102.0,132600.0
BOAN,2023-05-31,623.0,3624160.0
BOAS,2023-05-31,136.0,342135.0
CBIBF,2023-05-31,6.0,46810.0
ECOC,2023-05-31,196.0,1028505.0
NSBC,2023-05-31,317.0,1598325.0
SIBC,2023-05-31,1346.0,6661900.0
FTSC,2023-05-31,1129.0,1335660.0
NEIC,2023-05-31,65.0,44200.0
SEMC,2023-05-31,965.0,680865.0
SIVC,2023-05-31,10.0,6000.0
SLBC,2023-05-31,12.0,945000.0
UNXC,2023-05-31,3999.0,2451330.0
CIEC,2023-05-31,75.0,153750.0
ORAC,2023-05-31,31509.0,299342725.0
SDCC,2023-05-31,535.0,2674400.0
SDSC,2023-05-31,145.0,199100.0
PALC,2023-06-30,3736.0,38356020.0
SPHC,2023-06-30,2302.0,7150200.0
TTLC,2023-06-30,33453.0,74920200.0
TTLS,2023-06-30,28353.0,74245510.0
ETIT,2023-06-30,905.0,15685.0
SGBC,2023-06-30,20.0,310000.0
NTLC,2023-06-30,1.0,7695.0
SMBC,2023-06-30,537.0,4188600.0
ONTBF,2023-06-30,3314.0,8859335.0
SNTS,2023-06-30,9686.0,148469975.0
SCRC,2023-06-30,4023.0,2069535.0
SOGC,2023-06-30,491.0,2355550.0
ABJC,2023-06-30,155.0,227095.0
PRSC,2023-06-30,45.0,138960.0
SHEC,2023-06-30,40.0,30200.0
BICC,2023-06-30,1019.0,7025935.0
BOAB,2023-06-30,2171.0,12591025.0
BOABF,2023-06-30,1837.0,11365905.0
BOAC,2023-06-30,1500.0,8315000.0
BOAM,2023-06-30,1123.0,1510710.0
BOAN,2023-06-30,116.0,681315.0
BOAS,2023-06-30,1045.0,2973600.0
CBIBF,2023-06-30,6224.0,49828300.0
ECOC,2023-06-30,18460.0,96547720.0
NSBC,2023-06-30,788.0,4130255.0
ORGT,2023-06-30,612.0,1488580.0
SAFC,2023-06-30,13.0,10295.0
SIBC,2023-06-30,7758.0,38809215.0
FTSC,2023-06-30,500.0,550000.0
NEIC,2023-06-30,2.0,1390.0
SEMC,2023-06-30,5.0,3550.0
SIVC,2023-06-30,400.0,240000.0
SLBC,2023-06-30,10.0,730750.0
STBC,2023-06-30,12505.0,79094150.0
UNLC,2023-06-30,5.0,33225.0
UNXC,2023-06-30,488.0,366415.0
CIEC,2023-06-30,109.0,228900.0
ORAC,2023-06-30,403.0,3830230.0
SDCC,2023-06-30,320.0,1527800.0
SDSC,2023-06-30,3256.0,4722025.0
PALC,2023-07-31,1141.0,9322830.0
SPHC,2023-07-31,1986.0,6171745.0
TTLC,2023-07-31,2560.0,5812695.0
TTLS,2023-07-31,450.0,1099115.0
ETIT,2023-07-31,582628.0,10480638.0
SGBC,2023-07-31,185.0,2960000.0
NTLC,2023-07-31,863.0,7820920.0
SMBC,2023-07-31,1446.0,12723950.0
ONTBF,2023-07-31,2828.0,7148735.0
SNTS,2023-07-31,7105.0,120231680.0
SCRC,2023-07-31,1141.0,627040.0
SOGC,2023-07-31,4204.0,16290070.0
ABJC,2023-07-31,59.0,79920.0
BNBC,2023-07-31,111.0,234050.0
CFAC,2023-07-31,198.0,175120.0
PRSC,2023-07-31,389.0,1116930.0
SHEC,2023-07-31,821.0,633080.0
BICC,2023-07-31,17.0,115600.0
BOAB,2023-07-31,1187.0,7231575.0
BOABF,2023-07-31,710.0,4364960.0
BOAC,2023-07-31,1894.0,11224050.0
BOAM,2023-07-31,669.0,924500.0
BOAN,2023-07-31,11739.0,66830175.0
BOAS,2023-07-31,1020.0,2942050.0
CBIBF,2023-07-31,40.0,327740.0
ECOC,2023-07-31,1188.0,6852435.0
NSBC,2023-07-31,66.0,376110.0
ORGT,2023-07-31,109.0,260025.0
SAFC,2023-07-31,184.0,135760.0
SIBC,2023-07-31,687.0,3764890.0
CABC,2023-07-31,100.0,115000.0
FTSC,2023-07-31,313.0,349985.0
NEIC,2023-07-31,110.0,77000.0
SEMC,2023-07-31,202.0,135880.0
SIVC,2023-07-31,1555.0,856330.0
SLBC,2023-07-31,5.0,370000.0
STBC,2023-07-31,1.0,6650.0
UNLC,2023-07-31,33.0,194535.0
UNXC,2023-07-31,1140.0,831175.0
CIEC,2023-07-31,344.0,757240.0
ORAC,2023-07-31,746.0,7454750.0
SDCC,2023-07-31,136.0,717180.0
SDSC,2023-07-31,1216.0,2007700.0
PALC,2023-08-31,562.0,4480840.0
SPHC,2023-08-31,1538.0,4689965.0
TTLC,2023-08-31,9970.0,21416425.0
TTLS,2023-08-31,3838.0,9971085.0
ETIT,2023-08-31,498489.0,8905118.0
SGBC,2023-08-31,226.0,3634380.0
NTLC,2023-08-31,61.0,501330.0
SMBC,2023-08-31,1074.0,9728100.0
ONTBF,2023-08-31,16310.0,36358325.0
SNTS,2023-08-31,4502.0,72662420.0
SCRC,2023-08-31,2186.0,1098280.0
SICC,2023-08-31,32.0,183040.0
SOGC,2023-08-31,214.0,824680.0
STAC,2023-08-31,102.0,102150.0
ABJC,2023-08-31,366.0,481590.0
BNBC,2023-08-31,147.0,284860.0
CFAC,2023-08-31,193.0,175190.0
PRSC,2023-08-31,124.0,403120.0
SHEC,2023-08-31,329.0,252765.0
BICC,2023-08-31,2880.0,19858440.0
BOAB,2023-08-31,1670.0,10344950.0
BOABF,2023-08-31,81.0,532435.0
BOAC,2023-08-31,5816.0,36059300.0
BOAM,2023-08-31,3290.0,4458050.0
BOAN,2023-08-31,4911.0,23014610.0
BOAS,2023-08-31,558.0,1618395.0
CBIBF,2023-08-31,1600.0,12834815.0
ECOC,2023-08-31,2243.0,13027435.0
NSBC,2023-08-31,5300.0,28854205.0
ORGT,2023-08-31,24.0,60000.0
SAFC,2023-08-31,565.0,341825.0
SIBC,2023-08-31,6016.0,31590820.0
CABC,2023-08-31,40.0,47400.0
FTSC,2023-08-31,4833.0,5371725.0
NEIC,2023-08-31,41.0,25830.0
SEMC,2023-08-31,175.0,107625.0
SIVC,2023-08-31,111.0,59940.0
SLBC,2023-08-31,7.0,589995.0
STBC,2023-08-31,270.0,1633950.0
UNXC,2023-08-31,88.0,67650.0
CIEC,2023-08-31,10728.0,20551000.0
ORAC,2023-08-31,4179.0,44076695.0
SDCC,2023-08-31,6064.0,30549925.0
SDSC,2023-08-31,1152.0,1679900.0
PALC,2023-09-29,1059.0,8055215.0
SPHC,2023-09-29,539.0,1455300.0
TTLC,2023-09-29,1313.0,2794270.0
TTLS,2023-09-29,101.0,275350.0
ETIT,2023-09-29,16827.0,318013.0
SGBC,2023-09-29,461.0,7549305.0
SMBC,2023-09-29,243.0,2220285.0
ONTBF,2023-09-29,2108.0,4638700.0
SNTS,2023-09-29,8543.0,139483655.0
SOGC,2023-09-29,76.0,263105.0
BNBC,2023-09-29,70.0,122500.0
CFAC,2023-09-29,12.0,10140.0
SHEC,2023-09-29,509.0,416330.0
BICC,2023-09-29,2577.0,17768315.0
BOAB,2023-09-29,285.0,1782100.0
BOABF,2023-09-29,579.0,3840500.0
BOAM,2023-09-29,289.0,417075.0
BOAS,2023-09-29,539.0,1778700.0
CBIBF,2023-09-29,167.0,1413400.0
ECOC,2023-09-29,175.0,1161075.0
NSBC,2023-09-29,225.0,1418540.0
ORGT,2023-09-29,120.0,324000.0
SIBC,2023-09-29,653.0,3464755.0
FTSC,2023-09-29,45.0,50300.0
SEMC,2023-09-29,150.0,105000.0
SIVC,2023-09-29,834.0,417000.0
SLBC,2023-09-29,1.0,90000.0
STBC,2023-09-29,81.0,502200.0
UNXC,2023-09-29,91.0,72175.0
CIEC,2023-09-29,560.0,1124725.0
ORAC,2023-09-29,170.0,1794850.0
SDSC,2023-09-29,5471.0,8719810.0
PALC,2023-10-31,1203.0,8177760.0
SPHC,2023-10-31,609.0,1515950.0
TTLC,2023-10-31,3710.0,7126660.0
TTLS,2023-10-31,674.0,1663405.0
ETIT,2023-10-31,25855.0,464390.0
SGBC,2023-10-31,2544.0,40998600.0
NTLC,2023-10-31,56.0,442800.0
SMBC,2023-10-31,951.0,9408505.0
ONTBF,2023-10-31,10430.0,23987645.0
SNTS,2023-10-31,1183.0,19875770.0
SCRC,2023-10-31,90.0,45000.0
SICC,2023-10-31,20.0,110000.0
SOGC,2023-10-31,1329.0,3897995.0
STAC,2023-10-31,171.0,146520.0
ABJC,2023-10-31,108.0,120090.0
BNBC,2023-10-31,387.0,668880.0
CFAC,2023-10-31,5.0,3950.0
PRSC,2023-10-31,255.0,594375.0
SHEC,2023-10-31,236.0,192470.0
BICC,2023-10-31,1016.0,6908800.0
BOAB,2023-10-31,3326.0,21613610.0
BOABF,2023-10-31,198.0,1335180.0
BOAC,2023-10-31,4125.0,28047720.0
BOAM,2023-10-31,415.0,616275.0
BOAN,2023-10-31,383.0,1649670.0
BOAS,2023-10-31,446.0,1404900.0
CBIBF,2023-10-31,190.0,1726600.0
ECOC,2023-10-31,254.0,1754830.0
NSBC,2023-10-31,333.0,2033675.0
ORGT,2023-10-31,111.0,275180.0
SAFC,2023-10-31,350.0,320250.0
SIBC,2023-10-31,4726.0,25201075.0
CABC,2023-10-31,252.0,300060.0
FTSC,2023-10-31,22016.0,25978880.0
NEIC,2023-10-31,224.0,134960.0
SEMC,2023-10-31,1800.0,1080000.0
SIVC,2023-10-31,350.0,210750.0
SLBC,2023-10-31,10.0,900000.0
UNLC,2023-10-31,16.0,80000.0
UNXC,2023-10-31,74.0,54020.0
CIEC,2023-10-31,2250.0,4497790.0
ORAC,2023-10-31,24129.0,251191165.0
SDCC,2023-10-31,904.0,4088985.0
SDSC,2023-10-31,709.0,995725.0
PALC,2023-11-30,692.0,4525330.0
SPHC,2023-11-30,815.0,1628595.0
TTLC,2023-11-30,2180.0,3934315.0
TTLS,2023-11-30,3270.0,7997900.0
ETIT,2023-11-30,145805.0,2517758.0
SGBC,2023-11-30,557.0,9194730.0
NTLC,2023-11-30,160.0,1245600.0
SMBC,2023-11-30,160.0,1563200.0
ONTBF,2023-11-30,3897.0,8571970.0
SNTS,2023-11-30,9378.0,159457510.0
SCRC,2023-11-30,3078.0,1504680.0
SICC,2023-11-30,65.0,240845.0
SOGC,2023-11-30,335.0,871000.0
STAC,2023-11-30,176.0,159370.0
ABJC,2023-11-30,55.0,67515.0
BNBC,2023-11-30,1486.0,1564120.0
CFAC,2023-11-30,764.0,677250.0
PRSC,2023-11-30,130.0,233375.0
SHEC,2023-11-30,223.0,180840.0
BICC,2023-11-30,540.0,3619150.0
BOAB,2023-11-30,4937.0,31399300.0
BOABF,2023-11-30,1082.0,7028550.0
BOAC,2023-11-30,370.0,2555825.0
BOAM,2023-11-30,475.0,687540.0
BOAN,2023-11-30,140.0,736050.0
BOAS,2023-11-30,868.0,2689770.0
CBIBF,2023-11-30,94.0,830000.0
ECOC,2023-11-30,322.0,2201800.0
NSBC,2023-11-30,7635.0,44256915.0
ORGT,2023-11-30,554.0,1370570.0
SAFC,2023-11-30,7439.0,8526965.0
SIBC,2023-11-30,3410.0,18067860.0
CABC,2023-11-30,462.0,508200.0
FTSC,2023-11-30,1031.0,1802335.0
SEMC,2023-11-30,341.0,260865.0
SIVC,2023-11-30,922.0,756040.0
STBC,2023-11-30,50.0,310000.0
UNXC,2023-11-30,271.0,168000.0
CIEC,2023-11-30,302.0,573800.0
ORAC,2023-11-30,489.0,5223810.0
SDCC,2023-11-30,161.0,739675.0
SDSC,2023-11-30,5259.0,7714080.0
PALC,2023-12-29,1933.0,13012565.0
SPHC,2023-12-29,4781.0,10714980.0
TTLC,2023-12-29,18079.0,31687305.0
TTLS,2023-12-29,4743.0,11713400.0
ETIT,2023-12-29,711443.0,13417181.0
SGBC,2023-12-29,747.0,11982240.0
NTLC,2023-12-29,2628.0,19405360.0
SMBC,2023-12-29,130.0,1377510.0
ONTBF,2023-12-29,20579.0,46708775.0
SNTS,2023-12-29,22726.0,398896220.0
SCRC,2023-12-29,8844.0,3988490.0
SICC,2023-12-29,73.0,208925.0
SOGC,2023-12-29,1654.0,5195060.0
STAC,2023-12-29,58.0,50355.0
ABJC,2023-12-29,1271.0,1566130.0
BNBC,2023-12-29,3121.0,3133225.0
CFAC,2023-12-29,8725.0,6932570.0
PRSC,2023-12-29,698.0,1316185.0
SHEC,2023-12-29,1707.0,1280365.0
BOAB,2023-12-29,2316.0,14777725.0
BOABF,2023-12-29,6.0,41560.0
BOAC,2023-12-29,3802.0,25903935.0
BOAM,2023-12-29,2440.0,3592870.0
BOAN,2023-12-29,9610.0,49892175.0
BOAS,2023-12-29,917.0,2861100.0
CBIBF,2023-12-29,1516.0,13686700.0
ECOC,2023-12-29,5243.0,35231750.0
NSBC,2023-12-29,4131.0,23357475.0
ORGT,2023-12-29,1473.0,3682600.0
SIBC,2023-12-29,3667.0,19454480.0
CABC,2023-12-29,20702.0,22903750.0
FTSC,2023-12-29,554.0,1025450.0
NEIC,2023-12-29,57.0,41325.0
SEMC,2023-12-29,2429.0,1688355.0
SIVC,2023-12-29,192.0,157360.0
STBC,2023-12-29,4695.0,26022265.0
UNXC,2023-12-29,12074.0,6461560.0
CIEC,2023-12-29,9514.0,16142870.0
ORAC,2023-12-29,642.0,6914820.0
SDCC,2023-12-29,472.0,2235550.0
SDSC,2023-12-29,9357.0,12854290.0
PALC,2024-01-31,63.0,421925.0
SPHC,2024-01-31,194.0,428050.0
TTLC,2024-01-31,825.0,1419125.0
TTLS,2024-01-31,393.0,902440.0
ORGT,2024-01-31,1257.0,2668520.0
SGBC,2024-01-31,174.0,2774720.0
NTLC,2024-01-31,12.0,86100.0
SMBC,2024-01-31,125.0,1248750.0
ONTBF,2024-01-31,1824.0,4012450.0
SNTS,2024-01-31,1937.0,32928690.0
SCRC,2024-01-31,555.0,242470.0
SOGC,2024-01-31,111.0,337335.0
STAC,2024-01-31,10.0,8600.0
ABJC,2024-01-31,110.0,148110.0
BNBC,2024-01-31,190.0,267705.0
CFAC,2024-01-31,411.0,326940.0
PRSC,2024-01-31,220.0,461750.0
SHEC,2024-01-31,182.0,144730.0
BICC,2024-01-31,762.0,5644340.0
BOAB,2024-01-31,1762.0,11470785.0
BOABF,2024-01-31,272.0,1814400.0
BOAC,2024-01-31,3379.0,23609600.0
BOAM,2024-01-31,2410.0,3148060.0
BOAN,2024-01-31,504.0,2413400.0
BOAS,2024-01-31,335.0,1033425.0
CBIBF,2024-01-31,4214.0,36262655.0
ECOC,2024-01-31,1449.0,9671025.0
ETIT,2024-01-31,76098.0,1294914.0
NSBC,2024-01-31,399.0,2236300.0
SAFC,2024-01-31,3464.0,3809895.0
SIBC,2024-01-31,1063.0,5626180.0
CABC,2024-01-31,20.0,20700.0
FTSC,2024-01-31,120.0,204000.0
NEIC,2024-01-31,3.0,1950.0
SIVC,2024-01-31,8.0,6560.0
UNXC,2024-01-31,29.0,15370.0
CIEC,2024-01-31,1933.0,3247065.0
ORAC,2024-01-31,126.0,1343700.0
SDCC,2024-01-31,439.0,1922820.0
SDSC,2024-01-31,437.0,625850.0
PALC,2024-02-29,714.0,4822735.0
SPHC,2024-02-29,1017.0,2162370.0
TTLC,2024-02-29,6581.0,10911655.0
TTLS,2024-02-29,101.0,242400.0
ORGT,2024-02-29,16214.0,35672200.0
SGBC,2024-02-29,359.0,6363875.0
NTLC,2024-02-29,61.0,426035.0
SMBC,2024-02-29,105.0,1078050.0
ONTBF,2024-02-29,1979.0,4117665.0
SNTS,2024-02-29,11883.0,211047365.0
SCRC,2024-02-29,2556.0,1142855.0
SICC,2024-02-29,30.0,108050.0
SOGC,2024-02-29,151.0,482825.0
STAC,2024-02-29,9.0,6810.0
ABJC,2024-02-29,95.0,122900.0
BNBC,2024-02-29,151.0,168390.0
CFAC,2024-02-29,1713.0,1337535.0
PRSC,2024-02-29,62.0,137890.0
SHEC,2024-02-29,20.0,15100.0
BICC,2024-02-29,6188.0,42605310.0
BOAB,2024-02-29,1150.0,7451545.0
BOABF,2024-02-29,66.0,439220.0
BOAC,2024-02-29,1292.0,9230995.0
BOAM,2024-02-29,457.0,621930.0
BOAN,2024-02-29,4611.0,23410270.0
BOAS,2024-02-29,23103.0,69376830.0
CBIBF,2024-02-29,56.0,514580.0
ECOC,2024-02-29,6252.0,41988445.0
ETIT,2024-02-29,6295.0,113310.0
NSBC,2024-02-29,8502.0,47678310.0
SIBC,2024-02-29,780.0,4222995.0
CABC,2024-02-29,3.0,2970.0
FTSC,2024-02-29,64.0,126860.0
SLBC,2024-02-29,5.0,436000.0
STBC,2024-02-29,113.0,689300.0
UNXC,2024-02-29,394.0,216660.0
CIEC,2024-02-29,1333.0,2355130.0
ORAC,2024-02-29,802.0,8608835.0
SDCC,2024-02-29,95.0,421190.0
SDSC,2024-02-29,1702.0,2692150.0
PALC,2024-03-29,4041.0,28270100.0
SPHC,2024-03-29,13.0,33540.0
TTLC,2024-03-29,17214.0,28010200.0
TTLS,2024-03-29,588.0,1430080.0
ORGT,2024-03-29,580.0,1273420.0
SGBC,2024-03-29,364.0,6060000.0
NTLC,2024-03-29,116.0,799830.0
SMBC,2024-03-29,752.0,7817125.0
ONTBF,2024-03-29,6113.0,14063140.0
SNTS,2024-03-29,2539.0,45383175.0
SCRC,2024-03-29,6502.0,3011455.0
SOGC,2024-03-29,249.0,961160.0
STAC,2024-03-29,32.0,25600.0
ABJC,2024-03-29,418.0,535040.0
BNBC,2024-03-29,135.0,168075.0
CFAC,2024-03-29,2144.0,1695260.0
SHEC,2024-03-29,2100.0,1609200.0
BICC,2024-03-29,7.0,51100.0
BOAB,2024-03-29,2762.0,19046085.0
BOABF,2024-03-29,856.0,5839650.0
BOAC,2024-03-29,1064.0,7589160.0
BOAM,2024-03-29,377.0,635820.0
BOAN,2024-03-29,877.0,5041585.0
BOAS,2024-03-29,159.0,540145.0
CBIBF,2024-03-29,3532.0,32994870.0
ECOC,2024-03-29,4478.0,30732855.0
ETIT,2024-03-29,210750.0,3591500.0
NSBC,2024-03-29,902.0,5116075.0
SAFC,2024-03-29,16.0,18400.0
SIBC,2024-03-29,1260.0,7229655.0
CABC,2024-03-29,85.0,96900.0
FTSC,2024-03-29,125.0,241250.0
NEIC,2024-03-29,113.0,71935.0
SIVC,2024-03-29,136.0,109465.0
UNXC,2024-03-29,78.0,41340.0
CIEC,2024-03-29,227.0,379845.0
ORAC,2024-03-29,59.0,639200.0
SDCC,2024-03-29,26.0,116970.0
SDSC,2024-03-29,2673.0,4210135.0
PALC,2024-04-30,1421.0,10285550.0
SPHC,2024-04-30,625.0,1565185.0
TTLC,2024-04-30,6291.0,11521785.0
TTLS,2024-04-30,13090.0,30165240.0
ORGT,2024-04-30,1202.0,2413660.0
SGBC,2024-04-30,595.0,10581650.0
NTLC,2024-04-30,347.0,2394300.0
SMBC,2024-04-30,203.0,2335310.0
ONTBF,2024-04-30,10006.0,23795260.0
SNTS,2024-04-30,11932.0,226726005.0
SCRC,2024-04-30,600.0,272440.0
SOGC,2024-04-30,150.0,486255.0
ABJC,2024-04-30,2155.0,3448000.0
BNBC,2024-04-30,9.0,11700.0
CFAC,2024-04-30,127.0,95275.0
PRSC,2024-04-30,6.0,13800.0
SHEC,2024-04-30,72.0,54730.0
BICC,2024-04-30,2.0,15000.0
BOAB,2024-04-30,968.0,7036460.0
BOABF,2024-04-30,1845.0,13419435.0
BOAC,2024-04-30,13029.0,88621350.0
BOAM,2024-04-30,366.0,626855.0
BOAN,2024-04-30,829.0,4972190.0
BOAS,2024-04-30,2158.0,7808270.0
CBIBF,2024-04-30,676.0,6393310.0
ECOC,2024-04-30,13303.0,90478295.0
ETIT,2024-04-30,25528.0,447727.0
NSBC,2024-04-30,379.0,2176200.0
SIBC,2024-04-30,1433.0,8195840.0
CABC,2024-04-30,1553.0,1560360.0
FTSC,2024-04-30,288.0,574560.0
NEIC,2024-04-30,3050.0,2289600.0
SIVC,2024-04-30,7.0,5180.0
STBC,2024-04-30,701.0,4676070.0
UNXC,2024-04-30,1025.0,512625.0
CIEC,2024-04-30,12198.0,18570720.0
ORAC,2024-04-30,1531.0,16772525.0
SDCC,2024-04-30,104.0,454960.0
SDSC,2024-04-30,4037.0,6636280.0
PALC,2024-05-31,5611.0,32045385.0
SPHC,2024-05-31,1055.0,2518400.0
TTLC,2024-05-31,6326.0,12469840.0
TTLS,2024-05-31,1315.0,2894405.0
ORGT,2024-05-31,5580.0,9439780.0
SGBC,2024-05-31,181.0,3495200.0
NTLC,2024-05-31,3695.0,27525160.0
SMBC,2024-05-31,25.0,288600.0
ONTBF,2024-05-31,5788.0,15768550.0
SNTS,2024-05-31,46386.0,888303350.0
SCRC,2024-05-31,8192.0,4090480.0
SOGC,2024-05-31,319.0,979225.0
STAC,2024-05-31,42.0,32765.0
ABJC,2024-05-31,70.0,128250.0
BNBC,2024-05-31,1366.0,1340200.0
CFAC,2024-05-31,1154.0,807260.0
PRSC,2024-05-31,379.0,828515.0
SHEC,2024-05-31,872.0,678380.0
BICC,2024-05-31,2585.0,20716055.0
BOAB,2024-05-31,1313.0,8979750.0
BOABF,2024-05-31,3488.0,22712900.0
BOAC,2024-05-31,1349.0,9487285.0
BOAM,2024-05-31,661.0,1077430.0
BOAN,2024-05-31,3133.0,16986355.0
BOAS,2024-05-31,1388.0,5471890.0
CBIBF,2024-05-31,71.0,740675.0
ECOC,2024-05-31,771.0,5622135.0
ETIT,2024-05-31,849979.0,13612655.0
NSBC,2024-05-31,100.0,599900.0
SAFC,2024-05-31,56.0,54810.0
SIBC,2024-05-31,2521.0,15029455.0
CABC,2024-05-31,214.0,209720.0
FTSC,2024-05-31,936.0,1226095.0
NEIC,2024-05-31,1005.0,821495.0
SIVC,2024-05-31,154.0,99330.0
STBC,2024-05-31,439.0,3138700.0
UNLC,2024-05-31,10.0,62700.0
UNXC,2024-05-31,10677.0,4028300.0
CIEC,2024-05-31,13538.0,25172870.0
ORAC,2024-05-31,42.0,482815.0
SDCC,2024-05-31,484.0,2451615.0
SDSC,2024-05-31,22326.0,29987300.0
PALC,2024-06-28,937.0,5834440.0
SPHC,2024-06-28,2407.0,6383860.0
TTLC,2024-06-28,1194.0,2512590.0
TTLS,2024-06-28,266.0,602620.0
ORGT,2024-06-28,2646.0,4926585.0
SGBC,2024-06-28,4259.0,82243730.0
NTLC,2024-06-28,2375.0,17642550.0
SMBC,2024-06-28,406.0,4846070.0
ONTBF,2024-06-28,14869.0,41624480.0
SNTS,2024-06-28,36293.0,700297250.0
SCRC,2024-06-28,994.0,492240.0
SOGC,2024-06-28,943.0,3406380.0
STAC,2024-06-28,376.0,261320.0
ABJC,2024-06-28,3036.0,6083740.0
BNBC,2024-06-28,233.0,233000.0
CFAC,2024-06-28,3058.0,2060560.0
PRSC,2024-06-28,3505.0,7711835.0
SHEC,2024-06-28,811.0,685310.0
BICC,2024-06-28,73.0,730000.0
BOAB,2024-06-28,259.0,1752925.0
BOABF,2024-06-28,1046.0,7031200.0
BOAC,2024-06-28,627.0,4615295.0
BOAM,2024-06-28,382.0,600035.0
BOAN,2024-06-28,10024.0,52348915.0
BOAS,2024-06-28,917.0,3600575.0
CBIBF,2024-06-28,1314.0,13941410.0
ECOC,2024-06-28,366.0,2542420.0
ETIT,2024-06-28,17415.0,285132.0
NSBC,2024-06-28,552.0,3474815.0
SAFC,2024-06-28,7.0,6825.0
SIBC,2024-06-28,2497.0,16233170.0
CABC,2024-06-28,130.0,137620.0
FTSC,2024-06-28,5318.0,7262930.0
NEIC,2024-06-28,3574.0,2855270.0
SIVC,2024-06-28,1125.0,562500.0
STBC,2024-06-28,1861.0,13195110.0
UNXC,2024-06-28,1499.0,621165.0
CIEC,2024-06-28,27981.0,55171310.0
ORAC,2024-06-28,458.0,5434510.0
SDCC,2024-06-28,234.0,1246950.0
SDSC,2024-06-28,26740.0,33414560.0
NTLC,2026-07-07,696.0,11405815.0
PALC,2026-07-07,4227.0,36571335.0
SPHC,2026-07-07,2277.0,17535110.0
SMBC,2026-07-07,470.0,8333340.0
TTLC,2026-07-07,3072.0,8923515.0
TTLS,2026-07-07,5744.0,24788650.0
ECOC,2026-07-07,102038.0,
SGBC,2026-07-07,1758.0,68446765.0
SIBC,2026-07-07,11143.0,100060235.0
ONTBF,2026-07-07,2572.0,7233815.0
ORAC,2026-07-07,6704.0,107984890.0
SNTS,2026-07-07,2772.0,81865715.0
SCRC,2026-07-07,11791.0,43570255.0
SICC,2026-07-07,123.0,645145.0
SLBC,2026-07-07,539.0,21348100.0
SOGC,2026-07-07,3718.0,31285170.0
STBC,2026-07-07,7134.0,174094045.0
UNLC,2026-07-07,37.0,1917520.0
ABJC,2026-07-07,1531.0,4827230.0
BNBC,2026-07-07,1522.0,2984375.0
CFAC,2026-07-07,4303.0,7081525.0
LNBB,2026-07-07,2440.0,10022690.0
NEIC,2026-07-07,5012.0,10539495.0
PRSC,2026-07-07,757.0,3412400.0
UNXC,2026-07-07,37170.0,53123965.0
SHEC,2026-07-07,9066.0,20006870.0
BICB,2026-07-07,14123.0,89066545.0
BICC,2026-07-07,374.0,10568290.0
BOAB,2026-07-07,4544.0,40774375.0
BOABF,2026-07-07,8387.0,49951130.0
BOAC,2026-07-07,5047.0,46644005.0
BOAM,2026-07-07,26476.0,132301250.0
BOAN,2026-07-07,57617.0,233848430.0
BOAS,2026-07-07,7095.0,51705910.0
CBIBF,2026-07-07,588.0,14990270.0
ETIT,2026-07-07,2675346.0,141762893.0
NSBC,2026-07-07,539.0,10981415.0
ORGT,2026-07-07,5374.0,14607160.0
SAFC,2026-07-07,2900.0,13136640.0
CABC,2026-07-07,3760.0,15851470.0
FTSC,2026-07-07,4877.0,9714970.0
SDSC,2026-07-07,7494.0,18678940.0
SEMC,2026-07-07,2748.0,3988195.0
SIVC,2026-07-07,11552.0,25288315.0
STAC,2026-07-07,3750.0,12237650.0
CIEC,2026-07-07,4385.0,24094575.0
SDCC,2026-07-07,470.0,5658105.0
NTLC,2026-06-30,847.0,12901125.0
PALC,2026-06-30,9896.0,85421870.0
SPHC,2026-06-30,957.0,7343200.0
SMBC,2026-06-30,239.0,4140540.0
TTLC,2026-06-30,9833.0,28442880.0
TTLS,2026-06-30,2280.0,8661805.0
ECOC,2026-06-30,1217.0,20531655.0
SGBC,2026-06-30,1863.0,72642190.0
SIBC,2026-06-30,8326.0,73859950.0
ONTBF,2026-06-30,4149.0,11877480.0
ORAC,2026-06-30,3014.0,50160625.0
SNTS,2026-06-30,1891.0,54444080.0
SCRC,2026-06-30,2724.0,8966100.0
SICC,2026-06-30,25.0,113500.0
SLBC,2026-06-30,207.0,8064830.0
SOGC,2026-06-30,554.0,4649915.0
STBC,2026-06-30,2761.0,68256605.0
UNLC,2026-06-30,6.0,334860.0
ABJC,2026-06-30,862.0,2822490.0
BNBC,2026-06-30,3477.0,6878835.0
CFAC,2026-06-30,2476.0,4339160.0
LNBB,2026-06-30,2840.0,12438780.0
NEIC,2026-06-30,522.0,1220945.0
PRSC,2026-06-30,1263.0,5871170.0
UNXC,2026-06-30,9324.0,17025925.0
SHEC,2026-06-30,9371.0,20340390.0
BICB,2026-06-30,6588.0,38271825.0
BICC,2026-06-30,344.0,9990250.0
BOAB,2026-06-30,2801.0,25247510.0
BOABF,2026-06-30,6849.0,39859360.0
BOAC,2026-06-30,19595.0,185007965.0
BOAM,2026-06-30,15079.0,75333565.0
BOAN,2026-06-30,7661.0,32034250.0
BOAS,2026-06-30,2766.0,20449075.0
CBIBF,2026-06-30,1983.0,44483195.0
ETIT,2026-06-30,1076706.0,41742025.0
NSBC,2026-06-30,1403.0,27458535.0
ORGT,2026-06-30,2345.0,6317350.0
SAFC,2026-06-30,3428.0,16169325.0
CABC,2026-06-30,1445.0,6373995.0
FTSC,2026-06-30,11281.0,21901385.0
SDSC,2026-06-30,18493.0,44917660.0
SEMC,2026-06-30,3112.0,4758770.0
SIVC,2026-06-30,6817.0,17064360.0
STAC,2026-06-30,1332.0,4641970.0
CIEC,2026-06-30,3311.0,17547580.0
SDCC,2026-06-30,760.0,8970725.0
NTLC,2026-05-29,1966.0,25140980.0
PALC,2026-05-29,776.0,6121755.0
SPHC,2026-05-29,3318.0,23164705.0
SMBC,2026-05-29,1204.0,16041495.0
TTLC,2026-05-29,1082.0,3108130.0
TTLS,2026-05-29,5011.0,16573860.0
ECOC,2026-05-29,884.0,14465820.0
SGBC,2026-05-29,3020.0,109149490.0
SIBC,2026-05-29,2161.0,17559615.0
ONTBF,2026-05-29,9891.0,28590810.0
ORAC,2026-05-29,5331.0,83860920.0
SNTS,2026-05-29,7613.0,216189200.0
SCRC,2026-05-29,20608.0,56347960.0
SICC,2026-05-29,4.0,17120.0
SLBC,2026-05-29,473.0,18334155.0
SOGC,2026-05-29,5438.0,39988690.0
STBC,2026-05-29,4448.0,93490650.0
UNLC,2026-05-29,21.0,1233885.0
ABJC,2026-05-29,7203.0,22023775.0
BNBC,2026-05-29,815.0,1297115.0
CFAC,2026-05-29,1483.0,2197210.0
LNBB,2026-05-29,2532.0,9660065.0
NEIC,2026-05-29,1247.0,2445220.0
PRSC,2026-05-29,410.0,1763820.0
UNXC,2026-05-29,10475.0,18662865.0
SHEC,2026-05-29,3969.0,7534270.0
BICB,2026-05-29,2085.0,10916220.0
BICC,2026-05-29,288.0,8065460.0
BOAB,2026-05-29,2975.0,26529905.0
BOABF,2026-05-29,1147.0,6418610.0
BOAC,2026-05-29,19047.0,168459750.0
BOAM,2026-05-29,7833.0,40647720.0
BOAN,2026-05-29,4089.0,15178090.0
BOAS,2026-05-29,6128.0,46061820.0
CBIBF,2026-05-29,2553.0,57384625.0
ETIT,2026-05-29,663118.0,19827408.0
NSBC,2026-05-29,2056.0,36981290.0
ORGT,2026-05-29,4092.0,11015450.0
SAFC,2026-05-29,1895.0,6816545.0
CABC,2026-05-29,3177.0,11267920.0
FTSC,2026-05-29,2004.0,4649415.0
SDSC,2026-05-29,18204.0,32673535.0
SEMC,2026-05-29,7801.0,10861455.0
SIVC,2026-05-29,4323.0,11851700.0
STAC,2026-05-29,16155.0,45281340.0
CIEC,2026-05-29,7849.0,32213920.0
SDCC,2026-05-29,575.0,6317220.0
NTLC,2026-04-30,157.0,1921910.0
PALC,2026-04-30,3082.0,22589280.0
SPHC,2026-04-30,4069.0,27675115.0
SMBC,2026-04-30,442.0,5147355.0
TTLC,2026-04-30,1147.0,3149410.0
TTLS,2026-04-30,1045.0,3395310.0
ECOC,2026-04-30,4420.0,71981280.0
SGBC,2026-04-30,13522.0,427795315.0
SIBC,2026-04-30,2229.0,15660645.0
ONTBF,2026-04-30,221.0,609165.0
ORAC,2026-04-30,85.0,1272060.0
SNTS,2026-04-30,5534.0,158814515.0
SCRC,2026-04-30,2822.0,5620555.0
SICC,2026-04-30,14.0,60060.0
SLBC,2026-04-30,107.0,3842200.0
SOGC,2026-04-30,6510.0,46231635.0
STBC,2026-04-30,2388.0,47270000.0
UNLC,2026-04-30,8.0,496500.0
ABJC,2026-04-30,7513.0,23479055.0
BNBC,2026-04-30,216.0,338015.0
CFAC,2026-04-30,1026.0,1484150.0
LNBB,2026-04-30,1016.0,3911600.0
NEIC,2026-04-30,2940.0,5605275.0
PRSC,2026-04-30,349.0,1638455.0
UNXC,2026-04-30,3013.0,5715980.0
SHEC,2026-04-30,964.0,1885490.0
BICB,2026-04-30,958.0,5084710.0
BICC,2026-04-30,411.0,10217670.0
BOAB,2026-04-30,2258.0,20144595.0
BOABF,2026-04-30,1822.0,10222270.0
BOAC,2026-04-30,7759.0,71251420.0
BOAM,2026-04-30,3114.0,14544545.0
BOAN,2026-04-30,8197.0,29680700.0
BOAS,2026-04-30,6792.0,47569610.0
CBIBF,2026-04-30,166.0,2632000.0
ETIT,2026-04-30,329063.0,9742178.0
NSBC,2026-04-30,271.0,3758820.0
ORGT,2026-04-30,1373.0,4467045.0
SAFC,2026-04-30,3947.0,14274830.0
CABC,2026-04-30,10.0,36000.0
FTSC,2026-04-30,1308.0,2860875.0
SDSC,2026-04-30,4838.0,8609410.0
SEMC,2026-04-30,1047.0,1673935.0
SIVC,2026-04-30,1017.0,2808455.0
STAC,2026-04-30,240.0,745600.0
CIEC,2026-04-30,2349.0,7759760.0
SDCC,2026-04-30,364.0,3268715.0
NTLC,2026-03-31,155.0,1969310.0
PALC,2026-03-31,2031.0,16385040.0
SPHC,2026-03-31,5575.0,39180125.0
SMBC,2026-03-31,683.0,8469650.0
TTLC,2026-03-31,11807.0,33268980.0
TTLS,2026-03-31,4167.0,13708390.0
ECOC,2026-03-31,2932.0,48678010.0
SGBC,2026-03-31,2134.0,73821925.0
SIBC,2026-03-31,22486.0,155298750.0
ONTBF,2026-03-31,3626.0,10670965.0
ORAC,2026-03-31,499.0,7450100.0
SNTS,2026-03-31,3397.0,96966475.0
SCRC,2026-03-31,14205.0,22477155.0
SICC,2026-03-31,106.0,425550.0
SLBC,2026-03-31,2047.0,79500970.0
SOGC,2026-03-31,5008.0,39756620.0
STBC,2026-03-31,1378.0,29798950.0
UNLC,2026-03-31,35.0,2050865.0
ABJC,2026-03-31,7431.0,27028555.0
BNBC,2026-03-31,394.0,627905.0
CFAC,2026-03-31,1727.0,2792910.0
LNBB,2026-03-31,685.0,2624680.0
NEIC,2026-03-31,986.0,1398460.0
PRSC,2026-03-31,1321.0,6360220.0
UNXC,2026-03-31,16780.0,33802740.0
SHEC,2026-03-31,2734.0,5986900.0
BICB,2026-03-31,785.0,4003860.0
BICC,2026-03-31,363.0,9142580.0
BOAB,2026-03-31,5301.0,39608545.0
BOABF,2026-03-31,5524.0,30512925.0
BOAC,2026-03-31,91494.0,745853970.0
BOAM,2026-03-31,9490.0,43839315.0
BOAN,2026-03-31,3969.0,10466855.0
BOAS,2026-03-31,10438.0,68626095.0
CBIBF,2026-03-31,258.0,3567675.0
ETIT,2026-03-31,372810.0,12159206.0
NSBC,2026-03-31,4403.0,63147140.0
ORGT,2026-03-31,2219.0,8140165.0
SAFC,2026-03-31,5761.0,40202545.0
CABC,2026-03-31,10273.0,33651410.0
FTSC,2026-03-31,206.0,483160.0
SDSC,2026-03-31,4642.0,8838140.0
SEMC,2026-03-31,5474.0,10938155.0
SIVC,2026-03-31,4727.0,13787680.0
STAC,2026-03-31,6336.0,17027925.0
CIEC,2026-03-31,4494.0,15288070.0
SDCC,2026-03-31,5328.0,40639685.0
NTLC,2026-02-27,278.0,3482355.0
PALC,2026-02-27,2337.0,21055390.0
SPHC,2026-02-27,1297.0,10841800.0
SMBC,2026-02-27,1213.0,16090945.0
TTLC,2026-02-27,5513.0,15301925.0
TTLS,2026-02-27,1152.0,3232850.0
ECOC,2026-02-27,7184.0,121666315.0
SGBC,2026-02-27,1352.0,50532435.0
SIBC,2026-02-27,8590.0,58883715.0
ONTBF,2026-02-27,1864.0,5137090.0
ORAC,2026-02-27,2583.0,40669555.0
SNTS,2026-02-27,16082.0,468578320.0
SCRC,2026-02-27,5420.0,8739005.0
SICC,2026-02-27,18.0,74705.0
SLBC,2026-02-27,279.0,12266025.0
SOGC,2026-02-27,3223.0,28018105.0
STBC,2026-02-27,880.0,18869290.0
UNLC,2026-02-27,178.0,13259480.0
ABJC,2026-02-27,1717.0,6427885.0
BNBC,2026-02-27,1998.0,3175730.0
CFAC,2026-02-27,21570.0,38088315.0
LNBB,2026-02-27,559.0,2144115.0
NEIC,2026-02-27,3009.0,4357695.0
PRSC,2026-02-27,708.0,3245410.0
UNXC,2026-02-27,8538.0,20168275.0
SHEC,2026-02-27,10893.0,21829910.0
BICB,2026-02-27,2703.0,14039770.0
BICC,2026-02-27,1289.0,32288965.0
BOAB,2026-02-27,2280.0,15777985.0
BOABF,2026-02-27,1327.0,6353915.0
BOAC,2026-02-27,31361.0,247834105.0
BOAM,2026-02-27,12363.0,55809550.0
BOAN,2026-02-27,19456.0,54669800.0
BOAS,2026-02-27,2975.0,19557035.0
CBIBF,2026-02-27,1357.0,19203950.0
ETIT,2026-02-27,2049372.0,63223516.0
NSBC,2026-02-27,1074.0,15807940.0
ORGT,2026-02-27,8046.0,26382670.0
SAFC,2026-02-27,10168.0,62864470.0
CABC,2026-02-27,825.0,3154950.0
FTSC,2026-02-27,4598.0,10796080.0
SDSC,2026-02-27,5951.0,12903015.0
SEMC,2026-02-27,16615.0,37780755.0
SIVC,2026-02-27,14177.0,40571290.0
STAC,2026-02-27,3977.0,7816705.0
CIEC,2026-02-27,3097.0,9753595.0
SDCC,2026-02-27,3313.0,24559980.0
NTLC,2026-01-30,1584.0,17670660.0
PALC,2026-01-30,961.0,7900000.0
SPHC,2026-01-30,1655.0,12689540.0
SMBC,2026-01-30,1103.0,12007300.0
TTLC,2026-01-30,2334.0,5580465.0
TTLS,2026-01-30,1367.0,3551670.0
ECOC,2026-01-30,2856.0,48641610.0
SGBC,2026-01-30,2149.0,66765070.0
SIBC,2026-01-30,2081.0,13009810.0
ONTBF,2026-01-30,2027.0,5499890.0
ORAC,2026-01-30,556.0,8049115.0
SNTS,2026-01-30,1797.0,48404555.0
SCRC,2026-01-30,1809.0,2213355.0
SICC,2026-01-30,14.0,53350.0
SLBC,2026-01-30,1866.0,52287310.0
SOGC,2026-01-30,669.0,5320405.0
STBC,2026-01-30,1004.0,22079630.0
UNLC,2026-01-30,1.0,46400.0
ABJC,2026-01-30,14046.0,42145830.0
BNBC,2026-01-30,4482.0,6286715.0
CFAC,2026-01-30,2935.0,4415485.0
LNBB,2026-01-30,3709.0,14135535.0
NEIC,2026-01-30,1213.0,1455055.0
PRSC,2026-01-30,810.0,3577745.0
UNXC,2026-01-30,4296.0,6851935.0
SHEC,2026-01-30,7609.0,12308165.0
BICB,2026-01-30,13683.0,67535345.0
BICC,2026-01-30,2486.0,47793460.0
BOAB,2026-01-30,3665.0,25642700.0
BOABF,2026-01-30,7230.0,33446895.0
BOAC,2026-01-30,8817.0,63416955.0
BOAM,2026-01-30,1817.0,7951985.0
BOAN,2026-01-30,3001.0,7844605.0
BOAS,2026-01-30,2260.0,12976440.0
CBIBF,2026-01-30,189.0,2248700.0
ETIT,2026-01-30,9748199.0,224948676.0
NSBC,2026-01-30,336.0,4160740.0
ORGT,2026-01-30,13203.0,35886935.0
SAFC,2026-01-30,4124.0,15782860.0
CABC,2026-01-30,693.0,2043900.0
FTSC,2026-01-30,3880.0,8173465.0
SDSC,2026-01-30,14310.0,23542425.0
SEMC,2026-01-30,1436.0,2283240.0
SIVC,2026-01-30,8184.0,17422605.0
STAC,2026-01-30,1516.0,1918520.0
CIEC,2026-01-30,2548.0,6838620.0
SDCC,2026-01-30,358.0,2213265.0
NTLC,2025-12-31,297.0,3177410.0
PALC,2025-12-31,4628.0,37615975.0
TTLC,2025-12-31,882.0,2061095.0
TTLS,2025-12-31,320.0,797500.0
ECOC,2025-12-31,589.0,9407150.0
NSBC,2025-12-31,2978.0,33756245.0
SGBC,2025-12-31,495.0,14741195.0
ONTBF,2025-12-31,313.0,778200.0
ORAC,2025-12-31,1783.0,25433890.0
SNTS,2025-12-31,12627.0,320887590.0
SCRC,2025-12-31,979.0,1036510.0
SICC,2025-12-31,31.0,102500.0
SLBC,2025-12-31,79.0,2283100.0
SOGC,2025-12-31,8949.0,69488155.0
SPHC,2025-12-31,3407.0,26641265.0
STBC,2025-12-31,4417.0,86224515.0
UNLC,2025-12-31,1.0,34225.0
ABJC,2025-12-31,1806.0,5347600.0
BNBC,2025-12-31,228.0,321280.0
CFAC,2025-12-31,1284.0,1843130.0
LNBB,2025-12-31,164.0,710905.0
NEIC,2025-12-31,4986.0,5854925.0
PRSC,2025-12-31,544.0,2067855.0
UNXC,2025-12-31,2066.0,2898600.0
SHEC,2025-12-31,2042.0,2957635.0
SMBC,2025-12-31,102.0,973055.0
BICB,2025-12-31,1634.0,8113400.0
BICC,2025-12-31,703.0,13661995.0
BOAB,2025-12-31,1165.0,6796385.0
BOABF,2025-12-31,4727.0,17770965.0
BOAC,2025-12-31,1637.0,11755350.0
BOAM,2025-12-31,7291.0,28223255.0
BOAN,2025-12-31,1476.0,3830590.0
BOAS,2025-12-31,3468.0,18161910.0
CBIBF,2025-12-31,233.0,2520265.0
ETIT,2025-12-31,102648.0,2350904.0
ORGT,2025-12-31,97.0,232800.0
SAFC,2025-12-31,831.0,2766875.0
SIBC,2025-12-31,2504.0,14277785.0
CABC,2025-12-31,50.0,117985.0
FTSC,2025-12-31,1823.0,4063315.0
SDSC,2025-12-31,8286.0,12511920.0
SIVC,2025-12-31,11592.0,17945320.0
STAC,2025-12-31,2632.0,3491035.0
CIEC,2025-12-31,29489.0,64925375.0
SDCC,2025-12-31,989.0,5735700.0
NTLC,2025-11-28,317.0,3595360.0
PALC,2025-11-28,795.0,6351325.0
TTLC,2025-11-28,1211.0,2813910.0
TTLS,2025-11-28,321.0,803270.0
ECOC,2025-11-28,1035.0,16680985.0
NSBC,2025-11-28,874.0,10384350.0
SGBC,2025-11-28,3625.0,96123275.0
ONTBF,2025-11-28,5466.0,13634395.0
ORAC,2025-11-28,2097.0,32507915.0
SNTS,2025-11-28,1665.0,42444915.0
SCRC,2025-11-28,9129.0,9049850.0
SLBC,2025-11-28,146.0,4009400.0
SOGC,2025-11-28,1044.0,8278900.0
SPHC,2025-11-28,2549.0,20535160.0
STBC,2025-11-28,1511.0,29451040.0
ABJC,2025-11-28,2831.0,7075850.0
BNBC,2025-11-28,1462.0,2004140.0
CFAC,2025-11-28,3833.0,6469240.0
LNBB,2025-11-28,874.0,3305700.0
NEIC,2025-11-28,857.0,788845.0
PRSC,2025-11-28,449.0,1760760.0
UNXC,2025-11-28,8896.0,12888755.0
SHEC,2025-11-28,2454.0,3748485.0
SMBC,2025-11-28,494.0,4690490.0
BICB,2025-11-28,2790.0,13883680.0
BICC,2025-11-28,592.0,11566725.0
BOAB,2025-11-28,1958.0,10238395.0
BOABF,2025-11-28,839.0,3208865.0
BOAC,2025-11-28,893.0,6435385.0
BOAM,2025-11-28,3052.0,12198330.0
BOAN,2025-11-28,971.0,2425785.0
BOAS,2025-11-28,1454.0,8009025.0
CBIBF,2025-11-28,120.0,1299350.0
ETIT,2025-11-28,3261595.0,71765515.0
ORGT,2025-11-28,3896.0,9611625.0
SAFC,2025-11-28,900.0,2825960.0
SIBC,2025-11-28,2965.0,16986135.0
CABC,2025-11-28,779.0,1708185.0
FTSC,2025-11-28,10104.0,22119920.0
SDSC,2025-11-28,7438.0,10836040.0
SIVC,2025-11-28,3076.0,2205230.0
STAC,2025-11-28,2152.0,2268030.0
CIEC,2025-11-28,2578.0,6434285.0
SDCC,2025-11-28,287.0,1730015.0
NTLC,2025-10-31,448.0,6321280.0
PALC,2025-10-31,9605.0,76395170.0
TTLC,2025-10-31,8270.0,19598885.0
TTLS,2025-10-31,965.0,2399210.0
ECOC,2025-10-31,687.0,10352005.0
NSBC,2025-10-31,1764.0,21264570.0
SGBC,2025-10-31,561.0,15561570.0
ONTBF,2025-10-31,5395.0,13013995.0
ORAC,2025-10-31,852.0,12297450.0
SNTS,2025-10-31,2923.0,76645415.0
SCRC,2025-10-31,11250.0,14881745.0
SICC,2025-10-31,10.0,35000.0
SLBC,2025-10-31,20973.0,472741705.0
SOGC,2025-10-31,25599.0,197287620.0
SPHC,2025-10-31,35414.0,273467180.0
STBC,2025-10-31,3717.0,71912890.0
ABJC,2025-10-31,2279.0,5308675.0
BNBC,2025-10-31,1331.0,2609875.0
CFAC,2025-10-31,6118.0,14147080.0
LNBB,2025-10-31,212.0,825585.0
NEIC,2025-10-31,20917.0,16240815.0
PRSC,2025-10-31,8175.0,36336990.0
UNXC,2025-10-31,92094.0,160661485.0
SHEC,2025-10-31,2289.0,2746550.0
SMBC,2025-10-31,1085.0,10653620.0
BICB,2025-10-31,8332.0,42584415.0
BICC,2025-10-31,843.0,16191045.0
BOAB,2025-10-31,1282.0,6287250.0
BOABF,2025-10-31,8833.0,31103290.0
BOAC,2025-10-31,5180.0,36996495.0
BOAM,2025-10-31,12747.0,48046355.0
BOAN,2025-10-31,16642.0,43003380.0
BOAS,2025-10-31,2231.0,12327680.0
CBIBF,2025-10-31,1435.0,14236910.0
ETIT,2025-10-31,656938.0,14430336.0
ORGT,2025-10-31,2572.0,6521455.0
SAFC,2025-10-31,11333.0,38282530.0
SIBC,2025-10-31,5394.0,30945035.0
CABC,2025-10-31,624.0,1133175.0
FTSC,2025-10-31,15458.0,37276340.0
SDSC,2025-10-31,52600.0,76362865.0
SIVC,2025-10-31,5019.0,3423300.0
STAC,2025-10-31,2906.0,3493240.0
CIEC,2025-10-31,4395.0,11354480.0
SDCC,2025-10-31,340.0,2084540.0
NTLC,2025-09-30,890.0,11580145.0
PALC,2025-09-30,4651.0,42800030.0
TTLC,2025-09-30,2829.0,6886025.0
TTLS,2025-09-30,4673.0,11391430.0
ECOC,2025-09-30,1675.0,21060030.0
NSBC,2025-09-30,865.0,9739460.0
SGBC,2025-09-30,734.0,20000630.0
ONTBF,2025-09-30,4869.0,11483345.0
ORAC,2025-09-30,843.0,12411795.0
SNTS,2025-09-30,2007.0,51636715.0
SCRC,2025-09-30,6321.0,7469525.0
SICC,2025-09-30,9.0,31380.0
SLBC,2025-09-30,417.0,7463950.0
SOGC,2025-09-30,10972.0,94177255.0
SPHC,2025-09-30,2897.0,22734690.0
STBC,2025-09-30,3773.0,71906320.0
UNLC,2025-09-30,15.0,277500.0
ABJC,2025-09-30,1119.0,1987635.0
BNBC,2025-09-30,3440.0,5724790.0
CFAC,2025-09-30,16872.0,19922355.0
LNBB,2025-09-30,17959.0,66901175.0
NEIC,2025-09-30,1608.0,1068900.0
PRSC,2025-09-30,10646.0,25050205.0
UNXC,2025-09-30,49904.0,62547975.0
SHEC,2025-09-30,20006.0,23920980.0
SMBC,2025-09-30,117.0,1092700.0
BICB,2025-09-30,514.0,2651325.0
BICC,2025-09-30,455.0,7604150.0
BOAB,2025-09-30,4047.0,20314320.0
BOABF,2025-09-30,1185.0,4632890.0
BOAC,2025-09-30,2784.0,20577675.0
BOAM,2025-09-30,3977.0,17365620.0
BOAN,2025-09-30,3013.0,7530695.0
BOAS,2025-09-30,3680.0,20562960.0
CBIBF,2025-09-30,470.0,4627150.0
ETIT,2025-09-30,433575.0,7742154.0
ORGT,2025-09-30,27410.0,72629430.0
SAFC,2025-09-30,8533.0,12134460.0
SIBC,2025-09-30,9972.0,54948895.0
CABC,2025-09-30,230.0,330595.0
FTSC,2025-09-30,20862.0,52059535.0
SDSC,2025-09-30,2839.0,4208455.0
SIVC,2025-09-30,2523.0,1715085.0
STAC,2025-09-30,2684.0,2808205.0
CIEC,2025-09-30,2632.0,6058540.0
SDCC,2025-09-30,2601.0,14953790.0
NTLC,2025-08-29,378.0,4759880.0
PALC,2025-08-29,2037.0,17896540.0
TTLC,2025-08-29,2688.0,6858565.0
TTLS,2025-08-29,773.0,2004640.0
ECOC,2025-08-29,439.0,5250960.0
NSBC,2025-08-29,4694.0,46418330.0
SGBC,2025-08-29,1002.0,25911360.0
ONTBF,2025-08-29,3319.0,7741945.0
ORAC,2025-08-29,9584.0,143659560.0
SNTS,2025-08-29,4308.0,107708445.0
SCRC,2025-08-29,4101.0,4882175.0
SICC,2025-08-29,55.0,216490.0
SLBC,2025-08-29,104.0,1949295.0
SOGC,2025-08-29,3733.0,28452845.0
SPHC,2025-08-29,183.0,1258785.0
STBC,2025-08-29,1655.0,31437230.0
ABJC,2025-08-29,414.0,720370.0
BNBC,2025-08-29,831.0,1483900.0
CFAC,2025-08-29,13210.0,10460950.0
LNBB,2025-08-29,346.0,1505905.0
NEIC,2025-08-29,277.0,172460.0
PRSC,2025-08-29,530.0,1344820.0
UNXC,2025-08-29,13809.0,11863800.0
SHEC,2025-08-29,15021.0,17630820.0
SMBC,2025-08-29,384.0,3790320.0
BICB,2025-08-29,1854.0,9617225.0
BICC,2025-08-29,1964.0,30472690.0
BOAB,2025-08-29,854.0,3877100.0
BOABF,2025-08-29,1668.0,6312380.0
BOAC,2025-08-29,2633.0,17091195.0
BOAM,2025-08-29,4352.0,15625615.0
BOAN,2025-08-29,25296.0,65656970.0
BOAS,2025-08-29,6217.0,29264680.0
CBIBF,2025-08-29,104.0,1012850.0
ETIT,2025-08-29,52894.0,894450.0
ORGT,2025-08-29,1556.0,2646475.0
SAFC,2025-08-29,6569.0,8542965.0
SIBC,2025-08-29,6353.0,31387085.0
CABC,2025-08-29,877.0,1163360.0
FTSC,2025-08-29,9349.0,45071630.0
SDSC,2025-08-29,3444.0,4831245.0
SIVC,2025-08-29,5348.0,3183545.0
STAC,2025-08-29,1395.0,948070.0
CIEC,2025-08-29,945.0,2111965.0
SDCC,2025-08-29,229.0,1402650.0
NTLC,2025-07-31,1699.0,20470425.0
PALC,2025-07-31,2471.0,20753705.0
TTLC,2025-07-31,5410.0,13505475.0
TTLS,2025-07-31,25228.0,64326840.0
ECOC,2025-07-31,611.0,7087600.0
NSBC,2025-07-31,1447.0,13962455.0
SGBC,2025-07-31,1978.0,49955175.0
ONTBF,2025-07-31,2623.0,6143125.0
ORAC,2025-07-31,487.0,6864100.0
SNTS,2025-07-31,3170.0,79296940.0
SCRC,2025-07-31,7895.0,7967300.0
SICC,2025-07-31,20.0,64200.0
SLBC,2025-07-31,152.0,2770285.0
SOGC,2025-07-31,1937.0,14428255.0
SPHC,2025-07-31,30037.0,191173460.0
STBC,2025-07-31,2833.0,55540350.0
UNLC,2025-07-31,11.0,532130.0
ABJC,2025-07-31,15439.0,26060290.0
BNBC,2025-07-31,25.0,32275.0
CFAC,2025-07-31,983.0,646905.0
LNBB,2025-07-31,2359.0,10375480.0
NEIC,2025-07-31,453.0,269785.0
PRSC,2025-07-31,149.0,399510.0
UNXC,2025-07-31,937.0,534815.0
SHEC,2025-07-31,1890.0,1912325.0
SMBC,2025-07-31,207.0,1853640.0
BICB,2025-07-31,764.0,4067985.0
BICC,2025-07-31,510.0,8420550.0
BOAB,2025-07-31,20523.0,88253585.0
BOABF,2025-07-31,1309.0,4661920.0
BOAC,2025-07-31,2025.0,12111550.0
BOAM,2025-07-31,8848.0,29557930.0
BOAN,2025-07-31,25501.0,62612330.0
BOAS,2025-07-31,3046.0,13369940.0
CBIBF,2025-07-31,510.0,5001000.0
ETIT,2025-07-31,635808.0,10219676.0
ORGT,2025-07-31,40.0,66010.0
SAFC,2025-07-31,5529.0,4422450.0
SIBC,2025-07-31,5701.0,27702940.0
CABC,2025-07-31,2435.0,2917330.0
FTSC,2025-07-31,2294.0,11099825.0
SDSC,2025-07-31,1200.0,1687760.0
SIVC,2025-07-31,6312.0,3189570.0
STAC,2025-07-31,516.0,297345.0
CIEC,2025-07-31,2390.0,5426140.0
SDCC,2025-07-31,328.0,1966385.0
NTLC,2025-06-30,138.0,1534850.0
PALC,2025-06-30,7836.0,63582910.0
TTLC,2025-06-30,9292.0,24398040.0
TTLS,2025-06-30,1464.0,3915260.0
ECOC,2025-06-30,657.0,7411195.0
NSBC,2025-06-30,3240.0,33087415.0
SGBC,2025-06-30,1178.0,28942930.0
ONTBF,2025-06-30,2194.0,5570315.0
ORAC,2025-06-30,809.0,12317950.0
SNTS,2025-06-30,5641.0,142046390.0
SCRC,2025-06-30,8725.0,8400670.0
SICC,2025-06-30,185.0,615460.0
SLBC,2025-06-30,11.0,185015.0
SOGC,2025-06-30,6920.0,56901175.0
SPHC,2025-06-30,586.0,4217830.0
STBC,2025-06-30,893.0,16056850.0
UNLC,2025-06-30,5.0,90940.0
ABJC,2025-06-30,161.0,277920.0
BNBC,2025-06-30,756.0,911025.0
CFAC,2025-06-30,6322.0,4295620.0
LNBB,2025-06-30,311.0,1465180.0
NEIC,2025-06-30,231.0,138200.0
PRSC,2025-06-30,127.0,317700.0
UNXC,2025-06-30,18511.0,10900540.0
SHEC,2025-06-30,4117.0,4382705.0
SMBC,2025-06-30,648.0,5957040.0
BICB,2025-06-30,7468.0,37753725.0
BICC,2025-06-30,125.0,2085410.0
BOAB,2025-06-30,888.0,4019175.0
BOABF,2025-06-30,2696.0,9589285.0
BOAC,2025-06-30,1974.0,12127755.0
BOAM,2025-06-30,10665.0,30881425.0
BOAN,2025-06-30,7169.0,17846200.0
BOAS,2025-06-30,11206.0,46105710.0
CBIBF,2025-06-30,15727.0,161960975.0
ETIT,2025-06-30,651356.0,11114622.0
ORGT,2025-06-30,470.0,761230.0
SAFC,2025-06-30,536.0,372275.0
SIBC,2025-06-30,10207.0,48423770.0
CABC,2025-06-30,691.0,816880.0
FTSC,2025-06-30,11512.0,44666560.0
SDSC,2025-06-30,15350.0,21612250.0
SIVC,2025-06-30,2796.0,1495995.0
STAC,2025-06-30,705.0,394800.0
CIEC,2025-06-30,3719.0,9427045.0
SDCC,2025-06-30,1368.0,8152565.0
NTLC,2025-05-30,1953.0,20773010.0
PALC,2025-05-30,4623.0,32016170.0
TTLC,2025-05-30,20533.0,51893290.0
TTLS,2025-05-30,566.0,1421025.0
ECOC,2025-05-30,234.0,2657135.0
NSBC,2025-05-30,4195.0,35977180.0
SGBC,2025-05-30,1894.0,41614850.0
ONTBF,2025-05-30,515.0,1324660.0
ORAC,2025-05-30,541.0,8531805.0
SNTS,2025-05-30,27955.0,696176760.0
SCRC,2025-05-30,6177.0,5985835.0
SICC,2025-05-30,4.0,13400.0
SLBC,2025-05-30,33.0,534700.0
SOGC,2025-05-30,4623.0,33311100.0
SPHC,2025-05-30,3567.0,21956290.0
STBC,2025-05-30,6171.0,113762730.0
UNLC,2025-05-30,1.0,11265.0
ABJC,2025-05-30,2463.0,3907810.0
BNBC,2025-05-30,154.0,169650.0
CFAC,2025-05-30,734.0,486400.0
LNBB,2025-05-30,5078.0,24364360.0
NEIC,2025-05-30,608.0,334475.0
PRSC,2025-05-30,57.0,139080.0
UNXC,2025-05-30,4576.0,2360505.0
SHEC,2025-05-30,4125.0,3973840.0
SMBC,2025-05-30,626.0,5208735.0
BICB,2025-05-30,1938.0,10263090.0
BICC,2025-05-30,706.0,11997275.0
BOAB,2025-05-30,1697.0,7769125.0
BOABF,2025-05-30,1258.0,4537500.0
BOAC,2025-05-30,7996.0,46826790.0
BOAM,2025-05-30,20791.0,55675830.0
BOAN,2025-05-30,1329.0,3576965.0
BOAS,2025-05-30,4917.0,19857125.0
CBIBF,2025-05-30,2050.0,20192460.0
ETIT,2025-05-30,4505872.0,79999862.0
ORGT,2025-05-30,524.0,864915.0
SAFC,2025-05-30,200.0,139990.0
SIBC,2025-05-30,5526.0,26542195.0
CABC,2025-05-30,701.0,862590.0
FTSC,2025-05-30,2867.0,16184215.0
SDSC,2025-05-30,13290.0,21585305.0
SIVC,2025-05-30,893.0,487935.0
STAC,2025-05-30,5629.0,2845385.0
CIEC,2025-05-30,1797.0,4171800.0
SDCC,2025-05-30,284.0,1794100.0
NTLC,2025-04-30,34.0,339540.0
PALC,2025-04-30,7136.0,45074245.0
TTLC,2025-04-30,7759.0,26647855.0
TTLS,2025-04-30,746.0,1886170.0
ECOC,2025-04-30,279.0,2742155.0
NSBC,2025-04-30,1342.0,10736690.0
SGBC,2025-04-30,423.0,9304000.0
ONTBF,2025-04-30,386.0,963600.0
ORAC,2025-04-30,145.0,2131295.0
SNTS,2025-04-30,976.0,24405070.0
SCRC,2025-04-30,3130.0,3005745.0
SICC,2025-04-30,799.0,2628710.0
SLBC,2025-04-30,1.0,13800.0
SOGC,2025-04-30,8209.0,48746790.0
SPHC,2025-04-30,5481.0,29813825.0
STBC,2025-04-30,2422.0,23037900.0
UNLC,2025-04-30,5.0,51375.0
ABJC,2025-04-30,919.0,1618315.0
BNBC,2025-04-30,20.0,20400.0
CFAC,2025-04-30,124.0,74400.0
LNBB,2025-04-30,100.0,480000.0
NEIC,2025-04-30,300.0,178500.0
PRSC,2025-04-30,9.0,17415.0
UNXC,2025-04-30,11457.0,4788940.0
SHEC,2025-04-30,1203.0,1121940.0
SMBC,2025-04-30,3607.0,29555670.0
BICB,2025-04-30,897.0,4925890.0
BICC,2025-04-30,29.0,455050.0
BOAB,2025-04-30,2975.0,14058280.0
BOABF,2025-04-30,7037.0,22837215.0
BOAC,2025-04-30,2632.0,16012815.0
BOAM,2025-04-30,6077.0,15585745.0
BOAN,2025-04-30,9036.0,23513555.0
BOAS,2025-04-30,1543.0,6424300.0
CBIBF,2025-04-30,308.0,2971220.0
ETIT,2025-04-30,14038.0,224608.0
ORGT,2025-04-30,628.0,1080100.0
SAFC,2025-04-30,156.0,102460.0
SIBC,2025-04-30,10273.0,48306100.0
CABC,2025-04-30,13491.0,18886750.0
FTSC,2025-04-30,15499.0,50391565.0
SDSC,2025-04-30,2462.0,3339980.0
SIVC,2025-04-30,164.0,82285.0
CIEC,2025-04-30,148.0,353970.0
SDCC,2025-04-30,1227.0,7757170.0
NTLC,2025-03-28,66643.0,666420840.0
PALC,2025-03-28,7297.0,45282790.0
TTLC,2025-03-28,1712.0,5887125.0
TTLS,2025-03-28,1260.0,2994400.0
ECOC,2025-03-28,2130.0,21233430.0
NSBC,2025-03-28,4372.0,35944870.0
SGBC,2025-03-28,955.0,20875000.0
ONTBF,2025-03-28,5982.0,16240045.0
ORAC,2025-03-28,2396.0,33562055.0
SNTS,2025-03-28,5826.0,145710165.0
SCRC,2025-03-28,7641.0,7625260.0
SICC,2025-03-28,3.0,10935.0
SLBC,2025-03-28,56.0,808300.0
SOGC,2025-03-28,22046.0,115208210.0
SPHC,2025-03-28,759.0,3576645.0
STBC,2025-03-28,81.0,808430.0
UNLC,2025-03-28,5.0,32875.0
ABJC,2025-03-28,1213.0,2173995.0
BNBC,2025-03-28,62.0,62435.0
CFAC,2025-03-28,10375.0,6310080.0
LNBB,2025-03-28,10504.0,50944195.0
NEIC,2025-03-28,789.0,573955.0
PRSC,2025-03-28,32.0,64840.0
UNXC,2025-03-28,1498.0,609680.0
SHEC,2025-03-28,5613.0,5394165.0
SMBC,2025-03-28,793.0,6804635.0
BICC,2025-03-28,145.0,2319190.0
BOAB,2025-03-28,2516.0,11695925.0
BOABF,2025-03-28,24422.0,102841035.0
BOAC,2025-03-28,15374.0,93936880.0
BOAM,2025-03-28,3754.0,8967410.0
BOAN,2025-03-28,4411.0,12106060.0
BOAS,2025-03-28,4040.0,15975795.0
CBIBF,2025-03-28,1429.0,15122875.0
ETIT,2025-03-28,2811539.0,43221004.0
ORGT,2025-03-28,429.0,650730.0
SAFC,2025-03-28,5365.0,3745645.0
SIBC,2025-03-28,9194.0,40648845.0
CABC,2025-03-28,11818.0,14857585.0
FTSC,2025-03-28,6514.0,20852350.0
SDSC,2025-03-28,9490.0,12427580.0
SIVC,2025-03-28,503.0,255735.0
STAC,2025-03-28,1684.0,981060.0
CIEC,2025-03-28,26686.0,68849480.0
SDCC,2025-03-28,904.0,5930510.0
NTLC,2025-02-28,1059.0,9926440.0
PALC,2025-02-28,1168.0,7114140.0
TTLC,2025-02-28,16952.0,59752270.0
TTLS,2025-02-28,3159.0,7377785.0
ECOC,2025-02-28,217.0,1867645.0
NSBC,2025-02-28,1241.0,10716730.0
SGBC,2025-02-28,1169.0,26188740.0
ONTBF,2025-02-28,1753.0,4283755.0
ORAC,2025-02-28,355.0,6209265.0
SNTS,2025-02-28,1272.0,32602545.0
SCRC,2025-02-28,4700.0,3656370.0
SICC,2025-02-28,157.0,572265.0
SLBC,2025-02-28,154.0,2309235.0
SOGC,2025-02-28,662.0,3242870.0
SPHC,2025-02-28,1383.0,6083115.0
STBC,2025-02-28,411.0,3471900.0
ABJC,2025-02-28,29.0,53150.0
BNBC,2025-02-28,72.0,77310.0
CFAC,2025-02-28,495.0,306455.0
LNBB,2025-02-28,7928.0,39280780.0
NEIC,2025-02-28,1.0,730.0
PRSC,2025-02-28,100.0,187875.0
UNXC,2025-02-28,3172.0,1226860.0
SHEC,2025-02-28,2309.0,2083300.0
SMBC,2025-02-28,1410.0,10020245.0
BICC,2025-02-28,116.0,1854000.0
BOAB,2025-02-28,845.0,3524605.0
BOABF,2025-02-28,490.0,1687650.0
BOAC,2025-02-28,8033.0,46382310.0
BOAM,2025-02-28,616.0,1175285.0
BOAN,2025-02-28,1243.0,3483800.0
BOAS,2025-02-28,1545.0,4538015.0
CBIBF,2025-02-28,730.0,7292915.0
ETIT,2025-02-28,19081.0,292311.0
ORGT,2025-02-28,167107.0,283923780.0
SIBC,2025-02-28,1412.0,5457055.0
CABC,2025-02-28,1012.0,1114090.0
FTSC,2025-02-28,1985.0,4770750.0
SDSC,2025-02-28,4397.0,5744420.0
SIVC,2025-02-28,85.0,43350.0
STAC,2025-02-28,864.0,517305.0
CIEC,2025-02-28,785.0,1853250.0
SDCC,2025-02-28,3447.0,20746530.0
NTLC,2025-01-31,979.0,8151475.0
PALC,2025-01-31,3920.0,17759735.0
TTLC,2025-01-31,1074.0,2678880.0
TTLS,2025-01-31,1127.0,2501940.0
ECOC,2025-01-31,4252.0,35592500.0
NSBC,2025-01-31,396.0,2994070.0
SGBC,2025-01-31,1786.0,37160210.0
ONTBF,2025-01-31,5857.0,13360940.0
ORAC,2025-01-31,3361.0,58633055.0
SNTS,2025-01-31,709.0,17599005.0
LNBB,2025-01-31,11509.0,57543750.0
SCRC,2025-01-31,1792.0,1335240.0
SICC,2025-01-31,2.0,7880.0
SLBC,2025-01-31,43.0,564925.0
SOGC,2025-01-31,4341.0,19221185.0
SPHC,2025-01-31,1796.0,6711495.0
STBC,2025-01-31,421.0,3150225.0
BNBC,2025-01-31,114.0,118030.0
CFAC,2025-01-31,5456.0,3009285.0
NEIC,2025-01-31,2.0,1480.0
PRSC,2025-01-31,517.0,982120.0
UNLC,2025-01-31,1.0,6450.0
UNXC,2025-01-31,1944.0,748980.0
SHEC,2025-01-31,2599.0,2324740.0
SMBC,2025-01-31,186.0,1376215.0
BICC,2025-01-31,130.0,2080000.0
BOAB,2025-01-31,2225.0,7630610.0
BOABF,2025-01-31,3626.0,11452310.0
BOAC,2025-01-31,1831.0,8451280.0
BOAM,2025-01-31,494.0,862675.0
BOAN,2025-01-31,4678.0,10094375.0
BOAS,2025-01-31,276.0,747405.0
CBIBF,2025-01-31,164.0,1606545.0
ETIT,2025-01-31,404642.0,6070830.0
ORGT,2025-01-31,113.0,184405.0
SAFC,2025-01-31,850.0,698010.0
SIBC,2025-01-31,2422.0,8570790.0
CABC,2025-01-31,20.0,21950.0
FTSC,2025-01-31,1964.0,3718495.0
SDSC,2025-01-31,2830.0,3538730.0
SIVC,2025-01-31,81.0,38880.0
STAC,2025-01-31,268.0,121900.0
CIEC,2025-01-31,2954.0,6371690.0
SDCC,2025-01-31,1068.0,6237680.0
PALC,2024-12-31,2811.0,13957040.0
SPHC,2024-12-31,1127.0,4641135.0
TTLC,2024-12-31,3473.0,8682500.0
TTLS,2024-12-31,1204.0,2768800.0
ORGT,2024-12-31,6681.0,12747805.0
SGBC,2024-12-31,1294.0,27126000.0
NTLC,2024-12-31,2136.0,16975990.0
SMBC,2024-12-31,824.0,7377750.0
ONTBF,2024-12-31,3148.0,7155380.0
SNTS,2024-12-31,21957.0,525381670.0
SCRC,2024-12-31,3689.0,2799135.0
SICC,2024-12-31,28.0,110650.0
SOGC,2024-12-31,4453.0,20372535.0
LNBB,2024-12-31,203.0,967910.0
STAC,2024-12-31,1023.0,460550.0
ABJC,2024-12-31,56.0,106400.0
BNBC,2024-12-31,2.0,2130.0
CFAC,2024-12-31,379.0,228900.0
PRSC,2024-12-31,282.0,614200.0
SHEC,2024-12-31,11763.0,10324790.0
BICC,2024-12-31,3.0,42000.0
BOAB,2024-12-31,315.0,1156010.0
BOABF,2024-12-31,843.0,2546520.0
BOAC,2024-12-31,3962.0,19790795.0
BOAM,2024-12-31,899.0,1699575.0
BOAN,2024-12-31,546.0,1413685.0
BOAS,2024-12-31,886.0,2784625.0
CBIBF,2024-12-31,66.0,652410.0
ECOC,2024-12-31,245.0,2154400.0
ETIT,2024-12-31,519956.0,8319296.0
NSBC,2024-12-31,562.0,3983295.0
SAFC,2024-12-31,5.0,3600.0
SIBC,2024-12-31,4754.0,16863680.0
CABC,2024-12-31,1457.0,1515280.0
FTSC,2024-12-31,3385.0,6264175.0
NEIC,2024-12-31,9.0,6750.0
SIVC,2024-12-31,141.0,70500.0
SLBC,2024-12-31,28.0,362725.0
STBC,2024-12-31,486.0,3543575.0
UNXC,2024-12-31,151.0,62410.0
CIEC,2024-12-31,357.0,782645.0
ORAC,2024-12-31,8308.0,142142900.0
SDCC,2024-12-31,313.0,1779660.0
SDSC,2024-12-31,5730.0,7562400.0
